/*
Navicat MySQL Data Transfer

Source Server         : localhost
Source Server Version : 80015
Source Host           : localhost:3306
Source Database       : newzijin

Target Server Type    : MYSQL
Target Server Version : 80015
File Encoding         : 65001

Date: 2025-11-17 01:46:09
*/

SET FOREIGN_KEY_CHECKS=0;

-- ----------------------------
-- Table structure for account_balance_log
-- ----------------------------
DROP TABLE IF EXISTS `account_balance_log`;
CREATE TABLE `account_balance_log` (
  `log_id` bigint(20) NOT NULL AUTO_INCREMENT COMMENT 'з’Ғжқҝз¶ҚID',
  `account_id` bigint(20) NOT NULL COMMENT 'з’җпёҪеҹӣID',
  `elder_id` bigint(20) NOT NULL COMMENT 'й‘°дҪ·жұүID',
  `transaction_id` bigint(20) NOT NULL COMMENT 'жөңгӮҶж§—ID',
  `balance_type` char(1) NOT NULL COMMENT 'жөЈж¬“?з»«иҜІзҖ·(1йҺ¬и®із¶‘жЈ°?2йҸҲе¶…е§ҹз’җ?3йҺ¶еҘёеҷҫ 4жөјж°¬жҶіз’җ?',
  `amount_before` decimal(12,2) NOT NULL COMMENT 'йҚҷжЁәе§©йҚ“е¶„з¶‘жЈ°',
  `amount_change` decimal(12,2) NOT NULL COMMENT 'йҚҷжЁәе§©й–ІжҲҰ?',
  `amount_after` decimal(12,2) NOT NULL COMMENT 'йҚҷжЁәе§©йҚҡеәқз¶‘жЈ°',
  `change_type` char(1) NOT NULL COMMENT 'йҚҷжЁәе§©з»«иҜІзҖ·(1жҫ§зӮІе§һ 2йҚ‘еҝ“зҡҜ)',
  `business_type` char(1) NOT NULL COMMENT 'ж¶“ж°¬е§ҹз»«иҜІзҖ·',
  `create_time` datetime DEFAULT NULL COMMENT 'йҚ’ж¶ҳзј“йҸғе •жЈҝ',
  PRIMARY KEY (`log_id`),
  KEY `idx_account_id` (`account_id`),
  KEY `idx_transaction_id` (`transaction_id`),
  KEY `idx_create_time` (`create_time`)
) ENGINE=InnoDB DEFAULT CHARSET=utf8mb4 COLLATE=utf8mb4_general_ci COMMENT='з’җпёҪеҹӣжөЈж¬“?йҚҷжЁәе§©з’Ғжқҝз¶Қзҗӣ';

-- ----------------------------
-- Records of account_balance_log
-- ----------------------------

-- ----------------------------
-- Table structure for account_info
-- ----------------------------
DROP TABLE IF EXISTS `account_info`;
CREATE TABLE `account_info` (
  `account_id` bigint(20) NOT NULL AUTO_INCREMENT COMMENT 'з’җпёҪеҹӣID',
  `elder_id` bigint(20) NOT NULL COMMENT 'й‘°дҪ·жұүID',
  `institution_id` bigint(20) NOT NULL COMMENT 'йҸҲзғҳзҖҜID',
  `account_no` varchar(50) NOT NULL COMMENT 'з’җпёҪеҹӣзјӮж §еҪҝ',
  `account_name` varchar(100) NOT NULL COMMENT 'з’җпёҪеҹӣйҚҡе¶ҮРһ',
  `account_status` char(1) DEFAULT '1' COMMENT 'з’җпёҪеҹӣйҗҳиҲө?(0йҚҗиҚӨзІЁ 1е§қпҪ…зҲ¶ 2й–ҝ?еҹӣ)',
  `total_balance` decimal(12,2) DEFAULT '0.00' COMMENT 'йҺ¬и®із¶‘жЈ°',
  `service_balance` decimal(12,2) DEFAULT '0.00' COMMENT 'йҸҲе¶…е§ҹз’җйҖӣз¶‘жЈ°',
  `deposit_balance` decimal(12,2) DEFAULT '0.00' COMMENT 'йҺ¶еҘёеҷҫжөЈж¬“?',
  `member_balance` decimal(12,2) DEFAULT '0.00' COMMENT 'жөјж°¬жҶіз’җйҖӣз¶‘жЈ°',
  `create_by` varchar(64) DEFAULT '' COMMENT 'йҚ’ж¶ҳзј“й‘°',
  `create_time` datetime DEFAULT NULL COMMENT 'йҚ’ж¶ҳзј“йҸғе •жЈҝ',
  `update_by` varchar(64) DEFAULT '' COMMENT 'йҸҮеӯҳжҹҠй‘°',
  `update_time` datetime DEFAULT NULL COMMENT 'йҸҮеӯҳжҹҠйҸғе •жЈҝ',
  `remark` varchar(500) DEFAULT NULL COMMENT 'жҫ¶еӣЁж•һ',
  PRIMARY KEY (`account_id`),
  UNIQUE KEY `uk_account_no` (`account_no`),
  KEY `idx_elder_id` (`elder_id`),
  KEY `idx_institution_id` (`institution_id`)
) ENGINE=InnoDB DEFAULT CHARSET=utf8mb4 COLLATE=utf8mb4_general_ci COMMENT='й‘°дҪ·жұүз’җпёҪеҹӣж·Үв„ғдј…зҗӣ';

-- ----------------------------
-- Records of account_info
-- ----------------------------

-- ----------------------------
-- Table structure for balance_warning
-- ----------------------------
DROP TABLE IF EXISTS `balance_warning`;
CREATE TABLE `balance_warning` (
  `warning_id` bigint(20) NOT NULL AUTO_INCREMENT COMMENT 'жЈ°еӢ®?ID',
  `warning_no` varchar(50) NOT NULL COMMENT 'жЈ°еӢ®?зјӮж §еҪҝ',
  `account_id` bigint(20) NOT NULL COMMENT 'з’җпёҪеҹӣID',
  `elder_id` bigint(20) NOT NULL COMMENT 'й‘°дҪ·жұүID',
  `institution_id` bigint(20) NOT NULL COMMENT 'йҸҲзғҳзҖҜID',
  `warning_type` char(1) DEFAULT '1' COMMENT 'жЈ°еӢ®?з»ӣеӨҢйӘҮ 1-йҺ»ж„®гҒҡ 2-з’Җп№ҖжҶЎ 3-ж¶“гғ©еҷё',
  `current_balance` decimal(15,2) DEFAULT '0.00' COMMENT 'иӨ°ж’іеў жөЈж¬“?',
  `available_months` int(11) DEFAULT '0' COMMENT 'йҚҷ?ж•ӨйҸҲе ҹжҡҹ',
  `monthly_fee` decimal(10,2) DEFAULT '0.00' COMMENT 'йҸҲе ЈеһӮйҸҚеӣ§еҷҜ',
  `warning_reason` varchar(500) DEFAULT NULL COMMENT 'жЈ°еӢ®?йҚҳзҶ·жҙң',
  `suggestion` varchar(500) DEFAULT NULL COMMENT 'еҜӨйёҝ?йҺә?жҹҰ',
  `warning_status` char(1) DEFAULT '0' COMMENT 'жЈ°еӢ®?йҗҳиҲө? 0-йҸҲ??йҗһ?1-е®ёжҸ’?йҗһ?2-е®ёжҸ’жӢ·йҗЈ',
  `handle_time` datetime DEFAULT NULL COMMENT 'жҫ¶еӢӯжӮҠйҸғе •жЈҝ',
  `handler` varchar(64) DEFAULT NULL COMMENT 'жҫ¶еӢӯжӮҠжөң',
  `handle_remark` varchar(500) DEFAULT NULL COMMENT 'жҫ¶еӢӯжӮҠжҫ¶еӣЁж•һ',
  `is_notified` char(1) DEFAULT '0' COMMENT 'йҸ„?жғҒе®ёжҹҘ?йҗӯ?0-йҸҲ??йҗӯ?1-е®ёжҹҘ?йҗӯ',
  `notify_time` datetime DEFAULT NULL COMMENT 'й–«ж°ұз…ЎйҸғе •жЈҝ',
  `notify_method` varchar(100) DEFAULT NULL COMMENT 'й–«ж°ұз…ЎйҸӮз‘°зҙЎ',
  `remark` varchar(500) DEFAULT NULL COMMENT 'жҫ¶еӣЁж•һ',
  `create_by` varchar(64) DEFAULT '' COMMENT 'йҚ’ж¶ҳзј“й‘°',
  `create_time` datetime DEFAULT CURRENT_TIMESTAMP COMMENT 'йҚ’ж¶ҳзј“йҸғе •жЈҝ',
  `update_by` varchar(64) DEFAULT '' COMMENT 'йҸҮеӯҳжҹҠй‘°',
  `update_time` datetime DEFAULT CURRENT_TIMESTAMP ON UPDATE CURRENT_TIMESTAMP COMMENT 'йҸҮеӯҳжҹҠйҸғе •жЈҝ',
  PRIMARY KEY (`warning_id`),
  UNIQUE KEY `uk_warning_no` (`warning_no`),
  KEY `idx_warning_account` (`account_id`),
  KEY `idx_warning_elder` (`elder_id`),
  KEY `idx_warning_institution` (`institution_id`),
  KEY `idx_warning_type` (`warning_type`),
  KEY `idx_warning_status` (`warning_status`),
  KEY `idx_create_time` (`create_time`)
) ENGINE=InnoDB AUTO_INCREMENT=4 DEFAULT CHARSET=utf8mb4 COLLATE=utf8mb4_general_ci COMMENT='жөЈж¬“?жЈ°еӢ®?з’Ғжқҝз¶Қзҗӣ';

-- ----------------------------
-- Records of balance_warning
-- ----------------------------
INSERT INTO `balance_warning` VALUES ('1', 'WAR001', '2', '2', '1', '3', '13700.00', '4', '2800.00', 'Low balance warning', 'Recharge needed soon', '0', null, null, null, '0', null, null, 'Critical Warning', '', '2025-10-29 03:25:58', '', '2025-10-29 03:25:58');
INSERT INTO `balance_warning` VALUES ('2', 'WAR002', '1', '1', '1', '2', '22000.00', '7', '3000.00', 'Medium balance', 'Monitor balance trend', '0', null, null, null, '0', null, null, 'Warning Level', '', '2025-10-29 03:25:58', '', '2025-10-29 03:25:58');
INSERT INTO `balance_warning` VALUES ('3', 'WAR003', '3', '3', '1', '1', '17000.00', '4', '3500.00', 'Normal balance', 'Watch balance changes', '0', null, null, null, '0', null, null, 'Info Level', '', '2025-10-29 03:25:58', '', '2025-10-29 03:25:58');

-- ----------------------------
-- Table structure for bed_allocation
-- ----------------------------
DROP TABLE IF EXISTS `bed_allocation`;
CREATE TABLE `bed_allocation` (
  `allocation_id` bigint(20) NOT NULL AUTO_INCREMENT COMMENT 'еҲҶй…Қи®°еҪ•ID',
  `elder_id` bigint(20) NOT NULL COMMENT 'иҖҒдәәID',
  `bed_id` bigint(20) NOT NULL COMMENT 'еәҠдҪҚID',
  `institution_id` bigint(20) NOT NULL COMMENT 'жңәжһ„ID',
  `check_in_date` date NOT NULL COMMENT 'е…ҘдҪҸж—Ҙжңҹ',
  `due_date` date DEFAULT NULL COMMENT 'еҲ°жңҹж—Ҙжңҹ',
  `check_out_date` date DEFAULT NULL COMMENT 'йҖҖдҪҸж—Ҙжңҹ',
  `allocation_status` char(1) DEFAULT '1' COMMENT 'еҲҶй…ҚзҠ¶жҖҒ(1еңЁдҪҸ 2е·ІйҖҖдҪҸ)',
  `monthly_fee` decimal(10,2) DEFAULT NULL COMMENT 'жңҲиҙ№з”Ё(е…ғ)',
  `deposit_status` char(1) DEFAULT '0' COMMENT 'жҠјйҮ‘зҠ¶жҖҒ(0жңӘж”Ҝд»ҳ 1е·Іж”Ҝд»ҳ 2е·ІйҖҖиҝҳ)',
  `deposit_amount` decimal(10,2) DEFAULT NULL COMMENT 'жҠјйҮ‘йҮ‘йўқ(е…ғ)',
  `create_by` varchar(64) DEFAULT '' COMMENT 'еҲӣе»әиҖ…',
  `create_time` datetime DEFAULT NULL COMMENT 'еҲӣе»әж—¶й—ҙ',
  `update_by` varchar(64) DEFAULT '' COMMENT 'жӣҙж–°иҖ…',
  `update_time` datetime DEFAULT NULL COMMENT 'жӣҙж–°ж—¶й—ҙ',
  `remark` varchar(500) DEFAULT NULL COMMENT 'еӨҮжіЁ',
  PRIMARY KEY (`allocation_id`),
  KEY `idx_elder_id` (`elder_id`),
  KEY `idx_bed_id` (`bed_id`),
  KEY `idx_institution_id` (`institution_id`),
  KEY `idx_check_in_date` (`check_in_date`),
  CONSTRAINT `fk_allocation_bed` FOREIGN KEY (`bed_id`) REFERENCES `bed_info` (`bed_id`) ON DELETE CASCADE,
  CONSTRAINT `fk_allocation_elder` FOREIGN KEY (`elder_id`) REFERENCES `elder_info` (`elder_id`) ON DELETE CASCADE,
  CONSTRAINT `fk_allocation_institution` FOREIGN KEY (`institution_id`) REFERENCES `pension_institution` (`institution_id`) ON DELETE CASCADE
) ENGINE=InnoDB AUTO_INCREMENT=13 DEFAULT CHARSET=utf8mb4 COLLATE=utf8mb4_general_ci COMMENT='еәҠдҪҚеҲҶй…Қи®°еҪ•иЎЁ';

-- ----------------------------
-- Records of bed_allocation
-- ----------------------------
INSERT INTO `bed_allocation` VALUES ('1', '4', '4', '16', '2025-11-10', null, null, '1', '2000.00', '0', '5000.00', 'admin', '2025-11-11 15:40:37', '', null, '');
INSERT INTO `bed_allocation` VALUES ('2', '6', '5', '16', '2025-11-11', null, null, '1', '2007.00', '0', '12.00', 'admin', '2025-11-11 15:51:23', '', null, '');
INSERT INTO `bed_allocation` VALUES ('3', '7', '3', '16', '2025-11-11', '2027-06-11', null, '1', '2000.00', '0', '50000.00', 'admin', '2025-11-11 16:33:07', 'admin', '2025-11-13 01:20:24', '');
INSERT INTO `bed_allocation` VALUES ('4', '8', '1', '16', '2025-11-04', '2026-08-04', null, '0', '2000.00', '0', '50000.00', 'admin', '2025-11-11 16:48:03', '', null, '');
INSERT INTO `bed_allocation` VALUES ('5', '9', '6', '16', '2025-11-11', '2026-09-11', null, '0', '3000.00', '0', '5000.00', 'admin', '2025-11-11 23:03:42', '', null, '');
INSERT INTO `bed_allocation` VALUES ('6', '10', '7', '16', '2025-11-11', '2026-09-11', null, '0', '3000.00', '0', '2000.00', 'admin', '2025-11-11 23:21:21', '', null, 'йҳҝж–Ҝи’ӮиҠ¬йҳҝж–Ҝи’ӮиҠ¬');
INSERT INTO `bed_allocation` VALUES ('7', '11', '8', '16', '2025-11-03', '2026-11-03', null, '0', '2500.00', '0', '20000.00', 'admin', '2025-11-11 23:39:10', '', null, '');
INSERT INTO `bed_allocation` VALUES ('8', '12', '9', '16', '2025-11-11', '2026-09-11', null, '0', '2300.00', '0', '2000.00', 'admin', '2025-11-11 23:46:22', '', null, '');
INSERT INTO `bed_allocation` VALUES ('9', '13', '10', '16', '2025-11-15', '2027-02-15', null, '0', '2000.00', '0', '2000.00', 'admin', '2025-11-12 00:10:21', '', null, '');
INSERT INTO `bed_allocation` VALUES ('10', '14', '11', '16', '2025-11-12', '2026-09-12', null, '0', '2500.00', '0', '50000.00', 'admin', '2025-11-12 00:13:19', '', null, '');
INSERT INTO `bed_allocation` VALUES ('11', '15', '12', '16', '2025-11-12', '2026-12-12', null, '0', '2000.00', '0', '20000.00', 'admin', '2025-11-12 00:19:09', 'admin', '2025-11-12 12:28:03', '');
INSERT INTO `bed_allocation` VALUES ('12', '16', '13', '20', '2025-11-12', '2026-06-12', null, '0', '1000.00', '0', '6000.00', 'admin', '2025-11-12 23:03:08', '', null, '');

-- ----------------------------
-- Table structure for bed_info
-- ----------------------------
DROP TABLE IF EXISTS `bed_info`;
CREATE TABLE `bed_info` (
  `bed_id` bigint(20) NOT NULL AUTO_INCREMENT COMMENT 'еәҠдҪҚID',
  `institution_id` bigint(20) NOT NULL COMMENT 'жңәжһ„ID',
  `room_number` varchar(20) NOT NULL COMMENT 'жҲҝй—ҙеҸ·',
  `bed_number` varchar(10) NOT NULL COMMENT 'еәҠдҪҚеҸ·',
  `bed_type` char(1) DEFAULT '1' COMMENT 'еәҠдҪҚзұ»еһӢ(1жҷ®йҖҡ 2иұӘеҚҺ 3еҢ»з–—)',
  `bed_status` char(1) DEFAULT '1' COMMENT 'еәҠдҪҚзҠ¶жҖҒ(0з©әзҪ® 1еҚ з”Ё 2з»ҙдҝ®)',
  `price` decimal(10,2) NOT NULL DEFAULT '0.00' COMMENT 'д»·ж ј',
  `floor_number` int(3) DEFAULT NULL COMMENT 'жҘјеұӮ',
  `room_area` decimal(8,2) DEFAULT NULL COMMENT 'жҲҝй—ҙйқўз§Ҝ(е№іж–№зұі)',
  `has_bathroom` char(1) DEFAULT '0' COMMENT 'жҳҜеҗҰжңүзӢ¬з«ӢеҚ«з”ҹй—ҙ(0еҗҰ 1жҳҜ)',
  `has_balcony` char(1) DEFAULT '0' COMMENT 'жҳҜеҗҰжңүйҳіеҸ°(0еҗҰ 1жҳҜ)',
  `facilities` varchar(1000) DEFAULT NULL COMMENT 'и®ҫж–Ҫй…ҚзҪ®',
  `create_by` varchar(64) DEFAULT '' COMMENT 'еҲӣе»әиҖ…',
  `create_time` datetime DEFAULT NULL COMMENT 'еҲӣе»әж—¶й—ҙ',
  `update_by` varchar(64) DEFAULT '' COMMENT 'жӣҙж–°иҖ…',
  `update_time` datetime DEFAULT NULL COMMENT 'жӣҙж–°ж—¶й—ҙ',
  `remark` varchar(500) DEFAULT NULL COMMENT 'еӨҮжіЁ',
  PRIMARY KEY (`bed_id`),
  UNIQUE KEY `uk_institution_room_bed` (`institution_id`,`room_number`,`bed_number`),
  KEY `idx_institution_id` (`institution_id`),
  CONSTRAINT `fk_bed_institution` FOREIGN KEY (`institution_id`) REFERENCES `pension_institution` (`institution_id`) ON DELETE CASCADE
) ENGINE=InnoDB AUTO_INCREMENT=18 DEFAULT CHARSET=utf8mb4 COLLATE=utf8mb4_general_ci COMMENT='еәҠдҪҚдҝЎжҒҜиЎЁ';

-- ----------------------------
-- Records of bed_info
-- ----------------------------
INSERT INTO `bed_info` VALUES ('1', '16', '12', '1', '1', '1', '2000.00', '2', '20.00', '1', '1', '12', '', '2025-11-11 03:04:24', '', null, null);
INSERT INTO `bed_info` VALUES ('2', '3', '45', '2', '1', '0', '2000.00', null, null, '0', '0', null, '', '2025-11-11 03:16:43', '', null, null);
INSERT INTO `bed_info` VALUES ('3', '16', '101', '01', '1', '1', '2000.00', '1', '25.00', '1', '0', 'з”өи§ҶгҖҒз©әи°ғгҖҒиЎЈжҹң', '', '2025-11-11 11:59:15', '', '2025-11-11 12:02:33', null);
INSERT INTO `bed_info` VALUES ('4', '16', '101', '2', '1', '1', '2000.00', '1', '25.00', '1', '0', 'з”өи§ҶгҖҒз©әи°ғгҖҒиЎЈжҹң', '', '2025-11-11 12:01:49', '', null, null);
INSERT INTO `bed_info` VALUES ('5', '16', '101', '3', '1', '1', '2000.00', '1', '25.00', '0', '0', 'з”өи§ҶгҖҒз©әи°ғгҖҒиЎЈжҹң', '', '2025-11-11 12:06:54', '', null, null);
INSERT INTO `bed_info` VALUES ('6', '16', '78', '789', '2', '1', '3000.00', '7', '100.00', 'Y', 'Y', null, '', '2025-11-11 23:02:07', '', null, null);
INSERT INTO `bed_info` VALUES ('7', '16', '2563', '545', '2', '1', '3000.00', '10', '120.00', 'Y', 'Y', 'йҳҝж–Ҝи’ӮиҠ¬', '', '2025-11-11 23:20:01', '', null, 'йҳҝж–Ҝи’ӮиҠ¬');
INSERT INTO `bed_info` VALUES ('8', '16', '2365', '02', '1', '1', '2500.00', '2', '20.00', 'Y', 'Y', null, '', '2025-11-11 23:37:35', '', null, null);
INSERT INTO `bed_info` VALUES ('9', '16', '45', '12', '1', '1', '2300.00', '10', '20.00', 'Y', 'Y', null, '', '2025-11-11 23:45:25', '', null, null);
INSERT INTO `bed_info` VALUES ('10', '16', '96', '6', '1', '1', '200.00', '2', '20.00', 'Y', 'Y', null, '', '2025-11-12 00:08:51', '', null, null);
INSERT INTO `bed_info` VALUES ('11', '16', '1212', '1', '1', '1', '2500.00', '2', '20.00', 'Y', 'Y', null, '', '2025-11-12 00:12:10', '', null, null);
INSERT INTO `bed_info` VALUES ('12', '16', '63', '20', '1', '1', '2000.00', '2', '20.00', 'Y', 'N', null, '', '2025-11-12 00:17:46', '', '2025-11-12 00:17:59', null);
INSERT INTO `bed_info` VALUES ('13', '20', '105', '56', '1', '1', '1000.00', null, null, '0', '0', null, '', '2025-11-12 22:47:36', '', null, null);
INSERT INTO `bed_info` VALUES ('14', '20', '632', '23', '1', '0', '230.00', null, null, 'Y', 'Y', null, '', '2025-11-12 22:59:57', '', null, null);
INSERT INTO `bed_info` VALUES ('15', '16', '87978', '632', '1', '0', '620.00', null, null, '0', '0', null, '', '2025-11-12 23:00:24', '', null, null);
INSERT INTO `bed_info` VALUES ('16', '20', '789', '323', '1', '0', '620.00', '2', '20.00', '0', '0', null, '', '2025-11-12 23:00:46', '', null, null);
INSERT INTO `bed_info` VALUES ('17', '16', '96', '01', '1', '0', '620.00', '2', '20.00', 'Y', 'Y', null, '', '2025-11-12 23:01:28', '', null, null);

-- ----------------------------
-- Table structure for bed_type
-- ----------------------------
DROP TABLE IF EXISTS `bed_type`;
CREATE TABLE `bed_type` (
  `bed_type_id` bigint(20) NOT NULL AUTO_INCREMENT COMMENT 'жҗҙе©Ғз¶…з»«иҜІзҖ·ID',
  `institution_id` bigint(20) NOT NULL COMMENT 'йҸҲзғҳзҖҜID',
  `bed_type_name` varchar(100) NOT NULL COMMENT 'жҗҙе©Ғз¶…з»«иҜІзҖ·йҚҡе¶ҮРһ',
  `bed_fee` decimal(10,2) NOT NULL COMMENT 'жҗҙе©Ғз¶…з’җеңӯж•Ө(йҚҸ?йҸҲ?',
  `bed_count` int(11) DEFAULT NULL COMMENT 'жҗҙе©Ғз¶…йҸҒ',
  `available_count` int(11) DEFAULT NULL COMMENT 'йҚҷ?ж•Өжҗҙе©Ғз¶…йҸҒ',
  `description` varchar(500) DEFAULT NULL COMMENT 'йҺ»еҝҡе Ә',
  `create_by` varchar(64) DEFAULT '' COMMENT 'йҚ’ж¶ҳзј“й‘°',
  `create_time` datetime DEFAULT NULL COMMENT 'йҚ’ж¶ҳзј“йҸғе •жЈҝ',
  `update_by` varchar(64) DEFAULT '' COMMENT 'йҸҮеӯҳжҹҠй‘°',
  `update_time` datetime DEFAULT NULL COMMENT 'йҸҮеӯҳжҹҠйҸғе •жЈҝ',
  PRIMARY KEY (`bed_type_id`),
  KEY `idx_institution_id` (`institution_id`)
) ENGINE=InnoDB DEFAULT CHARSET=utf8mb4 COLLATE=utf8mb4_general_ci COMMENT='жҗҙе©Ғз¶…з»«иҜІзҖ·зҗӣ';

-- ----------------------------
-- Records of bed_type
-- ----------------------------

-- ----------------------------
-- Table structure for deposit_apply
-- ----------------------------
DROP TABLE IF EXISTS `deposit_apply`;
CREATE TABLE `deposit_apply` (
  `apply_id` bigint(20) NOT NULL AUTO_INCREMENT COMMENT 'з”іиҜ·ID',
  `apply_no` varchar(50) NOT NULL COMMENT 'з”іиҜ·еҚ•еҸ·',
  `elder_id` bigint(20) NOT NULL COMMENT 'иҖҒдәәID',
  `institution_id` bigint(20) NOT NULL COMMENT 'жңәжһ„ID',
  `account_id` bigint(20) DEFAULT NULL COMMENT 'иҙҰжҲ·ID',
  `apply_amount` decimal(10,2) NOT NULL COMMENT 'з”іиҜ·йҮ‘йўқ',
  `apply_reason` varchar(500) NOT NULL COMMENT 'з”іиҜ·еҺҹеӣ ',
  `apply_type` varchar(50) DEFAULT NULL COMMENT 'з”іиҜ·зұ»еһӢ',
  `urgency_level` varchar(20) DEFAULT 'дёҖиҲ¬' COMMENT 'зҙ§жҖҘзЁӢеәҰ(дёҖиҲ¬/зҙ§жҖҘ/йқһеёёзҙ§жҖҘ)',
  `purpose` varchar(200) DEFAULT NULL COMMENT 'дҪҝз”ЁдәӢз”ұ',
  `description` text COMMENT 'иҜҰз»ҶиҜҙжҳҺ',
  `expected_use_date` date DEFAULT NULL COMMENT 'жңҹжңӣдҪҝз”Ёж—Ҙжңҹ',
  `attachments` text COMMENT 'з”іиҜ·жқҗж–ҷйҷ„д»¶(JSONж јејҸеӯҳеӮЁж–Үд»¶и·Ҝеҫ„)',
  `apply_status` varchar(30) DEFAULT 'draft' COMMENT 'з”іиҜ·зҠ¶жҖҒ(draft-иҚүзЁҝ, pending_family-еҫ…е®¶еұһе®Ўжү№, family_approved-е®¶еұһе·Іе®Ўжү№, pending_supervision-еҫ…зӣ‘з®Ўе®Ўжү№, approved-е·ІйҖҡиҝҮ, rejected-е·Ій©іеӣһ, withdrawn-е·Іж’Өеӣһ)',
  `family_confirm_name` varchar(50) DEFAULT NULL COMMENT 'е®¶еұһзЎ®и®Өдәәе§“еҗҚ',
  `family_relation` varchar(20) DEFAULT NULL COMMENT 'е®¶еұһдёҺиҖҒдәәе…ізі»',
  `family_phone` varchar(20) DEFAULT NULL COMMENT 'е®¶еұһиҒ”зі»з”өиҜқ',
  `family_approve_time` datetime DEFAULT NULL COMMENT 'е®¶еұһе®Ўжү№ж—¶й—ҙ',
  `family_approve_opinion` varchar(500) DEFAULT NULL COMMENT 'е®¶еұһе®Ўжү№ж„Ҹи§Ғ',
  `approver` varchar(50) DEFAULT NULL COMMENT 'е®Ўжү№дәә',
  `approve_time` datetime DEFAULT NULL COMMENT 'е®Ўжү№ж—¶й—ҙ',
  `approve_remark` varchar(500) DEFAULT NULL COMMENT 'е®Ўжү№ж„Ҹи§Ғ',
  `actual_amount` decimal(10,2) DEFAULT NULL COMMENT 'е®һйҷ…дҪҝз”ЁйҮ‘йўқ',
  `use_time` datetime DEFAULT NULL COMMENT 'дҪҝз”Ёж—¶й—ҙ',
  `create_by` varchar(64) DEFAULT NULL COMMENT 'еҲӣе»әиҖ…',
  `create_time` datetime DEFAULT NULL COMMENT 'еҲӣе»әж—¶й—ҙ',
  `update_by` varchar(64) DEFAULT NULL COMMENT 'жӣҙж–°иҖ…',
  `update_time` datetime DEFAULT NULL COMMENT 'жӣҙж–°ж—¶й—ҙ',
  `remark` varchar(500) DEFAULT NULL COMMENT 'еӨҮжіЁ',
  PRIMARY KEY (`apply_id`),
  UNIQUE KEY `uk_apply_no` (`apply_no`),
  KEY `idx_elder_id` (`elder_id`),
  KEY `idx_institution_id` (`institution_id`),
  KEY `idx_account_id` (`account_id`),
  KEY `idx_apply_status` (`apply_status`),
  KEY `idx_create_time` (`create_time`)
) ENGINE=InnoDB AUTO_INCREMENT=8 DEFAULT CHARSET=utf8mb4 COLLATE=utf8mb4_general_ci COMMENT='жҠјйҮ‘дҪҝз”Ёз”іиҜ·иЎЁ';

-- ----------------------------
-- Records of deposit_apply
-- ----------------------------
INSERT INTO `deposit_apply` VALUES ('1', 'DEP20251029001', '1', '1', '1', '3000.00', 'иҖҒдәәзӘҒеҸ‘з–ҫз—…йңҖиҰҒзҙ§жҖҘеҢ»з–—ж•‘жІ»', 'еҢ»з–—иҙ№з”Ё', 'зҙ§жҖҘ', null, null, null, null, 'pending_family', null, null, null, null, null, null, null, null, null, null, 'admin', '2025-10-29 11:22:01', 'admin', '2025-10-29 11:22:01', 'зҙ§жҖҘеҢ»з–—иҙ№з”Ёз”іиҜ·');
INSERT INTO `deposit_apply` VALUES ('2', 'DEP20251029002', '2', '1', '2', '1500.00', 'иҙӯд№°иҪ®жӨ…зӯүеә·еӨҚеҷЁжқҗ', 'еә·еӨҚжҠӨзҗҶ', 'дёҖиҲ¬', null, null, null, null, 'withdrawn', null, null, null, null, null, null, null, null, null, null, 'admin', '2025-10-29 11:22:01', 'admin', '2025-11-13 04:04:35', 'еә·еӨҚеҷЁжқҗйҮҮиҙӯз”іиҜ·');
INSERT INTO `deposit_apply` VALUES ('3', 'DEP20251029003', '3', '1', '3', '800.00', 'еҶ¬еӯЈиЎЈзү©е’Ңз”ҹжҙ»з”Ёе“ҒйҮҮиҙӯ', 'з”ҹжҙ»з”Ёе“Ғ', 'дёҖиҲ¬', null, null, null, null, 'approved', null, null, null, null, null, 'admin', '2025-10-29 12:22:01', 'з”іиҜ·еҗҲзҗҶпјҢжү№еҮҶдҪҝз”Ё', '800.00', '2025-10-29 13:22:01', 'admin', '2025-10-29 11:22:01', 'admin', '2025-10-29 12:22:01', 'з”ҹжҙ»з”Ёе“Ғз”іиҜ·е·Іжү№еҮҶе№¶дҪҝз”Ё');
INSERT INTO `deposit_apply` VALUES ('4', 'DEP1762975954286', '16', '20', null, '3000.00', '456456465456', 'жҠјйҮ‘дҪҝз”Ё', 'дёҖиҲ¬', 'дёӘдәәзү©е“Ғиҙӯд№°', '5456456', '2025-11-19', '[{\"name\":\"е…»иҖҒжңәжһ„йў„ж”¶иҙ№иө„йҮ‘зӣ‘з®Ўе№іеҸ°еҠҹиғҪжё…еҚ•_Sheet1.png\",\"url\":\"/profile/upload/2025/11/13/е…»иҖҒжңәжһ„йў„ж”¶иҙ№иө„йҮ‘зӣ‘з®Ўе№іеҸ°еҠҹиғҪжё…еҚ•_Sheet1_20251113033218A003.png\",\"uid\":1762975938012,\"status\":\"success\"}]', 'withdrawn', null, null, null, null, null, null, null, null, null, null, 'admin', '2025-11-13 03:32:35', null, '2025-11-13 03:47:29', '546545');
INSERT INTO `deposit_apply` VALUES ('5', 'DEP1762977286219', '11', '16', null, '100.00', '564654564564654654', 'жҠјйҮ‘дҪҝз”Ё', 'дёҖиҲ¬', 'еҢ»з–—иҙ№з”Ё', 'зңӢзңӢеӣһе®¶зңӢеҘҪзңӢе°ұ ', '2025-11-29', '[{\"name\":\"logo.png\",\"url\":\"/profile/upload/2025/11/13/logo_20251113035443A001.png\",\"uid\":1762977283466,\"status\":\"success\"}]', 'pending_family', null, null, null, null, null, null, null, null, null, null, 'admin', '2025-11-13 03:54:47', null, null, null);
INSERT INTO `deposit_apply` VALUES ('6', 'DEP1762977335512', '11', '16', null, '200.00', 'йҳҝж–Ҝи’ӮиҠ¬йҳҝж–Ҝи’ӮиҠ¬йҳҝж–Ҝи’ӮиҠ¬', 'жҠјйҮ‘дҪҝз”Ё', 'дёҖиҲ¬', 'дёӘдәәзү©е“Ғиҙӯд№°', 'йҳҝж–Ҝи’ӮиҠ¬йҳҝж–Ҝи’ӮиҠ¬', '2025-11-25', '[{\"name\":\"logo.png\",\"url\":\"/profile/upload/2025/11/13/logo_20251113035533A001.png\",\"uid\":1762977333152,\"status\":\"success\"}]', 'pending_family', null, null, null, null, null, null, null, null, null, null, 'admin', '2025-11-13 03:55:36', null, null, null);
INSERT INTO `deposit_apply` VALUES ('7', 'DEP1762977550238', '11', '16', null, '200.00', 'иҙ№ж°ҙз”өиҙ№ж”¶еҲ°еҸ‘з»ҷж”¶еҲ°еҸ‘з»ҷ', 'жҠјйҮ‘дҪҝз”Ё', 'дёҖиҲ¬', 'еҢ»з–—иҙ№з”Ё', 'ж”¶еҲ°еҸ‘з»ҷж”¶еҲ°еҸ‘з»ҷж”¶еҲ°еҸ‘з»ҷ', '2025-11-24', '[{\"name\":\"е…»иҖҒжңәжһ„йў„ж”¶иҙ№иө„йҮ‘зӣ‘з®Ўе№іеҸ°еҠҹиғҪжё…еҚ•_Sheet1.png\",\"url\":\"/profile/upload/2025/11/13/е…»иҖҒжңәжһ„йў„ж”¶иҙ№иө„йҮ‘зӣ‘з®Ўе№іеҸ°еҠҹиғҪжё…еҚ•_Sheet1_20251113035904A001.png\",\"uid\":1762977544600,\"status\":\"success\"}]', 'pending_family', null, null, null, null, null, null, null, null, null, null, 'admin', '2025-11-13 03:59:10', null, null, 'ж”¶еҲ°еҸ‘з»ҷ');

-- ----------------------------
-- Table structure for elder_check_in
-- ----------------------------
DROP TABLE IF EXISTS `elder_check_in`;
CREATE TABLE `elder_check_in` (
  `check_in_id` bigint(20) NOT NULL AUTO_INCREMENT COMMENT 'е…ҘдҪҸз”іиҜ·ID',
  `elder_id` bigint(20) NOT NULL COMMENT 'иҖҒдәәID',
  `institution_id` bigint(20) NOT NULL COMMENT 'жңәжһ„ID',
  `bed_id` bigint(20) DEFAULT NULL COMMENT 'еҲҶй…Қзҡ„еәҠдҪҚID',
  `apply_date` datetime NOT NULL COMMENT 'з”іиҜ·ж—Ҙжңҹ',
  `expected_check_in_date` date NOT NULL COMMENT 'жңҹжңӣе…ҘдҪҸж—Ҙжңҹ',
  `actual_check_in_date` date DEFAULT NULL COMMENT 'е®һйҷ…е…ҘдҪҸж—Ҙжңҹ',
  `check_in_status` char(1) DEFAULT '0' COMMENT 'е…ҘдҪҸзҠ¶жҖҒ(0з”іиҜ·дёӯ 1е·Іе…ҘдҪҸ 2е·ІжӢ’з»қ 3е·ІеҸ–ж¶Ҳ)',
  `care_level` char(1) NOT NULL COMMENT 'жҠӨзҗҶзӯүзә§(1иҮӘзҗҶ 2еҚҠжҠӨзҗҶ 3е…ЁжҠӨзҗҶ)',
  `monthly_fee` decimal(10,2) NOT NULL DEFAULT '0.00' COMMENT 'жңҲиҙ№з”Ё',
  `deposit_amount` decimal(10,2) NOT NULL DEFAULT '0.00' COMMENT 'жҠјйҮ‘йҮ‘йўқ',
  `payment_method` varchar(50) DEFAULT NULL COMMENT 'ж”Ҝд»ҳж–№ејҸ',
  `interview_date` datetime DEFAULT NULL COMMENT 'йқўи°Ҳж—¶й—ҙ',
  `interview_result` varchar(500) DEFAULT NULL COMMENT 'йқўи°Ҳз»“жһң',
  `approval_user` varchar(64) DEFAULT NULL COMMENT 'е®Ўжү№дәә',
  `approval_time` datetime DEFAULT NULL COMMENT 'е®Ўжү№ж—¶й—ҙ',
  `approval_remark` varchar(500) DEFAULT NULL COMMENT 'е®Ўжү№ж„Ҹи§Ғ',
  `create_by` varchar(64) DEFAULT '' COMMENT 'еҲӣе»әиҖ…',
  `create_time` datetime DEFAULT NULL COMMENT 'еҲӣе»әж—¶й—ҙ',
  `update_by` varchar(64) DEFAULT '' COMMENT 'жӣҙж–°иҖ…',
  `update_time` datetime DEFAULT NULL COMMENT 'жӣҙж–°ж—¶й—ҙ',
  `remark` varchar(500) DEFAULT NULL COMMENT 'еӨҮжіЁ',
  PRIMARY KEY (`check_in_id`),
  KEY `idx_elder_id` (`elder_id`),
  KEY `idx_institution_id` (`institution_id`),
  KEY `idx_bed_id` (`bed_id`),
  CONSTRAINT `fk_checkin_bed` FOREIGN KEY (`bed_id`) REFERENCES `bed_info` (`bed_id`) ON DELETE SET NULL,
  CONSTRAINT `fk_checkin_elder` FOREIGN KEY (`elder_id`) REFERENCES `elder_info` (`elder_id`) ON DELETE CASCADE,
  CONSTRAINT `fk_checkin_institution` FOREIGN KEY (`institution_id`) REFERENCES `pension_institution` (`institution_id`) ON DELETE CASCADE
) ENGINE=InnoDB AUTO_INCREMENT=4 DEFAULT CHARSET=utf8mb4 COLLATE=utf8mb4_general_ci COMMENT='иҖҒдәәе…ҘдҪҸз”іиҜ·иЎЁ';

-- ----------------------------
-- Records of elder_check_in
-- ----------------------------

-- ----------------------------
-- Table structure for elder_family
-- ----------------------------
DROP TABLE IF EXISTS `elder_family`;
CREATE TABLE `elder_family` (
  `family_id` bigint(20) NOT NULL AUTO_INCREMENT COMMENT 'е®¶еұһе…ізі»ID',
  `user_id` bigint(20) NOT NULL COMMENT 'з”ЁжҲ·ID(е…іиҒ”sys_userиЎЁ)',
  `elder_id` bigint(20) NOT NULL COMMENT 'иҖҒдәәID(е…іиҒ”elder_infoиЎЁ)',
  `relation_type` char(1) NOT NULL DEFAULT '1' COMMENT 'е…ізі»зұ»еһӢ(1:еӯҗеҘі 2:й…ҚеҒ¶ 3:е…„ејҹе§җеҰ№ 4:е…¶д»–дәІеұһ 5:жңӢеҸӢ)',
  `relation_name` varchar(50) DEFAULT NULL COMMENT 'е…ізі»жҸҸиҝ°(еҰӮ:е„ҝеӯҗгҖҒеҘіе„ҝгҖҒй…ҚеҒ¶зӯү)',
  `is_default` char(1) DEFAULT '0' COMMENT 'жҳҜеҗҰй»ҳи®ӨиҖҒдәә(0:еҗҰ 1:жҳҜ)',
  `is_main_contact` char(1) DEFAULT '0' COMMENT 'жҳҜеҗҰдё»иҰҒиҒ”зі»дәә(0:еҗҰ 1:жҳҜ)',
  `status` char(1) DEFAULT '0' COMMENT 'е…іиҒ”зҠ¶жҖҒ(0:жӯЈеёё 1:е·Іи§ЈйҷӨ)',
  `create_time` datetime DEFAULT CURRENT_TIMESTAMP COMMENT 'еҲӣе»әж—¶й—ҙ',
  `update_time` datetime DEFAULT CURRENT_TIMESTAMP ON UPDATE CURRENT_TIMESTAMP COMMENT 'жӣҙж–°ж—¶й—ҙ',
  `remark` varchar(500) DEFAULT NULL COMMENT 'еӨҮжіЁ',
  PRIMARY KEY (`family_id`),
  UNIQUE KEY `uk_user_elder` (`user_id`,`elder_id`) COMMENT 'дёҖдёӘз”ЁжҲ·еҜ№дёҖдёӘиҖҒдәәеҸӘиғҪжңүдёҖжқЎе…іиҒ”и®°еҪ•',
  KEY `idx_user_id` (`user_id`) COMMENT 'з”ЁжҲ·IDзҙўеј•',
  KEY `idx_elder_id` (`elder_id`) COMMENT 'иҖҒдәәIDзҙўеј•'
) ENGINE=InnoDB AUTO_INCREMENT=4 DEFAULT CHARSET=utf8mb4 COLLATE=utf8mb4_general_ci COMMENT='з”ЁжҲ·-иҖҒдәәе…іиҒ”иЎЁ';

-- ----------------------------
-- Records of elder_family
-- ----------------------------
INSERT INTO `elder_family` VALUES ('1', '100', '4', '1', 'еҘіе„ҝ', '1', '1', '0', '2025-11-14 11:52:40', '2025-11-14 11:52:40', null);
INSERT INTO `elder_family` VALUES ('2', '100', '6', '1', 'еҘіе„ҝ', '0', '0', '0', '2025-11-14 11:52:40', '2025-11-14 11:52:40', null);
INSERT INTO `elder_family` VALUES ('3', '106', '16', '1', 'еӯҗеҘі', '1', '1', '0', '2025-11-14 16:44:55', '2025-11-14 16:44:55', '01');

-- ----------------------------
-- Table structure for elder_info
-- ----------------------------
DROP TABLE IF EXISTS `elder_info`;
CREATE TABLE `elder_info` (
  `elder_id` bigint(20) NOT NULL AUTO_INCREMENT COMMENT 'иҖҒдәәID',
  `elder_name` varchar(50) NOT NULL COMMENT 'иҖҒдәәе§“еҗҚ',
  `gender` char(1) NOT NULL COMMENT 'жҖ§еҲ«(1з”· 2еҘі)',
  `id_card` varchar(18) NOT NULL COMMENT 'иә«д»ҪиҜҒеҸ·',
  `birth_date` date NOT NULL COMMENT 'еҮәз”ҹж—Ҙжңҹ',
  `age` int(3) NOT NULL COMMENT 'е№ҙйҫ„',
  `phone` varchar(20) DEFAULT NULL COMMENT 'иҒ”зі»з”өиҜқ',
  `address` varchar(500) DEFAULT NULL COMMENT 'е®¶еәӯдҪҸеқҖ',
  `emergency_contact` varchar(50) DEFAULT NULL COMMENT 'зҙ§жҖҘиҒ”зі»дәә',
  `emergency_phone` varchar(20) DEFAULT NULL COMMENT 'зҙ§жҖҘиҒ”зі»з”өиҜқ',
  `health_status` varchar(500) DEFAULT NULL COMMENT 'еҒҘеә·зҠ¶еҶөжҸҸиҝ°',
  `care_level` char(1) DEFAULT '1' COMMENT 'жҠӨзҗҶзӯүзә§(1иҮӘзҗҶ 2еҚҠжҠӨзҗҶ 3е…ЁжҠӨзҗҶ)',
  `special_needs` varchar(1000) DEFAULT NULL COMMENT 'зү№ж®ҠйңҖжұӮиҜҙжҳҺ',
  `photo_path` varchar(500) DEFAULT NULL COMMENT 'з…§зүҮи·Ҝеҫ„',
  `status` char(1) DEFAULT '1' COMMENT 'зҠ¶жҖҒ(0жңӘе…ҘдҪҸ 1е·Іе…ҘдҪҸ 2е·ІйҖҖдҪҸ)',
  `create_by` varchar(64) DEFAULT '' COMMENT 'еҲӣе»әиҖ…',
  `create_time` datetime DEFAULT NULL COMMENT 'еҲӣе»әж—¶й—ҙ',
  `update_by` varchar(64) DEFAULT '' COMMENT 'жӣҙж–°иҖ…',
  `update_time` datetime DEFAULT NULL COMMENT 'жӣҙж–°ж—¶й—ҙ',
  `remark` varchar(500) DEFAULT NULL COMMENT 'еӨҮжіЁ',
  PRIMARY KEY (`elder_id`),
  UNIQUE KEY `uk_id_card` (`id_card`)
) ENGINE=InnoDB AUTO_INCREMENT=17 DEFAULT CHARSET=utf8mb4 COLLATE=utf8mb4_general_ci COMMENT='иҖҒдәәеҹәзЎҖдҝЎжҒҜиЎЁ';

-- ----------------------------
-- Records of elder_info
-- ----------------------------
INSERT INTO `elder_info` VALUES ('4', 'еј дёүжөӢиҜ•', '1', '412829198908160073', '1989-08-15', '36', '18539279011', null, 'йҷҲйЈһ', '18525656556', null, '1', null, null, '1', 'admin', '2025-11-11 15:40:37', '', null, null);
INSERT INTO `elder_info` VALUES ('6', 'дёӨеҲ—жөӢиҜ•', '1', '412829198908160079', '1989-08-15', '36', '18539279011', 'йҳҝж–Ҝи’ӮиҠ¬', 'йҳҝж–Ҝи’ӮиҠ¬', '18565656565', 'йҳҝж–Ҝи’ӮиҠ¬', '1', null, null, '1', 'admin', '2025-11-11 15:51:23', '', null, null);
INSERT INTO `elder_info` VALUES ('7', 'еј дёү01', '1', '412829198908160070', '1989-08-15', '36', '18539279011', 'йҳҝж–Ҝи’ӮиҠ¬', 'йҳҝж–Ҝи’ӮиҠ¬', '18539279801', '45', '1', null, null, '1', 'admin', '2025-11-11 16:33:07', '', null, null);
INSERT INTO `elder_info` VALUES ('8', 'еӨ§й©¬зҢҙ', '1', '412829198536545263', '1988-01-07', '37', '18539279011', null, 'йҳҝж–Ҝи’ӮиҠ¬', '13646565656', null, '1', null, null, '0', 'admin', '2025-11-11 16:48:03', '', null, null);
INSERT INTO `elder_info` VALUES ('9', 'зҮ•еӯҗ', '1', '412829197802645565', '1978-04-05', '47', '18539279011', null, 'иүіеӯҗ', '18539255555', 'йҳҝж–Ҝи’ӮиҠ¬', '1', null, null, '0', 'admin', '2025-11-11 23:03:42', '', null, null);
INSERT INTO `elder_info` VALUES ('10', 'з»§з»ӯжөӢиҜ•', '1', '412829196008160045', '1960-08-16', '65', '18539256565', 'йҳҝз¬¬дёүж–№йҳҝж–Ҝи’ӮиҠ¬', 'йҳҝж–Ҝи’ӮиҠ¬', '18536952222', 'йҳҝж–Ҝи’ӮиҠ¬', '1', 'йҳҝж–Ҝи’ӮиҠ¬йҳҝж–Ҝи’ӮиҠ¬йҳҝж–Ҝи’ӮиҠ¬йҳҝж–ҜйЎҝеҸ‘ж–Ҝи’ӮиҠ¬йҳҝж–Ҝи’ӮиҠ¬йҳҝж–Ҝи’ӮиҠ¬йҳҝж–Ҝи’ӮиҠ¬йҳҝж–Ҝи’ӮиҠ¬йҳҝж–Ҝи’ӮиҠ¬йҳҝж–Ҝи’ӮиҠ¬йҳҝж–Ҝи’ӮиҠ¬йҳҝж–Ҝи’ӮиҠ¬йҳҝж–Ҝи’ӮиҠ¬йҳҝж–Ҝи’ӮиҠ¬', null, '0', 'admin', '2025-11-11 23:21:21', '', null, null);
INSERT INTO `elder_info` VALUES ('11', 'еҘҮи¶Ј', '1', '412829195002205655', '1950-02-20', '75', '18539245454', 'йҳҝж–Ҝи’ӮиҠ¬', 'йҳҝж–Ҝи’ӮиҠ¬', '18523232323', 'йҳҝж–Ҝи’ӮиҠ¬', '1', null, null, '0', 'admin', '2025-11-11 23:39:10', '', null, null);
INSERT INTO `elder_info` VALUES ('12', 'еүҚж–Ү', '1', '412829196002202355', '1960-02-20', '65', '18539279011', 'йҳҝж–Ҝи’ӮиҠ¬', 'йҳҝж–Ҝ', '18536565656', 'йҳҝж–Ҝи’ӮиҠ¬', '1', null, null, '0', 'admin', '2025-11-11 23:46:22', '', null, null);
INSERT INTO `elder_info` VALUES ('13', 'дәІдәІдәІ', '1', '412829195605020073', '1956-05-02', '69', '18539279011', 'йҳҝж–Ҝи’ӮиҠ¬', 'йҳҝж–Ҝи’ӮиҠ¬', '18539279011', 'йҳҝж–Ҝи’ӮиҠ¬', '1', 'йҳҝж–Ҝи’ӮиҠ¬', null, '0', 'admin', '2025-11-12 00:10:21', '', null, null);
INSERT INTO `elder_info` VALUES ('14', 'еҢ№й…Қ', '1', '412829196002205656', '1960-02-20', '65', '18539279011', 'йҳҝж–Ҝи’ӮиҠ¬', 'йҳҝж–Ҝи’ӮиҠ¬', '18539279011', 'йҳҝж–Ҝи’ӮиҠ¬', '1', 'йҳҝж–Ҝи’ӮиҠ¬', null, '0', 'admin', '2025-11-12 00:13:19', '', null, null);
INSERT INTO `elder_info` VALUES ('15', 'е•Ҡе•Ҡе•Ҡ', '1', '412829195602200073', '1956-02-20', '69', '18539279011', 'йҳҝж–Ҝи’ӮиҠ¬', 'жҳҜжҳҜжҳҜ', '18539279011', 'йҳҝж–Ҝи’ӮиҠ¬', '1', 'иүҫеёҲеӮ…', null, '0', 'admin', '2025-11-12 00:19:09', '', null, null);
INSERT INTO `elder_info` VALUES ('16', 'жөӢиҜ•з¬¬дәҢдёӘ', '1', '412829198908160052', '1989-08-15', '36', '18539279011', 'йҳҝж–Ҝи’ӮиҠ¬', 'и¶…еҮә', '18563652636', 'йҳҝж–Ҝи’ӮиҠ¬', '1', 'йҳҝж–Ҝи’ӮиҠ¬', null, '0', 'admin', '2025-11-12 23:03:08', '', null, null);

-- ----------------------------
-- Table structure for fund_transfer
-- ----------------------------
DROP TABLE IF EXISTS `fund_transfer`;
CREATE TABLE `fund_transfer` (
  `transfer_id` bigint(20) NOT NULL AUTO_INCREMENT COMMENT 'йҚ’жҺ“е«§ID',
  `institution_id` bigint(20) NOT NULL COMMENT 'йҸҲзғҳзҖҜID',
  `transfer_no` varchar(50) NOT NULL COMMENT 'йҚ’жҺ“е«§йҚ—жӣһеҪҝ',
  `transfer_type` char(1) NOT NULL COMMENT 'йҚ’жҺ“е«§з»«иҜІзҖ·(1й‘·?е§©йҚ’жҺ“е«§ 2йҺөе¬Әе§©йҚ’жҺ“е«§ 3йҗ—и§„з•©йҗўе® ?)',
  `transfer_amount` decimal(15,2) NOT NULL COMMENT 'йҚ’жҺ“е«§й–ІжҲҰ?',
  `transfer_date` date NOT NULL COMMENT 'йҚ’жҺ“е«§йҸғгғҰж№Ў',
  `transfer_period` varchar(20) DEFAULT NULL COMMENT 'йҚ’жҺ“е«§йҸҲзҶјжЈҝ(жҝЎ?025-12)',
  `elder_count` int(11) DEFAULT '0' COMMENT 'еЁ‘еӨҠеј·й‘°дҪ·жұүйҸҒдјҙеҷә',
  `transfer_status` char(1) DEFAULT '0' COMMENT 'йҚ’жҺ“е«§йҗҳиҲө?(0еҜ°е‘ӯ?йҗһ?1йҺҙж„¬е§ӣ 2жҫ¶иҫ«и§Ұ)',
  `bank_order_no` varchar(100) DEFAULT NULL COMMENT 'й–ҫжғ°?з’ҒгҲ еҙҹйҚҷ',
  `failure_reason` varchar(500) DEFAULT NULL COMMENT 'жҫ¶иҫ«и§ҰйҚҳзҶ·жҙң',
  `approve_user` varchar(64) DEFAULT NULL COMMENT 'зҖ№в„ғеЈ’жөң',
  `approve_time` datetime DEFAULT NULL COMMENT 'зҖ№в„ғеЈ’йҸғе •жЈҝ',
  `execute_user` varchar(64) DEFAULT NULL COMMENT 'йҺөСҶ?жөң',
  `execute_time` datetime DEFAULT NULL COMMENT 'йҺөСҶ?йҸғе •жЈҝ',
  `create_by` varchar(64) DEFAULT '' COMMENT 'йҚ’ж¶ҳзј“й‘°',
  `create_time` datetime DEFAULT NULL COMMENT 'йҚ’ж¶ҳзј“йҸғе •жЈҝ',
  `update_by` varchar(64) DEFAULT '' COMMENT 'йҸҮеӯҳжҹҠй‘°',
  `update_time` datetime DEFAULT NULL COMMENT 'йҸҮеӯҳжҹҠйҸғе •жЈҝ',
  `remark` varchar(500) DEFAULT NULL COMMENT 'жҫ¶еӣЁж•һ',
  PRIMARY KEY (`transfer_id`),
  UNIQUE KEY `uk_transfer_no` (`transfer_no`),
  KEY `idx_institution_id` (`institution_id`),
  KEY `idx_transfer_date` (`transfer_date`)
) ENGINE=InnoDB AUTO_INCREMENT=2 DEFAULT CHARSET=utf8mb4 COLLATE=utf8mb4_general_ci COMMENT='з’§еӢҜеҷҫйҚ’жҺ“е«§з’Ғжқҝз¶Қзҗӣ';

-- ----------------------------
-- Records of fund_transfer
-- ----------------------------
INSERT INTO `fund_transfer` VALUES ('1', '1', 'TRF1761681617639597', '1', '9000.00', '2025-10-29', '2025-01', '3', '0', null, null, null, null, null, null, 'system', '2025-10-29 04:00:18', '', null, 'зі»з»ҹиҮӘеҠЁз”ҹжҲҗзҡ„жңҲеәҰеҲ’жӢЁ');

-- ----------------------------
-- Table structure for fund_transfer_detail
-- ----------------------------
DROP TABLE IF EXISTS `fund_transfer_detail`;
CREATE TABLE `fund_transfer_detail` (
  `detail_id` bigint(20) NOT NULL AUTO_INCREMENT COMMENT 'йҸ„еәЈзІҸID',
  `transfer_id` bigint(20) NOT NULL COMMENT 'йҚ’жҺ“е«§ID',
  `account_id` bigint(20) NOT NULL COMMENT 'з’җпёҪеҹӣID',
  `elder_id` bigint(20) NOT NULL COMMENT 'й‘°дҪ·жұүID',
  `transfer_amount` decimal(12,2) NOT NULL COMMENT 'йҚ’жҺ“е«§й–ІжҲҰ?',
  `service_fee` decimal(12,2) DEFAULT '0.00' COMMENT 'йҸҲе¶…е§ҹз’җ',
  `care_fee` decimal(12,2) DEFAULT '0.00' COMMENT 'йҺ¶гӮҮжӮҠз’җ',
  `food_fee` decimal(12,2) DEFAULT '0.00' COMMENT 'жөјж¬“?з’җ',
  `other_fee` decimal(12,2) DEFAULT '0.00' COMMENT 'йҚҸжңөзІ¬з’җеңӯж•Ө',
  `billing_month` varchar(7) NOT NULL COMMENT 'зјҒж’¶з•»йҸҲе ңе”Ө(YYYY-MM)',
  `create_time` datetime DEFAULT NULL COMMENT 'йҚ’ж¶ҳзј“йҸғе •жЈҝ',
  PRIMARY KEY (`detail_id`),
  KEY `idx_transfer_id` (`transfer_id`),
  KEY `idx_account_id` (`account_id`),
  KEY `idx_billing_month` (`billing_month`)
) ENGINE=InnoDB DEFAULT CHARSET=utf8mb4 COLLATE=utf8mb4_general_ci COMMENT='з’§еӢҜеҷҫйҚ’жҺ“е«§йҸ„еәЈзІҸзҗӣ';

-- ----------------------------
-- Records of fund_transfer_detail
-- ----------------------------

-- ----------------------------
-- Table structure for fund_transfer_rule
-- ----------------------------
DROP TABLE IF EXISTS `fund_transfer_rule`;
CREATE TABLE `fund_transfer_rule` (
  `rule_id` bigint(20) NOT NULL AUTO_INCREMENT COMMENT 'з‘ҷеӢ«еһҜID',
  `rule_name` varchar(100) NOT NULL COMMENT 'з‘ҷеӢ«еһҜйҚҡе¶ҮРһ',
  `transfer_cycle` char(1) NOT NULL COMMENT 'йҚ’жҺ“е«§йҚӣг„Ұж№Ў(1е§Јеҝ”ж№Җ 2е§Јеҝ“?жҗҙ?3е§Јеҝ“еҙҗйӘһ?',
  `transfer_day` int(2) NOT NULL COMMENT 'йҚ’жҺ“е«§йҸғ?жҝЎеӮӣзҳЎйҸҲ?йҸғ?',
  `advance_days` int(2) DEFAULT '0' COMMENT 'йҺ»ж„¬еў жҫ¶в•Ӯжҡҹ',
  `min_balance_ratio` decimal(5,2) DEFAULT '0.20' COMMENT 'йҸҲ?з¶ҶжөЈж¬“?е§Јж–ҫз·Ҙ',
  `auto_approve` char(1) DEFAULT '1' COMMENT 'й‘·?е§©зҖ№в„ғеЈ’(0йҚҡ?1йҸ„?',
  `status` char(1) DEFAULT '1' COMMENT 'йҗҳиҲө?(0з»ӮдҪәж•Ө 1йҚҡ?ж•Ө)',
  `create_by` varchar(64) DEFAULT '' COMMENT 'йҚ’ж¶ҳзј“й‘°',
  `create_time` datetime DEFAULT NULL COMMENT 'йҚ’ж¶ҳзј“йҸғе •жЈҝ',
  `update_by` varchar(64) DEFAULT '' COMMENT 'йҸҮеӯҳжҹҠй‘°',
  `update_time` datetime DEFAULT NULL COMMENT 'йҸҮеӯҳжҹҠйҸғе •жЈҝ',
  `remark` varchar(500) DEFAULT NULL COMMENT 'жҫ¶еӣЁж•һ',
  PRIMARY KEY (`rule_id`)
) ENGINE=InnoDB AUTO_INCREMENT=2 DEFAULT CHARSET=utf8mb4 COLLATE=utf8mb4_general_ci COMMENT='з’§еӢҜеҷҫйҚ’жҺ“е«§з‘ҷеӢ«еһҜй–°е¶Үз–Ҷзҗӣ';

-- ----------------------------
-- Records of fund_transfer_rule
-- ----------------------------
INSERT INTO `fund_transfer_rule` VALUES ('1', 'Default Monthly Transfer Rule', '1', '1', '0', '0.20', '1', '1', 'system', '2025-10-29 00:37:11', '', null, 'Monthly transfer on day 1, keep 20% as risk deposit');

-- ----------------------------
-- Table structure for gen_table
-- ----------------------------
DROP TABLE IF EXISTS `gen_table`;
CREATE TABLE `gen_table` (
  `table_id` bigint(20) NOT NULL AUTO_INCREMENT COMMENT 'зј–еҸ·',
  `table_name` varchar(200) COLLATE utf8mb4_general_ci DEFAULT '' COMMENT 'иЎЁеҗҚз§°',
  `table_comment` varchar(500) COLLATE utf8mb4_general_ci DEFAULT '' COMMENT 'иЎЁжҸҸиҝ°',
  `sub_table_name` varchar(64) COLLATE utf8mb4_general_ci DEFAULT NULL COMMENT 'е…іиҒ”еӯҗиЎЁзҡ„иЎЁеҗҚ',
  `sub_table_fk_name` varchar(64) COLLATE utf8mb4_general_ci DEFAULT NULL COMMENT 'еӯҗиЎЁе…іиҒ”зҡ„еӨ–й”®еҗҚ',
  `class_name` varchar(100) COLLATE utf8mb4_general_ci DEFAULT '' COMMENT 'е®һдҪ“зұ»еҗҚз§°',
  `tpl_category` varchar(200) COLLATE utf8mb4_general_ci DEFAULT 'crud' COMMENT 'дҪҝз”Ёзҡ„жЁЎжқҝпјҲcrudеҚ•иЎЁж“ҚдҪң treeж ‘иЎЁж“ҚдҪңпјү',
  `tpl_web_type` varchar(30) COLLATE utf8mb4_general_ci DEFAULT '' COMMENT 'еүҚз«ҜжЁЎжқҝзұ»еһӢпјҲelement-uiжЁЎзүҲ element-plusжЁЎзүҲпјү',
  `package_name` varchar(100) COLLATE utf8mb4_general_ci DEFAULT NULL COMMENT 'з”ҹжҲҗеҢ…и·Ҝеҫ„',
  `module_name` varchar(30) COLLATE utf8mb4_general_ci DEFAULT NULL COMMENT 'з”ҹжҲҗжЁЎеқ—еҗҚ',
  `business_name` varchar(30) COLLATE utf8mb4_general_ci DEFAULT NULL COMMENT 'з”ҹжҲҗдёҡеҠЎеҗҚ',
  `function_name` varchar(50) COLLATE utf8mb4_general_ci DEFAULT NULL COMMENT 'з”ҹжҲҗеҠҹиғҪеҗҚ',
  `function_author` varchar(50) COLLATE utf8mb4_general_ci DEFAULT NULL COMMENT 'з”ҹжҲҗеҠҹиғҪдҪңиҖ…',
  `gen_type` char(1) COLLATE utf8mb4_general_ci DEFAULT '0' COMMENT 'з”ҹжҲҗд»Јз Ғж–№ејҸпјҲ0zipеҺӢзј©еҢ… 1иҮӘе®ҡд№үи·Ҝеҫ„пјү',
  `gen_path` varchar(200) COLLATE utf8mb4_general_ci DEFAULT '/' COMMENT 'з”ҹжҲҗи·Ҝеҫ„пјҲдёҚеЎ«й»ҳи®ӨйЎ№зӣ®и·Ҝеҫ„пјү',
  `options` varchar(1000) COLLATE utf8mb4_general_ci DEFAULT NULL COMMENT 'е…¶е®ғз”ҹжҲҗйҖүйЎ№',
  `create_by` varchar(64) COLLATE utf8mb4_general_ci DEFAULT '' COMMENT 'еҲӣе»әиҖ…',
  `create_time` datetime DEFAULT NULL COMMENT 'еҲӣе»әж—¶й—ҙ',
  `update_by` varchar(64) COLLATE utf8mb4_general_ci DEFAULT '' COMMENT 'жӣҙж–°иҖ…',
  `update_time` datetime DEFAULT NULL COMMENT 'жӣҙж–°ж—¶й—ҙ',
  `remark` varchar(500) COLLATE utf8mb4_general_ci DEFAULT NULL COMMENT 'еӨҮжіЁ',
  PRIMARY KEY (`table_id`)
) ENGINE=InnoDB DEFAULT CHARSET=utf8mb4 COLLATE=utf8mb4_general_ci COMMENT='д»Јз Ғз”ҹжҲҗдёҡеҠЎиЎЁ';

-- ----------------------------
-- Records of gen_table
-- ----------------------------

-- ----------------------------
-- Table structure for gen_table_column
-- ----------------------------
DROP TABLE IF EXISTS `gen_table_column`;
CREATE TABLE `gen_table_column` (
  `column_id` bigint(20) NOT NULL AUTO_INCREMENT COMMENT 'зј–еҸ·',
  `table_id` bigint(20) DEFAULT NULL COMMENT 'еҪ’еұһиЎЁзј–еҸ·',
  `column_name` varchar(200) COLLATE utf8mb4_general_ci DEFAULT NULL COMMENT 'еҲ—еҗҚз§°',
  `column_comment` varchar(500) COLLATE utf8mb4_general_ci DEFAULT NULL COMMENT 'еҲ—жҸҸиҝ°',
  `column_type` varchar(100) COLLATE utf8mb4_general_ci DEFAULT NULL COMMENT 'еҲ—зұ»еһӢ',
  `java_type` varchar(500) COLLATE utf8mb4_general_ci DEFAULT NULL COMMENT 'JAVAзұ»еһӢ',
  `java_field` varchar(200) COLLATE utf8mb4_general_ci DEFAULT NULL COMMENT 'JAVAеӯ—ж®өеҗҚ',
  `is_pk` char(1) COLLATE utf8mb4_general_ci DEFAULT NULL COMMENT 'жҳҜеҗҰдё»й”®пјҲ1жҳҜпјү',
  `is_increment` char(1) COLLATE utf8mb4_general_ci DEFAULT NULL COMMENT 'жҳҜеҗҰиҮӘеўһпјҲ1жҳҜпјү',
  `is_required` char(1) COLLATE utf8mb4_general_ci DEFAULT NULL COMMENT 'жҳҜеҗҰеҝ…еЎ«пјҲ1жҳҜпјү',
  `is_insert` char(1) COLLATE utf8mb4_general_ci DEFAULT NULL COMMENT 'жҳҜеҗҰдёәжҸ’е…Ҙеӯ—ж®өпјҲ1жҳҜпјү',
  `is_edit` char(1) COLLATE utf8mb4_general_ci DEFAULT NULL COMMENT 'жҳҜеҗҰзј–иҫ‘еӯ—ж®өпјҲ1жҳҜпјү',
  `is_list` char(1) COLLATE utf8mb4_general_ci DEFAULT NULL COMMENT 'жҳҜеҗҰеҲ—иЎЁеӯ—ж®өпјҲ1жҳҜпјү',
  `is_query` char(1) COLLATE utf8mb4_general_ci DEFAULT NULL COMMENT 'жҳҜеҗҰжҹҘиҜўеӯ—ж®өпјҲ1жҳҜпјү',
  `query_type` varchar(200) COLLATE utf8mb4_general_ci DEFAULT 'EQ' COMMENT 'жҹҘиҜўж–№ејҸпјҲзӯүдәҺгҖҒдёҚзӯүдәҺгҖҒеӨ§дәҺгҖҒе°ҸдәҺгҖҒиҢғеӣҙпјү',
  `html_type` varchar(200) COLLATE utf8mb4_general_ci DEFAULT NULL COMMENT 'жҳҫзӨәзұ»еһӢпјҲж–Үжң¬жЎҶгҖҒж–Үжң¬еҹҹгҖҒдёӢжӢүжЎҶгҖҒеӨҚйҖүжЎҶгҖҒеҚ•йҖүжЎҶгҖҒж—ҘжңҹжҺ§д»¶пјү',
  `dict_type` varchar(200) COLLATE utf8mb4_general_ci DEFAULT '' COMMENT 'еӯ—е…ёзұ»еһӢ',
  `sort` int(11) DEFAULT NULL COMMENT 'жҺ’еәҸ',
  `create_by` varchar(64) COLLATE utf8mb4_general_ci DEFAULT '' COMMENT 'еҲӣе»әиҖ…',
  `create_time` datetime DEFAULT NULL COMMENT 'еҲӣе»әж—¶й—ҙ',
  `update_by` varchar(64) COLLATE utf8mb4_general_ci DEFAULT '' COMMENT 'жӣҙж–°иҖ…',
  `update_time` datetime DEFAULT NULL COMMENT 'жӣҙж–°ж—¶й—ҙ',
  PRIMARY KEY (`column_id`)
) ENGINE=InnoDB DEFAULT CHARSET=utf8mb4 COLLATE=utf8mb4_general_ci COMMENT='д»Јз Ғз”ҹжҲҗдёҡеҠЎиЎЁеӯ—ж®ө';

-- ----------------------------
-- Records of gen_table_column
-- ----------------------------

-- ----------------------------
-- Table structure for order_info
-- ----------------------------
DROP TABLE IF EXISTS `order_info`;
CREATE TABLE `order_info` (
  `order_id` bigint(20) NOT NULL AUTO_INCREMENT COMMENT 'и®ўеҚ•ID',
  `order_no` varchar(50) NOT NULL COMMENT 'и®ўеҚ•зј–еҸ·',
  `order_type` char(1) NOT NULL COMMENT 'и®ўеҚ•зұ»еһӢ(1еәҠдҪҚиҙ№ 2жҠӨзҗҶиҙ№ 3йӨҗйҘ®иҙ№ 4еҢ»з–—иҙ№ 5е…¶д»–иҙ№з”Ё)',
  `elder_id` bigint(20) DEFAULT NULL COMMENT 'иҖҒдәәID',
  `institution_id` bigint(20) DEFAULT NULL COMMENT 'жңәжһ„ID',
  `check_in_id` bigint(20) DEFAULT NULL COMMENT 'е…ҘдҪҸз”іиҜ·ID',
  `bed_id` bigint(20) DEFAULT NULL COMMENT 'еәҠдҪҚID',
  `order_amount` decimal(10,2) NOT NULL COMMENT 'и®ўеҚ•жҖ»йҮ‘йўқ(е…ғ)',
  `original_amount` decimal(10,2) DEFAULT NULL COMMENT 'жҗҙж—Җж•№йҺ¬жҳҸ?(жөјжЁ»е„¬йҚ“?',
  `discount_amount` decimal(10,2) DEFAULT '0.00' COMMENT 'жөјжЁ»е„¬й–ІжҲҰ?',
  `paid_amount` decimal(10,2) DEFAULT '0.00' COMMENT 'е·Ід»ҳйҮ‘йўқ(е…ғ)',
  `order_status` char(1) DEFAULT '0' COMMENT 'и®ўеҚ•зҠ¶жҖҒ(0еҫ…ж”Ҝд»ҳ 1е·Іж”Ҝд»ҳ 2е·ІеҸ–ж¶Ҳ 3е·ІйҖҖж¬ҫ)',
  `payment_method` varchar(50) DEFAULT NULL COMMENT 'ж”Ҝд»ҳж–№ејҸ',
  `payment_time` datetime DEFAULT NULL COMMENT 'ж”Ҝд»ҳж—¶й—ҙ',
  `order_date` date NOT NULL COMMENT 'и®ўеҚ•ж—Ҙжңҹ',
  `service_start_date` date DEFAULT NULL COMMENT 'жңҚеҠЎејҖе§Ӣж—Ҙжңҹ',
  `service_end_date` date DEFAULT NULL COMMENT 'жңҚеҠЎз»“жқҹж—Ҙжңҹ',
  `billing_cycle` varchar(20) DEFAULT NULL COMMENT 'и®Ўиҙ№е‘Ёжңҹ(жңҲеәҰгҖҒеӯЈеәҰгҖҒе№ҙеәҰ)',
  `month_count` int(11) DEFAULT NULL COMMENT 'йҚҸгғ©в”—йҸҲе ҹжҡҹ',
  `due_date` date DEFAULT NULL COMMENT 'еҲ°жңҹж—Ҙжңҹ',
  `remark` varchar(500) DEFAULT NULL COMMENT 'еӨҮжіЁ',
  `create_by` varchar(64) DEFAULT '' COMMENT 'еҲӣе»әиҖ…',
  `create_time` datetime DEFAULT NULL COMMENT 'еҲӣе»әж—¶й—ҙ',
  `update_by` varchar(64) DEFAULT '' COMMENT 'пҝҪпҝҪпҝҪж–°иҖ…',
  `update_time` datetime DEFAULT NULL COMMENT 'жӣҙж–°ж—¶й—ҙ',
  PRIMARY KEY (`order_id`),
  UNIQUE KEY `uk_order_no` (`order_no`),
  KEY `idx_elder_id` (`elder_id`),
  KEY `idx_institution_id` (`institution_id`),
  KEY `idx_check_in_id` (`check_in_id`),
  KEY `idx_order_date` (`order_date`),
  KEY `idx_order_status` (`order_status`)
) ENGINE=InnoDB AUTO_INCREMENT=19 DEFAULT CHARSET=utf8mb4 COLLATE=utf8mb4_general_ci COMMENT='и®ўеҚ•дё»иЎЁ';

-- ----------------------------
-- Records of order_info
-- ----------------------------
INSERT INTO `order_info` VALUES ('3', 'ORD1762849987063', '1', '7', '16', null, '3', '70000.00', '77000.00', '7000.00', '70000.00', '1', 'cash', '2025-11-11 16:33:07', '2025-11-11', '2025-11-11', '2026-10-11', null, '11', null, 'йҳҝж–Ҝи’ӮиҠ¬', 'admin', '2025-11-11 16:33:07', '', '2025-11-11 17:13:45');
INSERT INTO `order_info` VALUES ('4', 'ORD1762850883224', '1', '8', '16', null, '1', '128000.00', '128000.00', '0.00', '128000.00', '1', 'alipay', '2025-11-11 22:27:22', '2025-11-11', '2025-11-04', '2026-08-04', 'жңҲеәҰ', '9', null, '', 'admin', '2025-11-11 16:48:03', '', '2025-11-11 22:27:22');
INSERT INTO `order_info` VALUES ('5', 'ORD1762858220247', '2', '7', '16', null, null, '1000.00', '1000.00', '0.00', '1000.00', '1', 'cash', '2025-11-11 18:50:20', '2025-11-11', '2025-11-11', '2026-11-11', null, null, null, null, 'admin', '2025-11-11 18:50:20', '', null);
INSERT INTO `order_info` VALUES ('6', 'ORD1762873421558', '1', '9', '16', null, '6', '37200.00', '37200.00', '0.00', '37200.00', '1', 'cash', '2025-11-11 23:05:17', '2025-11-11', '2025-11-11', '2026-09-11', 'жңҲеәҰ', '10', null, '', 'admin', '2025-11-11 23:03:42', '', '2025-11-11 23:05:17');
INSERT INTO `order_info` VALUES ('7', 'ORD1762874481098', '1', '10', '16', null, '7', '37000.00', '37000.00', '0.00', '37000.00', '1', 'cash', '2025-11-11 23:21:57', '2025-11-11', '2025-11-11', '2026-09-11', 'жңҲеәҰ', '10', null, 'йҳҝж–Ҝи’ӮиҠ¬йҳҝж–Ҝи’ӮиҠ¬', 'admin', '2025-11-11 23:21:21', '', '2025-11-11 23:21:57');
INSERT INTO `order_info` VALUES ('8', 'ORD1762875550014', '1', '11', '16', null, '8', '50000.00', '55000.00', '5000.00', '50000.00', '1', 'cash', '2025-11-11 23:39:58', '2025-11-11', '2025-11-03', '2026-11-03', 'жңҲеәҰ', '12', null, 'йҳҝж–Ҝи’ӮиҠ¬', 'admin', '2025-11-11 23:39:10', '', '2025-11-11 23:39:58');
INSERT INTO `order_info` VALUES ('9', 'ORD1762875981610', '1', '12', '16', null, '9', '30000.00', '30000.00', '0.00', '0.00', '0', 'later', null, '2025-11-11', '2025-11-11', '2026-09-11', 'жңҲеәҰ', '10', null, 'йҳҝж–Ҝи’ӮиҠ¬', 'admin', '2025-11-11 23:46:22', '', null);
INSERT INTO `order_info` VALUES ('10', 'ORD1762877420750', '1', '13', '16', null, '10', '37000.00', '37000.00', '0.00', '0.00', '0', 'later', null, '2025-11-12', '2025-11-15', '2027-02-15', 'жңҲеәҰ', '15', null, '', 'admin', '2025-11-12 00:10:21', '', null);
INSERT INTO `order_info` VALUES ('11', 'ORD1762877599345', '1', '14', '16', null, '11', '125000.00', '125000.00', '0.00', '0.00', '0', 'later', null, '2025-11-12', '2025-11-12', '2026-09-12', 'жңҲеәҰ', '10', null, 'йҳҝж–Ҝи’ӮиҠ¬', 'admin', '2025-11-12 00:13:19', '', null);
INSERT INTO `order_info` VALUES ('12', 'ORD1762877949379', '1', '15', '16', null, '12', '50000.00', '60000.00', '10000.00', '50000.00', '1', 'cash', '2025-11-12 00:19:34', '2025-11-12', '2025-11-12', '2026-09-12', 'жңҲеәҰ', '10', null, 'йҳҝж–Ҝи’ӮиҠ¬', 'admin', '2025-11-12 00:19:09', '', '2025-11-12 00:19:34');
INSERT INTO `order_info` VALUES ('13', 'ORD1762921581004', '2', '15', '16', null, null, '5000.00', '6000.00', '1000.00', '5000.00', '1', 'cash', '2025-11-12 12:26:21', '2025-11-12', '2026-09-12', '2026-11-12', 'жңҲеәҰ', '2', null, null, 'admin', '2025-11-12 12:26:21', '', null);
INSERT INTO `order_info` VALUES ('14', 'ORD1762921682557', '2', '15', '16', null, null, '2000.00', '2000.00', '0.00', '2000.00', '1', 'cash', '2025-11-12 12:28:03', '2025-11-12', '2026-11-12', '2026-12-12', 'жңҲеәҰ', '1', null, null, 'admin', '2025-11-12 12:28:03', '', null);
INSERT INTO `order_info` VALUES ('15', 'ORD1762921729285', '2', '15', '16', null, null, '10000.00', '10000.00', '0.00', '10000.00', '1', 'cash', '2025-11-12 12:28:49', '2025-11-12', null, null, 'жңҲеәҰ', null, null, null, 'admin', '2025-11-12 12:28:49', '', null);
INSERT INTO `order_info` VALUES ('16', 'ORD1762921760035', '2', '15', '16', null, null, '2000.00', '3000.00', '1000.00', '2000.00', '1', 'cash', '2025-11-12 12:29:20', '2025-11-12', null, null, 'жңҲеәҰ', null, null, null, 'admin', '2025-11-12 12:29:20', '', null);
INSERT INTO `order_info` VALUES ('17', 'ORD1762959787954', '1', '16', '20', null, '13', '18000.00', '18000.00', '0.00', '18000.00', '1', 'cash', '2025-11-13 01:42:24', '2025-11-12', '2025-11-12', '2026-06-12', 'жңҲеәҰ', '7', null, '', 'admin', '2025-11-12 23:03:08', '', '2025-11-13 01:42:24');
INSERT INTO `order_info` VALUES ('18', 'ORD1762968023837', '2', '7', '16', null, null, '14000.00', '14000.00', '0.00', '14000.00', '1', 'cash', '2025-11-13 01:20:24', '2025-11-13', '2026-11-11', '2027-06-11', 'жңҲеәҰ', '7', null, null, 'admin', '2025-11-13 01:20:24', '', null);

-- ----------------------------
-- Table structure for order_item
-- ----------------------------
DROP TABLE IF EXISTS `order_item`;
CREATE TABLE `order_item` (
  `item_id` bigint(20) NOT NULL AUTO_INCREMENT COMMENT 'жҳҺз»ҶID',
  `order_id` bigint(20) NOT NULL COMMENT 'и®ўеҚ•ID',
  `order_no` varchar(50) DEFAULT NULL COMMENT 'и®ўеҚ•еҸ·',
  `item_name` varchar(100) NOT NULL COMMENT 'йЎ№зӣ®еҗҚз§°',
  `item_type` varchar(50) DEFAULT NULL COMMENT 'йЎ№зӣ®зұ»еһӢ',
  `item_description` varchar(500) DEFAULT NULL COMMENT 'йЎ№зӣ®жҸҸиҝ°',
  `unit_price` decimal(10,2) NOT NULL COMMENT 'еҚ•д»·(е…ғ)',
  `quantity` int(11) NOT NULL DEFAULT '1' COMMENT 'ж•°йҮҸ',
  `total_amount` decimal(10,2) NOT NULL COMMENT 'е°Ҹи®ЎйҮ‘йўқ(е…ғ)',
  `service_period` varchar(50) DEFAULT NULL COMMENT 'жңҚеҠЎе‘Ёжңҹ',
  `create_by` varchar(64) DEFAULT '' COMMENT 'еҲӣе»әиҖ…',
  `create_time` datetime DEFAULT NULL COMMENT 'еҲӣе»әж—¶й—ҙ',
  `update_by` varchar(64) DEFAULT '' COMMENT 'жӣҙж–°иҖ…',
  `update_time` datetime DEFAULT NULL COMMENT 'жӣҙж–°ж—¶й—ҙ',
  `remark` varchar(500) DEFAULT NULL COMMENT 'еӨҮжіЁ',
  PRIMARY KEY (`item_id`),
  KEY `idx_order_id` (`order_id`)
) ENGINE=InnoDB AUTO_INCREMENT=47 DEFAULT CHARSET=utf8mb4 COLLATE=utf8mb4_general_ci COMMENT='и®ўеҚ•жҳҺз»ҶиЎЁ';

-- ----------------------------
-- Records of order_item
-- ----------------------------
INSERT INTO `order_item` VALUES ('10', '3', 'ORD1762849987063', 'жңҲжңҚеҠЎиҙ№', 'service_fee', '11дёӘжңҲжңҚеҠЎиҙ№', '2000.00', '11', '22000.00', 'жңҲеәҰ', 'admin', '2025-11-11 16:33:07', '', null, null);
INSERT INTO `order_item` VALUES ('11', '3', 'ORD1762849987063', 'жҠјйҮ‘', 'deposit', 'е…ҘдҪҸжҠјйҮ‘', '50000.00', '1', '50000.00', null, 'admin', '2025-11-11 16:33:07', '', null, null);
INSERT INTO `order_item` VALUES ('12', '3', 'ORD1762849987063', 'дјҡе‘ҳиҙ№', 'member_fee', 'дјҡе‘ҳеҚЎе……еҖј', '5000.00', '1', '5000.00', null, 'admin', '2025-11-11 16:33:07', '', null, null);
INSERT INTO `order_item` VALUES ('13', '4', 'ORD1762850883224', 'жңҲжңҚеҠЎиҙ№', 'service_fee', '9дёӘжңҲжңҚеҠЎиҙ№', '2000.00', '9', '18000.00', 'жңҲеәҰ', 'admin', '2025-11-11 16:48:03', '', null, null);
INSERT INTO `order_item` VALUES ('14', '4', 'ORD1762850883224', 'жҠјйҮ‘', 'deposit', 'е…ҘдҪҸжҠјйҮ‘', '50000.00', '1', '50000.00', null, 'admin', '2025-11-11 16:48:03', '', null, null);
INSERT INTO `order_item` VALUES ('15', '4', 'ORD1762850883224', 'дјҡе‘ҳиҙ№', 'member_fee', 'дјҡе‘ҳеҚЎе……еҖј', '60000.00', '1', '60000.00', null, 'admin', '2025-11-11 16:48:03', '', null, null);
INSERT INTO `order_item` VALUES ('16', '5', 'ORD1762858220247', 'жҠјйҮ‘иЎҘзјҙ', 'deposit', 'жҠјйҮ‘иЎҘзјҙ', '1000.00', '1', '1000.00', null, 'admin', '2025-11-11 18:50:20', '', null, null);
INSERT INTO `order_item` VALUES ('17', '6', 'ORD1762873421558', 'жңҲжңҚеҠЎиҙ№', 'service_fee', '10дёӘжңҲжңҚеҠЎиҙ№', '3000.00', '10', '30000.00', 'жңҲеәҰ', 'admin', '2025-11-11 23:03:42', '', null, null);
INSERT INTO `order_item` VALUES ('18', '6', 'ORD1762873421558', 'жҠјйҮ‘', 'deposit', 'е…ҘдҪҸжҠјйҮ‘', '5000.00', '1', '5000.00', null, 'admin', '2025-11-11 23:03:42', '', null, null);
INSERT INTO `order_item` VALUES ('19', '6', 'ORD1762873421558', 'дјҡе‘ҳиҙ№', 'member_fee', 'дјҡе‘ҳеҚЎе……еҖј', '2200.00', '1', '2200.00', null, 'admin', '2025-11-11 23:03:42', '', null, null);
INSERT INTO `order_item` VALUES ('20', '7', 'ORD1762874481098', 'жңҲжңҚеҠЎиҙ№', 'service_fee', '10дёӘжңҲжңҚеҠЎиҙ№', '3000.00', '10', '30000.00', 'жңҲеәҰ', 'admin', '2025-11-11 23:21:21', '', null, null);
INSERT INTO `order_item` VALUES ('21', '7', 'ORD1762874481098', 'жҠјйҮ‘', 'deposit', 'е…ҘдҪҸжҠјйҮ‘', '2000.00', '1', '2000.00', null, 'admin', '2025-11-11 23:21:21', '', null, null);
INSERT INTO `order_item` VALUES ('22', '7', 'ORD1762874481098', 'дјҡе‘ҳиҙ№', 'member_fee', 'дјҡе‘ҳеҚЎе……еҖј', '5000.00', '1', '5000.00', null, 'admin', '2025-11-11 23:21:21', '', null, null);
INSERT INTO `order_item` VALUES ('23', '8', 'ORD1762875550014', 'жңҲжңҚеҠЎиҙ№', 'service_fee', '12дёӘжңҲжңҚеҠЎиҙ№', '2500.00', '12', '30000.00', 'жңҲеәҰ', 'admin', '2025-11-11 23:39:10', '', null, null);
INSERT INTO `order_item` VALUES ('24', '8', 'ORD1762875550014', 'жҠјйҮ‘', 'deposit', 'е…ҘдҪҸжҠјйҮ‘', '20000.00', '1', '20000.00', null, 'admin', '2025-11-11 23:39:10', '', null, null);
INSERT INTO `order_item` VALUES ('25', '8', 'ORD1762875550014', 'дјҡе‘ҳиҙ№', 'member_fee', 'дјҡе‘ҳеҚЎе……еҖј', '5000.00', '1', '5000.00', null, 'admin', '2025-11-11 23:39:10', '', null, null);
INSERT INTO `order_item` VALUES ('26', '9', 'ORD1762875981610', 'жңҲжңҚеҠЎиҙ№', 'service_fee', '10дёӘжңҲжңҚеҠЎиҙ№', '2300.00', '10', '23000.00', 'жңҲеәҰ', 'admin', '2025-11-11 23:46:22', '', null, null);
INSERT INTO `order_item` VALUES ('27', '9', 'ORD1762875981610', 'жҠјйҮ‘', 'deposit', 'е…ҘдҪҸжҠјйҮ‘', '2000.00', '1', '2000.00', null, 'admin', '2025-11-11 23:46:22', '', null, null);
INSERT INTO `order_item` VALUES ('28', '9', 'ORD1762875981610', 'дјҡе‘ҳиҙ№', 'member_fee', 'дјҡе‘ҳеҚЎе……еҖј', '5000.00', '1', '5000.00', null, 'admin', '2025-11-11 23:46:22', '', null, null);
INSERT INTO `order_item` VALUES ('29', '10', 'ORD1762877420750', 'жңҲжңҚеҠЎиҙ№', 'service_fee', '15дёӘжңҲжңҚеҠЎиҙ№', '2000.00', '15', '30000.00', 'жңҲеәҰ', 'admin', '2025-11-12 00:10:21', '', null, null);
INSERT INTO `order_item` VALUES ('30', '10', 'ORD1762877420750', 'жҠјйҮ‘', 'deposit', 'е…ҘдҪҸжҠјйҮ‘', '2000.00', '1', '2000.00', null, 'admin', '2025-11-12 00:10:21', '', null, null);
INSERT INTO `order_item` VALUES ('31', '10', 'ORD1762877420750', 'дјҡе‘ҳиҙ№', 'member_fee', 'дјҡе‘ҳеҚЎе……еҖј', '5000.00', '1', '5000.00', null, 'admin', '2025-11-12 00:10:21', '', null, null);
INSERT INTO `order_item` VALUES ('32', '11', 'ORD1762877599345', 'жңҲжңҚеҠЎиҙ№', 'service_fee', '10дёӘжңҲжңҚеҠЎиҙ№', '2500.00', '10', '25000.00', 'жңҲеәҰ', 'admin', '2025-11-12 00:13:19', '', null, null);
INSERT INTO `order_item` VALUES ('33', '11', 'ORD1762877599345', 'жҠјйҮ‘', 'deposit', 'е…ҘдҪҸжҠјйҮ‘', '50000.00', '1', '50000.00', null, 'admin', '2025-11-12 00:13:19', '', null, null);
INSERT INTO `order_item` VALUES ('34', '11', 'ORD1762877599345', 'дјҡе‘ҳиҙ№', 'member_fee', 'дјҡе‘ҳеҚЎе……еҖј', '50000.00', '1', '50000.00', null, 'admin', '2025-11-12 00:13:19', '', null, null);
INSERT INTO `order_item` VALUES ('35', '12', 'ORD1762877949379', 'жңҲжңҚеҠЎиҙ№', 'service_fee', '10дёӘжңҲжңҚеҠЎиҙ№', '2000.00', '10', '20000.00', 'жңҲеәҰ', 'admin', '2025-11-12 00:19:09', '', null, null);
INSERT INTO `order_item` VALUES ('36', '12', 'ORD1762877949379', 'жҠјйҮ‘', 'deposit', 'е…ҘдҪҸжҠјйҮ‘', '20000.00', '1', '20000.00', null, 'admin', '2025-11-12 00:19:09', '', null, null);
INSERT INTO `order_item` VALUES ('37', '12', 'ORD1762877949379', 'дјҡе‘ҳиҙ№', 'member_fee', 'дјҡе‘ҳеҚЎе……еҖј', '20000.00', '1', '20000.00', null, 'admin', '2025-11-12 00:19:09', '', null, null);
INSERT INTO `order_item` VALUES ('38', '13', 'ORD1762921581004', 'жңҲжңҚеҠЎиҙ№', 'service_fee', '2дёӘжңҲжңҚеҠЎиҙ№', '2000.00', '2', '4000.00', null, 'admin', '2025-11-12 12:26:21', '', null, null);
INSERT INTO `order_item` VALUES ('39', '13', 'ORD1762921581004', 'жҠјйҮ‘', 'deposit', 'жҠјйҮ‘иЎҘзјҙ', '2000.00', '1', '2000.00', null, 'admin', '2025-11-12 12:26:21', '', null, null);
INSERT INTO `order_item` VALUES ('40', '14', 'ORD1762921682557', 'жңҲжңҚеҠЎиҙ№', 'service_fee', '1дёӘжңҲжңҚеҠЎиҙ№', '2000.00', '1', '2000.00', null, 'admin', '2025-11-12 12:28:03', '', null, null);
INSERT INTO `order_item` VALUES ('41', '15', 'ORD1762921729285', 'жҠјйҮ‘', 'deposit', 'жҠјйҮ‘иЎҘзјҙ', '10000.00', '1', '10000.00', null, 'admin', '2025-11-12 12:28:49', '', null, null);
INSERT INTO `order_item` VALUES ('42', '16', 'ORD1762921760035', 'жҠјйҮ‘', 'deposit', 'жҠјйҮ‘иЎҘзјҙ', '3000.00', '1', '3000.00', null, 'admin', '2025-11-12 12:29:20', '', null, null);
INSERT INTO `order_item` VALUES ('43', '17', 'ORD1762959787954', 'жңҲжңҚеҠЎиҙ№', 'service_fee', '7дёӘжңҲжңҚеҠЎиҙ№', '1000.00', '7', '7000.00', 'жңҲеәҰ', 'admin', '2025-11-12 23:03:08', '', null, null);
INSERT INTO `order_item` VALUES ('44', '17', 'ORD1762959787954', 'жҠјйҮ‘', 'deposit', 'е…ҘдҪҸжҠјйҮ‘', '6000.00', '1', '6000.00', null, 'admin', '2025-11-12 23:03:08', '', null, null);
INSERT INTO `order_item` VALUES ('45', '17', 'ORD1762959787954', 'дјҡе‘ҳиҙ№', 'member_fee', 'дјҡе‘ҳеҚЎе……еҖј', '5000.00', '1', '5000.00', null, 'admin', '2025-11-12 23:03:08', '', null, null);
INSERT INTO `order_item` VALUES ('46', '18', 'ORD1762968023837', 'жңҲжңҚеҠЎиҙ№', 'service_fee', '7дёӘжңҲжңҚеҠЎиҙ№', '2000.00', '7', '14000.00', null, 'admin', '2025-11-13 01:20:24', '', null, null);

-- ----------------------------
-- Table structure for payment_record
-- ----------------------------
DROP TABLE IF EXISTS `payment_record`;
CREATE TABLE `payment_record` (
  `payment_id` bigint(20) NOT NULL AUTO_INCREMENT COMMENT 'ж”Ҝд»ҳи®°еҪ•ID',
  `payment_no` varchar(50) NOT NULL COMMENT 'ж”Ҝд»ҳжөҒж°ҙеҸ·',
  `order_id` bigint(20) NOT NULL COMMENT 'и®ўеҚ•ID',
  `elder_id` bigint(20) NOT NULL COMMENT 'иҖҒдәәID',
  `institution_id` bigint(20) NOT NULL COMMENT 'жңәжһ„ID',
  `payment_amount` decimal(10,2) NOT NULL COMMENT 'ж”Ҝд»ҳйҮ‘йўқ(е…ғ)',
  `payment_method` varchar(50) NOT NULL COMMENT 'ж”Ҝд»ҳж–№ејҸ(еҫ®дҝЎ ж”Ҝд»ҳе®қ й“¶иЎҢеҚЎиҪ¬иҙҰ зҺ°йҮ‘)',
  `payment_status` char(1) DEFAULT '0' COMMENT 'ж”Ҝд»ҳзҠ¶жҖҒ(0еӨ„зҗҶдёӯ 1жҲҗеҠҹ 2пҝҪпҝҪпҝҪиҙҘ)',
  `payment_time` datetime DEFAULT NULL COMMENT 'ж”Ҝд»ҳж—¶й—ҙ',
  `transaction_id` varchar(100) DEFAULT NULL COMMENT 'з¬¬дёүж–№дәӨжҳ“еҸ·',
  `gateway_response` text COMMENT 'ж”Ҝд»ҳзҪ‘е…іе“Қеә”дҝЎжҒҜ',
  `operator` varchar(50) DEFAULT NULL COMMENT 'ж“ҚдҪңдәә',
  `remark` varchar(500) DEFAULT NULL COMMENT 'еӨҮжіЁ',
  `create_by` varchar(64) DEFAULT '' COMMENT 'еҲӣе»әиҖ…',
  `create_time` datetime DEFAULT NULL COMMENT 'еҲӣе»әж—¶й—ҙ',
  `update_by` varchar(64) DEFAULT '' COMMENT 'жӣҙж–°иҖ…',
  `update_time` datetime DEFAULT NULL COMMENT 'жӣҙж–°ж—¶й—ҙ',
  PRIMARY KEY (`payment_id`),
  UNIQUE KEY `uk_payment_no` (`payment_no`),
  KEY `idx_order_id` (`order_id`),
  KEY `idx_elder_id` (`elder_id`),
  KEY `idx_payment_time` (`payment_time`),
  KEY `idx_payment_status` (`payment_status`)
) ENGINE=InnoDB AUTO_INCREMENT=8 DEFAULT CHARSET=utf8mb4 COLLATE=utf8mb4_general_ci COMMENT='ж”Ҝд»ҳи®°еҪ•иЎЁ';

-- ----------------------------
-- Records of payment_record
-- ----------------------------
INSERT INTO `payment_record` VALUES ('1', 'PAY20251028001', '1', '1', '1', '2000.00', 'bank', '1', '2025-10-28 16:30:00', 'BANK20251028001', null, 'admin', null, 'admin', '2025-10-28 16:30:00', '', null);
INSERT INTO `payment_record` VALUES ('2', 'PAY20251111222722184', '4', '8', '16', '128000.00', 'alipay', '1', '2025-11-11 22:27:22', 'TXN20251111222722184', 'жЁЎжӢҹж”Ҝд»ҳжҲҗеҠҹ', 'system', null, '', '2025-11-11 22:27:22', '', null);
INSERT INTO `payment_record` VALUES ('3', 'PAY20251111230516709', '6', '9', '16', '37200.00', 'cash', '1', '2025-11-11 23:05:17', 'TXN20251111230516709', 'жЁЎжӢҹж”Ҝд»ҳжҲҗеҠҹ', 'system', null, '', '2025-11-11 23:05:17', '', null);
INSERT INTO `payment_record` VALUES ('4', 'PAY20251111232156844', '7', '10', '16', '37000.00', 'cash', '1', '2025-11-11 23:21:57', 'TXN20251111232156844', 'жЁЎжӢҹж”Ҝд»ҳжҲҗеҠҹ', 'system', null, '', '2025-11-11 23:21:57', '', null);
INSERT INTO `payment_record` VALUES ('5', 'PAY20251111233957990', '8', '11', '16', '50000.00', 'cash', '1', '2025-11-11 23:39:58', 'TXN20251111233957990', 'жЁЎжӢҹж”Ҝд»ҳжҲҗеҠҹ', 'system', null, '', '2025-11-11 23:39:58', '', null);
INSERT INTO `payment_record` VALUES ('6', 'PAY20251112001934125', '12', '15', '16', '50000.00', 'cash', '1', '2025-11-12 00:19:34', 'TXN20251112001934128', 'жЁЎжӢҹж”Ҝд»ҳжҲҗеҠҹ', 'system', null, '', '2025-11-12 00:19:34', '', null);
INSERT INTO `payment_record` VALUES ('7', 'PAY20251113014224315', '17', '16', '20', '18000.00', 'cash', '1', '2025-11-13 01:42:24', 'TXN20251113014224315', 'жЁЎжӢҹж”Ҝд»ҳжҲҗеҠҹ', 'system', null, '', '2025-11-13 01:42:24', '', null);

-- ----------------------------
-- Table structure for pension_institution
-- ----------------------------
DROP TABLE IF EXISTS `pension_institution`;
CREATE TABLE `pension_institution` (
  `institution_id` bigint(20) NOT NULL AUTO_INCREMENT COMMENT 'йҸҲзғҳзҖҜID',
  `institution_name` varchar(200) NOT NULL COMMENT 'йҸҲзғҳзҖҜйҚҡе¶ҮРһ',
  `credit_code` varchar(50) NOT NULL COMMENT 'зјҒзҶ¶з«ҙж·Үпј„ж•Өжө пҪҮзҲң',
  `registered_capital` decimal(15,2) DEFAULT NULL COMMENT 'еЁүг„Ҙе”Ҫз’§еӢҜеҷҫ(ж¶“еӣ§еҺ“)',
  `registered_address` varchar(500) DEFAULT NULL COMMENT 'еЁүг„Ҙе”ҪйҚҰжқҝжҪғ',
  `street` varchar(200) DEFAULT NULL COMMENT 'жүҖеұһиЎ—йҒ“/еҢәеҹҹ',
  `actual_address` varchar(500) DEFAULT NULL COMMENT 'зҖ№зӮәжӘҜзјҒеҝҡжғҖйҚҰжқҝжҪғ',
  `legal_person` varchar(50) DEFAULT NULL COMMENT 'еЁүжӣһз•ҫжө пҪҲгҖғжөң',
  `contact_person` varchar(50) NOT NULL COMMENT 'й‘ұж—Ӯйғҙжөң',
  `contact_phone` varchar(20) NOT NULL COMMENT 'й‘ұж—ӮйғҙйҗўдҪғзҳҪ',
  `contact_email` varchar(100) DEFAULT NULL COMMENT 'й‘ұж—Ӯйғҙй–ӯ??',
  `business_scope` varchar(1000) DEFAULT NULL COMMENT 'зјҒеҝҡжғҖй‘јеҶЁжҙҝ',
  `institution_type` varchar(50) DEFAULT '1' COMMENT 'жңәжһ„зұ»еһӢ(nursing_homeе…»иҖҒйҷў, service_centerе…»иҖҒжңҚеҠЎдёӯеҝғ, day_careж—Ҙй—ҙз…§ж–ҷдёӯеҝғ, senior_apartmentе…»иҖҒе…¬еҜ“, otherе…¶д»–)',
  `bed_count` int(11) DEFAULT NULL COMMENT 'жҗҙе©Ғз¶…йҸҒ',
  `fee_range` varchar(100) DEFAULT NULL COMMENT 'ж”¶иҙ№еҢәй—ҙ',
  `business_license` varchar(500) DEFAULT NULL COMMENT 'иҗҘдёҡжү§з…§ж–Үд»¶и·Ҝеҫ„',
  `approval_certificate` varchar(500) DEFAULT NULL COMMENT 'жү№еҮҶиҜҒд№Ұж–Үд»¶и·Ҝеҫ„',
  `supervision_agreement` varchar(500) DEFAULT NULL COMMENT 'зӣ‘з®ЎеҚҸи®®ж–Үд»¶и·Ҝеҫ„',
  `established_date` date DEFAULT NULL COMMENT 'йҺҙж„®зҸӣйҸғгғҰж№Ў',
  `organizer` varchar(200) DEFAULT NULL COMMENT 'е…ҙеҠһжңәжһ„',
  `responsible_name` varchar(50) DEFAULT NULL COMMENT 'иҙҹиҙЈдәәе§“еҗҚ',
  `responsible_id_card` varchar(18) DEFAULT NULL COMMENT 'иҙҹиҙЈдәәиә«д»ҪиҜҒеҸ·',
  `responsible_address` varchar(500) DEFAULT NULL COMMENT 'иҙҹиҙЈдәәеұ…дҪҸең°',
  `responsible_phone` varchar(20) DEFAULT NULL COMMENT 'иҙҹиҙЈдәәз”өиҜқ',
  `record_number` varchar(100) DEFAULT NULL COMMENT 'жҫ¶еӣЁ?йҚҷ',
  `fixed_assets` decimal(15,2) DEFAULT NULL COMMENT 'йҚҘе“„з•ҫз’§еӢӘйӘҮйҚ‘??(ж¶“еӣ§еҺ“)',
  `bank_account` varchar(100) DEFAULT NULL COMMENT 'йҚ©зғҳж№°зјҒж’¶з•»з’җпёҪеҹӣ',
  `supervise_account` varchar(100) DEFAULT NULL COMMENT 'йҗ©жҲ ?з’җпёҪеҹӣ',
  `supervise_account_status` char(1) DEFAULT '0' COMMENT 'зӣ‘з®ЎиҙҰжҲ·зҠ¶жҖҒ:0-жңӘејҖжҲ·,1-е·ІејҖжҲ·',
  `status` varchar(10) DEFAULT NULL COMMENT 'зҠ¶жҖҒ:4-иҚүзЁҝ,0-еҫ…е®Ўжү№,1-е·Іе…Ҙй©»,2-е·Ій©іеӣһ,5-з»ҙжҠӨдёӯ,6-з»ҙжҠӨеҫ…е®Ўжү№',
  `apply_time` datetime DEFAULT NULL COMMENT 'йҗўе® ?йҸғе •жЈҝ',
  `approve_time` datetime DEFAULT NULL COMMENT 'зҖ№в„ғеЈ’йҸғе •жЈҝ',
  `approve_user` varchar(64) DEFAULT NULL COMMENT 'зҖ№в„ғеЈ’жөң',
  `approve_remark` varchar(500) DEFAULT NULL COMMENT 'зҖ№в„ғеЈ’йҺ°еҝҡ?',
  `blacklist_flag` char(1) DEFAULT '0' COMMENT 'жҰӣжҲқжӮ•йҚ—жӣҹзҲЈи№Ү?0е§қпҪ…зҲ¶ 1жҰӣжҲқжӮ•йҚ—?',
  `create_by` varchar(64) DEFAULT '' COMMENT 'йҚ’ж¶ҳзј“й‘°',
  `create_time` datetime DEFAULT NULL COMMENT 'йҚ’ж¶ҳзј“йҸғе •жЈҝ',
  `update_by` varchar(64) DEFAULT '' COMMENT 'йҸҮеӯҳжҹҠй‘°',
  `update_time` datetime DEFAULT NULL COMMENT 'йҸҮеӯҳжҹҠйҸғе •жЈҝ',
  `remark` varchar(500) DEFAULT NULL COMMENT 'жҫ¶еӣЁж•һ',
  `approval_by` varchar(64) DEFAULT NULL COMMENT 'е®Ўжү№дәә',
  `approval_time` datetime DEFAULT NULL COMMENT 'е®Ўжү№ж—¶й—ҙ',
  PRIMARY KEY (`institution_id`)
) ENGINE=InnoDB AUTO_INCREMENT=22 DEFAULT CHARSET=utf8mb4 COLLATE=utf8mb4_general_ci COMMENT='йҚҸжҳҸ?йҸҲзғҳзҖҜж·Үв„ғдј…зҗӣ';

-- ----------------------------
-- Records of pension_institution
-- ----------------------------
INSERT INTO `pension_institution` VALUES ('1', 'Sunshine Nursing Home', '91440300123456789A', '500.00', 'Shenzhen Nanshan Science Park', null, 'Nanshan Science Park South Area', 'Zhang San', 'Li Si', '13800138000', 'lisi@sunshine.com', 'Elderly Care Service', '1', '200', null, null, null, null, '2020-01-01', null, null, null, null, null, '20200101', '1000.00', '6228480123456789', '6228480987654321', '0', '0', '2025-10-28 03:30:03', null, null, null, '0', 'admin', '2025-10-28 03:30:03', '', null, 'Test Institution', null, null);
INSERT INTO `pension_institution` VALUES ('2', 'жөӢиҜ•жңҚеҠЎжңәжһ„', '12123123123', '15.00', 'йҳҝж–Ҝи’ӮиҠ¬', null, 'йҳҝж–Ҝи’ӮиҠ¬', null, 'йҳҝж–Ҝи’ӮиҠ¬', '18539279011', null, null, '3', '0', null, null, null, null, null, null, null, null, null, null, null, '0.00', null, null, '0', '1', '2025-10-28 16:59:21', '2025-11-04 00:39:59', 'admin', null, '0', '', '2025-10-28 16:59:21', '', '2025-11-04 00:39:59', null, null, null);
INSERT INTO `pension_institution` VALUES ('3', '123123', '123123', '0.00', 'жөӢиҜ•ең°еқҖ', null, null, null, '123', '18539279011', null, null, '3', '0', null, null, null, null, null, null, null, null, null, null, null, '0.00', null, null, '0', '1', '2025-10-28 17:50:42', '2025-10-28 18:05:20', 'admin', '0', '0', '', '2025-10-28 17:50:42', '', null, null, null, null);
INSERT INTO `pension_institution` VALUES ('4', 'йҳҝж–Ҝи’ӮиҠ¬', '91410100MA46TE2X81', '4.00', 'йҳҝж–Ҝи’ӮиҠ¬', null, 'жөӢиҜ•ең°еқҖ', null, 'йҳҝж–Ҝи’ӮиҠ¬', '18539279011', null, null, 'nursing_home', '3', null, null, null, null, null, null, null, null, null, null, '1231323', '5.00', null, null, '0', '0', '2025-11-09 22:37:42', null, null, null, '0', '', '2025-11-09 22:37:42', '', null, null, null, null);
INSERT INTO `pension_institution` VALUES ('5', 'йҳҝж–Ҝи’ӮиҠ¬', '91410100MA45TE2X81', '3.00', 'йҳҝж–Ҝи’ӮиҠ¬', null, '21213', null, 'ASD', '18539279011', null, null, 'nursing_home', '4', null, null, null, null, null, null, null, null, null, null, '4564564', '4.00', null, null, '0', '0', '2025-11-09 22:55:54', null, null, null, '0', '', '2025-11-09 22:55:54', '', null, null, null, null);
INSERT INTO `pension_institution` VALUES ('11', 'жқҘдәҶжқҘдәҶ', '91410100MA45TE2X81', '3.00', 'йҳҝж–Ҝи’ӮиҠ¬', 'йҳҝж–Ҝи’ӮиҠ¬', 'йҳҝж–Ҝи’ӮиҠ¬', null, 'жҡ—е®ӨйҖўзҒҜ', '18539279011', null, null, 'nursing_home', '3', '2000', 'http://localhost:8080/profile/upload/2025/11/10/01_20251110004213A001.jpg', 'http://localhost:8080/profile/upload/2025/11/10/banner2_20251110004216A002.png', 'http://localhost:8080/profile/upload/2025/11/10/banner3_20251110004220A003.png', '2025-11-02', 'йҳҝж–Ҝи’ӮиҠ¬', 'йҳҝж–Ҝи’ӮиҠ¬', '412829198908160073', 'йҳҝж–Ҝи’ӮиҠ¬', '18539279011', 'йҳҝж–Ҝи’ӮиҠ¬', '6.00', null, null, '0', '0', '2025-11-10 00:42:22', null, null, null, '0', '', '2025-11-10 00:42:22', '', null, null, null, null);
INSERT INTO `pension_institution` VALUES ('12', 'жқҘдәҶжқҘдәҶ', '91410100MA45TE2X81', '3.00', 'йҳҝж–Ҝи’ӮиҠ¬', 'йҳҝж–Ҝи’ӮиҠ¬', 'йҳҝж–Ҝи’ӮиҠ¬', null, 'жҡ—е®ӨйҖўзҒҜ', '18539279011', null, null, 'nursing_home', '3', '2000', 'http://localhost:8080/profile/upload/2025/11/10/01_20251110004213A001.jpg', 'http://localhost:8080/profile/upload/2025/11/10/banner2_20251110004216A002.png', 'http://localhost:8080/profile/upload/2025/11/10/banner3_20251110004220A003.png', '2025-11-02', 'йҳҝж–Ҝи’ӮиҠ¬', 'йҳҝж–Ҝи’ӮиҠ¬', '412829198908160073', 'йҳҝж–Ҝи’ӮиҠ¬', '18539279011', 'йҳҝж–Ҝи’ӮиҠ¬', '6.00', null, null, '0', '0', '2025-11-10 00:43:21', null, null, null, '0', '', '2025-11-10 00:43:21', '', null, null, null, null);
INSERT INTO `pension_institution` VALUES ('13', 'з”·з”·еҘіеҘі', '91410100MA45TE2X81', '2.00', 'йҳҝж–Ҝи’ӮиҠ¬', 'йҳҝж–Ҝи’ӮиҠ¬', 'йҳҝж–Ҝи’ӮиҠ¬', null, 'йҳҝж–Ҝи’ӮиҠ¬', '18539279011', null, null, 'service_center', '3', '2000', 'http://localhost:8080/profile/upload/2025/11/10/01_20251110004437A004.jpg', 'http://localhost:8080/profile/upload/2025/11/10/banner2_20251110004439A005.png', 'http://localhost:8080/profile/upload/2025/11/10/banner3_20251110004442A006.png', '2025-11-03', 'йҳҝж–Ҝи’ӮиҠ¬', 'йҳҝж–Ҝи’ӮиҠ¬', '412829198908160073', 'йҳҝж–Ҝи’ӮиҠ¬', '18539279011', '2123132', '3.00', null, null, '0', '1', '2025-11-10 00:44:43', '2025-11-10 02:12:08', 'admin', null, '0', '', '2025-11-10 00:44:43', '', '2025-11-10 02:12:08', null, null, null);
INSERT INTO `pension_institution` VALUES ('14', 'е…«зҷҫж Үе…өеҘ”еҢ—еқЎ', '91410100MA45TE2X81', '4.00', 'йҳҝж–Ҝи’ӮиҠ¬йҳҝж–Ҝи’ӮиҠ¬', 'йҳҝж–Ҝи’ӮиҠ¬', 'йҳҝж–Ҝи’ӮиҠ¬', null, 'йҳҝж–Ҝи’ӮиҠ¬', '18539279011', null, null, 'nursing_home', '6', '2000-5000', 'http://localhost:8080/profile/upload/2025/11/10/01_20251110005419A001.jpg', 'http://localhost:8080/profile/upload/2025/11/10/banner2_20251110005422A002.png', 'http://localhost:8080/profile/upload/2025/11/10/banner3_20251110005425A003.png', '2025-11-02', 'жҡ—е®ӨйҖўзҒҜ', 'йҳҝж–Ҝи’ӮиҠ¬', '412829198908160073', 'ж°ҙз”өиҙ№', '18539279011', '456456', '7.00', '456456', '4564564', '0', '0', '2025-11-10 02:08:41', null, null, null, '0', '', '2025-11-10 00:54:28', '', '2025-11-10 02:08:41', null, null, null);
INSERT INTO `pension_institution` VALUES ('15', 'йҮҚдёӯд№ӢйҮҚ', '91410100MA45TE2X81', '2.00', 'йҳҝж–Ҝи’ӮиҠ¬', 'ж°ҙз”өиҙ№', 'йҳҝж–Ҝи’ӮиҠ¬', null, 'йҳҝж–Ҝи’ӮиҠ¬', '18539279011', null, null, 'nursing_home', '5', '2000', 'http://localhost:8080/profile/upload/2025/11/10/banner2_20251110025925A001.png', 'http://localhost:8080/profile/upload/2025/11/10/01_20251110025927A002.jpg', 'http://localhost:8080/profile/upload/2025/11/10/banner3_20251110031308A001.png', '2025-11-01', 'йҳҝж–Ҝи’ӮиҠ¬', 'йҳҝж–Ҝи’ӮиҠ¬', '412829198908160073', 'йҳҝж–Ҝи’ӮиҠ¬', '18539279011', '45465', '8.00', '45645646', '456456456', '0', '2', '2025-11-10 03:13:31', '2025-11-16 02:33:25', 'admin', 'йҳҝж–Ҝи’ӮиҠ¬', '0', '', '2025-11-10 02:59:31', '', '2025-11-16 02:33:25', null, null, null);
INSERT INTO `pension_institution` VALUES ('16', 'adminеўһеҠ зҡ„е…»иҖҒжңәжһ„', '91410100MA45TE2X81', '6.00', 'йҳҝж–Ҝи’ӮиҠ¬', 'йҳҝж–Ҝи’ӮиҠ¬', 'йҳҝж–Ҝи’ӮиҠ¬', null, 'йҳҝж–Ҝи’ӮиҠ¬', '18539279011', null, null, 'nursing_home', '4', '2000', 'http://localhost:8080/profile/upload/2025/11/10/01_20251110032847A001.jpg', 'http://localhost:8080/profile/upload/2025/11/10/banner2_20251110032850A002.png', 'http://localhost:8080/profile/upload/2025/11/10/banner3_20251110032853A003.png', '2025-11-02', 'йҳҝж–Ҝи’ӮиҠ¬', 'йҳҝж–Ҝи’ӮиҠ¬', '412829198908160073', 'йҳҝж–Ҝи’ӮиҠ¬', '18539279011', '45645', '3.00', '64546', '454544564', '0', '1', '2025-11-10 03:29:11', '2025-11-10 17:02:20', 'admin', null, '0', '', '2025-11-10 03:28:55', '', '2025-11-10 17:02:20', null, null, null);
INSERT INTO `pension_institution` VALUES ('17', 'жөӢиҜ•', '91410101MA45TE2X81', null, null, null, null, null, 'wenwang', '18539279011', null, null, '1', null, null, null, null, null, null, null, null, null, null, null, null, null, null, null, '0', '4', null, null, null, null, '0', 'admin', '2025-11-10 22:36:19', '', null, null, null, null);
INSERT INTO `pension_institution` VALUES ('18', 'жёҜж№ҫе…»иҖҒ', '91410100MA45TE2X91', null, null, null, null, null, 'йҷҲйЈһ', '13855555555', null, null, '1', null, null, null, null, null, null, null, null, null, null, null, null, null, null, null, '0', '4', null, null, null, null, '0', 'admin', '2025-11-10 23:10:07', '', null, null, null, null);
INSERT INTO `pension_institution` VALUES ('19', 'жөҸи§Ҳ', '91410100MA45TE8989', null, null, null, null, null, 'жһ—з§’', '18565656565', null, null, '1', null, null, null, null, null, null, null, null, null, null, null, null, null, null, null, '0', '4', null, null, null, null, '0', 'admin', '2025-11-10 23:23:10', '', null, null, null, null);
INSERT INTO `pension_institution` VALUES ('20', 'adminз¬¬дәҢдёӘжңәжһ„', '91410100MA45TE2X84', '100.00', 'adminз¬¬дәҢдёӘжңәжһ„', 'adminз¬¬дәҢдёӘжңәжһ„', 'adminз¬¬дәҢдёӘжңәжһ„', null, 'ASDF', '18539279011', null, null, 'nursing_home', '500', '200-5000', 'http://localhost:8080/profile/upload/2025/11/12/logo_20251112224628A001.png', 'http://localhost:8080/profile/upload/2025/11/12/logo_20251112224631A002.png', 'http://localhost:8080/profile/upload/2025/11/12/logo_20251112224634A003.png', '2025-11-02', '45465', 'ASDF ', '412829198908160071', 'adminз¬¬дәҢдёӘжңәжһ„ASDF ', '18539279011', '789789', '100.00', '564564', '45456', '0', '1', '2025-11-12 22:46:45', '2025-11-12 22:46:59', 'admin', null, '0', '', '2025-11-11 00:49:16', '', '2025-11-12 22:46:59', null, null, null);
INSERT INTO `pension_institution` VALUES ('21', 'е№ёзҰҸе…»иҖҒ', '91410100MA45TE2X89', '1000000.00', 'йҳҝж–Ҝи’ӮиҠ¬', null, 'йҳҝж–Ҝи’ӮиҠ¬', 'дёӨеҲ—', 'йҷҲе№ёзҰҸ', '13666666666', null, null, '1', null, null, null, null, null, null, null, null, null, null, null, null, null, null, null, '0', null, null, null, null, null, '0', 'admin', '2025-11-16 00:50:24', '', null, null, null, null);

-- ----------------------------
-- Table structure for pension_institution_attach
-- ----------------------------
DROP TABLE IF EXISTS `pension_institution_attach`;
CREATE TABLE `pension_institution_attach` (
  `attach_id` bigint(20) NOT NULL AUTO_INCREMENT COMMENT 'й—„еӢӘж¬ўID',
  `institution_id` bigint(20) NOT NULL COMMENT 'йҸҲзғҳзҖҜID',
  `attach_type` char(1) DEFAULT NULL COMMENT 'й—„еӢӘж¬ўз»«иҜІзҖ·(1й’ҖгғӨз¬ҹйҺөС…еҸҺ 2з»ҖеҸҘзҙ°з»Ӯеҝ“еҹ„йҸҲзғҳзҖҜз’Ғеү§з–ҶйҺөз‘°еҷҜз’ҮдҪ·еҠҹ 3ж¶“еӨӢжҹҹйҗ©жҲ ?йҚ—еҝҡ?)',
  `attach_name` varchar(200) DEFAULT NULL COMMENT 'й—„еӢӘж¬ўйҚҡе¶ҮРһ',
  `attach_path` varchar(500) DEFAULT NULL COMMENT 'й—„еӢӘж¬ўз’ә?з·һ',
  `file_size` bigint(20) DEFAULT NULL COMMENT 'йҸӮеӣҰж¬ўжҫ¶Сғзҡ¬(зҖӣжҘ„еҰӯ)',
  `file_type` varchar(50) DEFAULT NULL COMMENT 'йҸӮеӣҰж¬ўз»«иҜІзҖ·',
  `create_by` varchar(64) DEFAULT '' COMMENT 'ж¶“е©Ғзҙ¶й‘°',
  `create_time` datetime DEFAULT NULL COMMENT 'ж¶“е©Ғзҙ¶йҸғе •жЈҝ',
  PRIMARY KEY (`attach_id`),
  KEY `idx_institution_id` (`institution_id`)
) ENGINE=InnoDB DEFAULT CHARSET=utf8mb4 COLLATE=utf8mb4_general_ci COMMENT='йҸҲзғҳзҖҜй—„еӢӘж¬ўйҸүж„ӯжһЎзҗӣ';

-- ----------------------------
-- Records of pension_institution_attach
-- ----------------------------

-- ----------------------------
-- Table structure for pension_institution_public
-- ----------------------------
DROP TABLE IF EXISTS `pension_institution_public`;
CREATE TABLE `pension_institution_public` (
  `public_id` bigint(20) NOT NULL AUTO_INCREMENT COMMENT 'йҚҸ?гҒҡID',
  `institution_id` bigint(20) NOT NULL COMMENT 'йҸҲзғҳзҖҜID',
  `institution_intro` text COMMENT 'йҸҲзғҳзҖҜз» ?зІҷ',
  `service_scope` varchar(1000) DEFAULT NULL COMMENT 'йҸҲе¶…е§ҹй‘јеҶЁжҙҝ',
  `service_features` varchar(1000) DEFAULT NULL COMMENT 'йҗ—зЎ…еЈҠйҸҲе¶…е§ҹ',
  `land_area` decimal(10,2) DEFAULT NULL COMMENT 'йҚ—зҠІж№ҙй—ҲгҲўРқ(йӘһиҷ«жҹҹз»«?',
  `building_area` decimal(10,2) DEFAULT NULL COMMENT 'еҜӨиҷ№з“ҡй—ҲгҲўРқ(йӘһиҷ«жҹҹз»«?',
  `environment_imgs` text COMMENT 'йҗң??йҚҘеү§еў–(жҫ¶ж°¬зҙ¶й”ӣеІҖж•Өй–«жҘҖеҪҝйҚ’е—ӣж®§)',
  `rating` char(1) DEFAULT '3' COMMENT 'йҸҲзғҳзҖҜз’ҮеӢӯйӘҮ(1йҲҪ?2йҲҪе‘Әж§„ 3йҲҪе‘Әж§„йҲҪ?4йҲҪе‘Әж§„йҲҪе‘Әж§„ 5йҲҪе‘Әж§„йҲҪе‘Әж§„йҲҪ?',
  `fee_range_min` decimal(10,2) DEFAULT NULL COMMENT 'йҸҖжғ°еһӮйҚ–жҙӘжЈҝ-йҸҲ?з¶Ҷ(йҚҸ?йҸҲ?',
  `fee_range_max` decimal(10,2) DEFAULT NULL COMMENT 'йҸҖжғ°еһӮйҚ–жҙӘжЈҝ-йҸҲ?зҸ®(йҚҸ?йҸҲ?',
  `accept_elder_type` varchar(200) DEFAULT NULL COMMENT 'йҸҖжңөз¶Үй‘°дҪ·жұүз»«иҜІзҖ·',
  `is_published` char(1) DEFAULT '0' COMMENT 'йҸ„?жғҒйҚҸ?гҒҡ(0йҚҡ?1йҸ„?',
  `create_by` varchar(64) DEFAULT '' COMMENT 'йҚ’ж¶ҳзј“й‘°',
  `create_time` datetime DEFAULT NULL COMMENT 'йҚ’ж¶ҳзј“йҸғе •жЈҝ',
  `update_by` varchar(64) DEFAULT '' COMMENT 'йҸҮеӯҳжҹҠй‘°',
  `update_time` datetime DEFAULT NULL COMMENT 'йҸҮеӯҳжҹҠйҸғе •жЈҝ',
  PRIMARY KEY (`public_id`),
  KEY `idx_institution_id` (`institution_id`)
) ENGINE=InnoDB AUTO_INCREMENT=2 DEFAULT CHARSET=utf8mb4 COLLATE=utf8mb4_general_ci COMMENT='йҸҲзғҳзҖҜйҚҸ?гҒҡж·Үв„ғдј…зҗӣ';

-- ----------------------------
-- Records of pension_institution_public
-- ----------------------------
INSERT INTO `pension_institution_public` VALUES ('1', '16', 'йҳҝж–Ҝи’ӮиҠ¬йҳҝж–Ҝи’ӮиҠ¬', null, null, '8.00', '10.00', '/profile/upload/2025/11/11/е…»иҖҒжңәжһ„йў„ж”¶иҙ№иө„йҮ‘зӣ‘з®Ўе№іеҸ°еҠҹиғҪжё…еҚ•_Sheet1_20251111003827A001.png,/profile/upload/2025/11/11/е…»иҖҒжңәжһ„йў„ж”¶иҙ№иө„йҮ‘зӣ‘з®Ўе№іеҸ°еҠҹиғҪжё…еҚ•_Sheet1_20251111014458A001.png,/profile/upload/2025/11/11/е…»иҖҒжңәжһ„йў„ж”¶иҙ№иө„йҮ‘зӣ‘з®Ўе№іеҸ°еҠҹиғҪжё…еҚ•_Sheet1_20251111014502A002.png', '3', '0.00', '0.00', 'self_care,semi_disabled', '0', '', '2025-11-11 00:38:29', '', '2025-11-11 01:45:30');

-- ----------------------------
-- Table structure for qrtz_blob_triggers
-- ----------------------------
DROP TABLE IF EXISTS `qrtz_blob_triggers`;
CREATE TABLE `qrtz_blob_triggers` (
  `sched_name` varchar(120) COLLATE utf8mb4_general_ci NOT NULL COMMENT 'и°ғеәҰеҗҚз§°',
  `trigger_name` varchar(200) COLLATE utf8mb4_general_ci NOT NULL COMMENT 'qrtz_triggersиЎЁtrigger_nameзҡ„еӨ–й”®',
  `trigger_group` varchar(200) COLLATE utf8mb4_general_ci NOT NULL COMMENT 'qrtz_triggersиЎЁtrigger_groupзҡ„еӨ–й”®',
  `blob_data` blob COMMENT 'еӯҳж”ҫжҢҒд№…еҢ–TriggerеҜ№иұЎ',
  PRIMARY KEY (`sched_name`,`trigger_name`,`trigger_group`),
  CONSTRAINT `qrtz_blob_triggers_ibfk_1` FOREIGN KEY (`sched_name`, `trigger_name`, `trigger_group`) REFERENCES `qrtz_triggers` (`sched_name`, `trigger_name`, `trigger_group`)
) ENGINE=InnoDB DEFAULT CHARSET=utf8mb4 COLLATE=utf8mb4_general_ci COMMENT='Blobзұ»еһӢзҡ„и§ҰеҸ‘еҷЁиЎЁ';

-- ----------------------------
-- Records of qrtz_blob_triggers
-- ----------------------------

-- ----------------------------
-- Table structure for qrtz_calendars
-- ----------------------------
DROP TABLE IF EXISTS `qrtz_calendars`;
CREATE TABLE `qrtz_calendars` (
  `sched_name` varchar(120) COLLATE utf8mb4_general_ci NOT NULL COMMENT 'и°ғеәҰеҗҚз§°',
  `calendar_name` varchar(200) COLLATE utf8mb4_general_ci NOT NULL COMMENT 'ж—ҘеҺҶеҗҚз§°',
  `calendar` blob NOT NULL COMMENT 'еӯҳж”ҫжҢҒд№…еҢ–calendarеҜ№иұЎ',
  PRIMARY KEY (`sched_name`,`calendar_name`)
) ENGINE=InnoDB DEFAULT CHARSET=utf8mb4 COLLATE=utf8mb4_general_ci COMMENT='ж—ҘеҺҶдҝЎжҒҜиЎЁ';

-- ----------------------------
-- Records of qrtz_calendars
-- ----------------------------

-- ----------------------------
-- Table structure for qrtz_cron_triggers
-- ----------------------------
DROP TABLE IF EXISTS `qrtz_cron_triggers`;
CREATE TABLE `qrtz_cron_triggers` (
  `sched_name` varchar(120) COLLATE utf8mb4_general_ci NOT NULL COMMENT 'и°ғеәҰеҗҚз§°',
  `trigger_name` varchar(200) COLLATE utf8mb4_general_ci NOT NULL COMMENT 'qrtz_triggersиЎЁtrigger_nameзҡ„еӨ–й”®',
  `trigger_group` varchar(200) COLLATE utf8mb4_general_ci NOT NULL COMMENT 'qrtz_triggersиЎЁtrigger_groupзҡ„еӨ–й”®',
  `cron_expression` varchar(200) COLLATE utf8mb4_general_ci NOT NULL COMMENT 'cronиЎЁиҫҫејҸ',
  `time_zone_id` varchar(80) COLLATE utf8mb4_general_ci DEFAULT NULL COMMENT 'ж—¶еҢә',
  PRIMARY KEY (`sched_name`,`trigger_name`,`trigger_group`),
  CONSTRAINT `qrtz_cron_triggers_ibfk_1` FOREIGN KEY (`sched_name`, `trigger_name`, `trigger_group`) REFERENCES `qrtz_triggers` (`sched_name`, `trigger_name`, `trigger_group`)
) ENGINE=InnoDB DEFAULT CHARSET=utf8mb4 COLLATE=utf8mb4_general_ci COMMENT='Cronзұ»еһӢзҡ„и§ҰеҸ‘еҷЁиЎЁ';

-- ----------------------------
-- Records of qrtz_cron_triggers
-- ----------------------------

-- ----------------------------
-- Table structure for qrtz_fired_triggers
-- ----------------------------
DROP TABLE IF EXISTS `qrtz_fired_triggers`;
CREATE TABLE `qrtz_fired_triggers` (
  `sched_name` varchar(120) COLLATE utf8mb4_general_ci NOT NULL COMMENT 'и°ғеәҰеҗҚз§°',
  `entry_id` varchar(95) COLLATE utf8mb4_general_ci NOT NULL COMMENT 'и°ғеәҰеҷЁе®һдҫӢid',
  `trigger_name` varchar(200) COLLATE utf8mb4_general_ci NOT NULL COMMENT 'qrtz_triggersиЎЁtrigger_nameзҡ„еӨ–й”®',
  `trigger_group` varchar(200) COLLATE utf8mb4_general_ci NOT NULL COMMENT 'qrtz_triggersиЎЁtrigger_groupзҡ„еӨ–й”®',
  `instance_name` varchar(200) COLLATE utf8mb4_general_ci NOT NULL COMMENT 'и°ғеәҰеҷЁе®һдҫӢеҗҚ',
  `fired_time` bigint(13) NOT NULL COMMENT 'и§ҰеҸ‘зҡ„ж—¶й—ҙ',
  `sched_time` bigint(13) NOT NULL COMMENT 'е®ҡж—¶еҷЁеҲ¶е®ҡзҡ„ж—¶й—ҙ',
  `priority` int(11) NOT NULL COMMENT 'дјҳе…Ҳзә§',
  `state` varchar(16) COLLATE utf8mb4_general_ci NOT NULL COMMENT 'зҠ¶жҖҒ',
  `job_name` varchar(200) COLLATE utf8mb4_general_ci DEFAULT NULL COMMENT 'д»»еҠЎеҗҚз§°',
  `job_group` varchar(200) COLLATE utf8mb4_general_ci DEFAULT NULL COMMENT 'д»»еҠЎз»„еҗҚ',
  `is_nonconcurrent` varchar(1) COLLATE utf8mb4_general_ci DEFAULT NULL COMMENT 'жҳҜеҗҰе№¶еҸ‘',
  `requests_recovery` varchar(1) COLLATE utf8mb4_general_ci DEFAULT NULL COMMENT 'жҳҜеҗҰжҺҘеҸ—жҒўеӨҚжү§иЎҢ',
  PRIMARY KEY (`sched_name`,`entry_id`)
) ENGINE=InnoDB DEFAULT CHARSET=utf8mb4 COLLATE=utf8mb4_general_ci COMMENT='е·Іи§ҰеҸ‘зҡ„и§ҰеҸ‘еҷЁиЎЁ';

-- ----------------------------
-- Records of qrtz_fired_triggers
-- ----------------------------

-- ----------------------------
-- Table structure for qrtz_job_details
-- ----------------------------
DROP TABLE IF EXISTS `qrtz_job_details`;
CREATE TABLE `qrtz_job_details` (
  `sched_name` varchar(120) COLLATE utf8mb4_general_ci NOT NULL COMMENT 'и°ғеәҰеҗҚз§°',
  `job_name` varchar(200) COLLATE utf8mb4_general_ci NOT NULL COMMENT 'д»»еҠЎеҗҚз§°',
  `job_group` varchar(200) COLLATE utf8mb4_general_ci NOT NULL COMMENT 'д»»еҠЎз»„еҗҚ',
  `description` varchar(250) COLLATE utf8mb4_general_ci DEFAULT NULL COMMENT 'зӣёе…ід»Ӣз»Қ',
  `job_class_name` varchar(250) COLLATE utf8mb4_general_ci NOT NULL COMMENT 'жү§иЎҢд»»еҠЎзұ»еҗҚз§°',
  `is_durable` varchar(1) COLLATE utf8mb4_general_ci NOT NULL COMMENT 'жҳҜеҗҰжҢҒд№…еҢ–',
  `is_nonconcurrent` varchar(1) COLLATE utf8mb4_general_ci NOT NULL COMMENT 'жҳҜеҗҰе№¶еҸ‘',
  `is_update_data` varchar(1) COLLATE utf8mb4_general_ci NOT NULL COMMENT 'жҳҜеҗҰжӣҙж–°ж•°жҚ®',
  `requests_recovery` varchar(1) COLLATE utf8mb4_general_ci NOT NULL COMMENT 'жҳҜеҗҰжҺҘеҸ—жҒўеӨҚжү§иЎҢ',
  `job_data` blob COMMENT 'еӯҳж”ҫжҢҒд№…еҢ–jobеҜ№иұЎ',
  PRIMARY KEY (`sched_name`,`job_name`,`job_group`)
) ENGINE=InnoDB DEFAULT CHARSET=utf8mb4 COLLATE=utf8mb4_general_ci COMMENT='д»»еҠЎиҜҰз»ҶдҝЎжҒҜиЎЁ';

-- ----------------------------
-- Records of qrtz_job_details
-- ----------------------------

-- ----------------------------
-- Table structure for qrtz_locks
-- ----------------------------
DROP TABLE IF EXISTS `qrtz_locks`;
CREATE TABLE `qrtz_locks` (
  `sched_name` varchar(120) COLLATE utf8mb4_general_ci NOT NULL COMMENT 'и°ғеәҰеҗҚз§°',
  `lock_name` varchar(40) COLLATE utf8mb4_general_ci NOT NULL COMMENT 'жӮІи§Ӯй”ҒеҗҚз§°',
  PRIMARY KEY (`sched_name`,`lock_name`)
) ENGINE=InnoDB DEFAULT CHARSET=utf8mb4 COLLATE=utf8mb4_general_ci COMMENT='еӯҳеӮЁзҡ„жӮІи§Ӯй”ҒдҝЎжҒҜиЎЁ';

-- ----------------------------
-- Records of qrtz_locks
-- ----------------------------

-- ----------------------------
-- Table structure for qrtz_paused_trigger_grps
-- ----------------------------
DROP TABLE IF EXISTS `qrtz_paused_trigger_grps`;
CREATE TABLE `qrtz_paused_trigger_grps` (
  `sched_name` varchar(120) COLLATE utf8mb4_general_ci NOT NULL COMMENT 'и°ғеәҰеҗҚз§°',
  `trigger_group` varchar(200) COLLATE utf8mb4_general_ci NOT NULL COMMENT 'qrtz_triggersиЎЁtrigger_groupзҡ„еӨ–й”®',
  PRIMARY KEY (`sched_name`,`trigger_group`)
) ENGINE=InnoDB DEFAULT CHARSET=utf8mb4 COLLATE=utf8mb4_general_ci COMMENT='жҡӮеҒңзҡ„и§ҰеҸ‘еҷЁиЎЁ';

-- ----------------------------
-- Records of qrtz_paused_trigger_grps
-- ----------------------------

-- ----------------------------
-- Table structure for qrtz_scheduler_state
-- ----------------------------
DROP TABLE IF EXISTS `qrtz_scheduler_state`;
CREATE TABLE `qrtz_scheduler_state` (
  `sched_name` varchar(120) COLLATE utf8mb4_general_ci NOT NULL COMMENT 'и°ғеәҰеҗҚз§°',
  `instance_name` varchar(200) COLLATE utf8mb4_general_ci NOT NULL COMMENT 'е®һдҫӢеҗҚз§°',
  `last_checkin_time` bigint(13) NOT NULL COMMENT 'дёҠж¬ЎжЈҖжҹҘж—¶й—ҙ',
  `checkin_interval` bigint(13) NOT NULL COMMENT 'жЈҖжҹҘй—ҙйҡ”ж—¶й—ҙ',
  PRIMARY KEY (`sched_name`,`instance_name`)
) ENGINE=InnoDB DEFAULT CHARSET=utf8mb4 COLLATE=utf8mb4_general_ci COMMENT='и°ғеәҰеҷЁзҠ¶жҖҒиЎЁ';

-- ----------------------------
-- Records of qrtz_scheduler_state
-- ----------------------------

-- ----------------------------
-- Table structure for qrtz_simple_triggers
-- ----------------------------
DROP TABLE IF EXISTS `qrtz_simple_triggers`;
CREATE TABLE `qrtz_simple_triggers` (
  `sched_name` varchar(120) COLLATE utf8mb4_general_ci NOT NULL COMMENT 'и°ғеәҰеҗҚз§°',
  `trigger_name` varchar(200) COLLATE utf8mb4_general_ci NOT NULL COMMENT 'qrtz_triggersиЎЁtrigger_nameзҡ„еӨ–й”®',
  `trigger_group` varchar(200) COLLATE utf8mb4_general_ci NOT NULL COMMENT 'qrtz_triggersиЎЁtrigger_groupзҡ„еӨ–й”®',
  `repeat_count` bigint(7) NOT NULL COMMENT 'йҮҚеӨҚзҡ„ж¬Ўж•°з»ҹи®Ў',
  `repeat_interval` bigint(12) NOT NULL COMMENT 'йҮҚеӨҚзҡ„й—ҙйҡ”ж—¶й—ҙ',
  `times_triggered` bigint(10) NOT NULL COMMENT 'е·Із»Ҹи§ҰеҸ‘зҡ„ж¬Ўж•°',
  PRIMARY KEY (`sched_name`,`trigger_name`,`trigger_group`),
  CONSTRAINT `qrtz_simple_triggers_ibfk_1` FOREIGN KEY (`sched_name`, `trigger_name`, `trigger_group`) REFERENCES `qrtz_triggers` (`sched_name`, `trigger_name`, `trigger_group`)
) ENGINE=InnoDB DEFAULT CHARSET=utf8mb4 COLLATE=utf8mb4_general_ci COMMENT='з®ҖеҚ•и§ҰеҸ‘еҷЁзҡ„дҝЎжҒҜиЎЁ';

-- ----------------------------
-- Records of qrtz_simple_triggers
-- ----------------------------

-- ----------------------------
-- Table structure for qrtz_simprop_triggers
-- ----------------------------
DROP TABLE IF EXISTS `qrtz_simprop_triggers`;
CREATE TABLE `qrtz_simprop_triggers` (
  `sched_name` varchar(120) COLLATE utf8mb4_general_ci NOT NULL COMMENT 'и°ғеәҰеҗҚз§°',
  `trigger_name` varchar(200) COLLATE utf8mb4_general_ci NOT NULL COMMENT 'qrtz_triggersиЎЁtrigger_nameзҡ„еӨ–й”®',
  `trigger_group` varchar(200) COLLATE utf8mb4_general_ci NOT NULL COMMENT 'qrtz_triggersиЎЁtrigger_groupзҡ„еӨ–й”®',
  `str_prop_1` varchar(512) COLLATE utf8mb4_general_ci DEFAULT NULL COMMENT 'Stringзұ»еһӢзҡ„triggerзҡ„з¬¬дёҖдёӘеҸӮж•°',
  `str_prop_2` varchar(512) COLLATE utf8mb4_general_ci DEFAULT NULL COMMENT 'Stringзұ»еһӢзҡ„triggerзҡ„з¬¬дәҢдёӘеҸӮж•°',
  `str_prop_3` varchar(512) COLLATE utf8mb4_general_ci DEFAULT NULL COMMENT 'Stringзұ»еһӢзҡ„triggerзҡ„з¬¬дёүдёӘеҸӮж•°',
  `int_prop_1` int(11) DEFAULT NULL COMMENT 'intзұ»еһӢзҡ„triggerзҡ„з¬¬дёҖдёӘеҸӮж•°',
  `int_prop_2` int(11) DEFAULT NULL COMMENT 'intзұ»еһӢзҡ„triggerзҡ„з¬¬дәҢдёӘеҸӮж•°',
  `long_prop_1` bigint(20) DEFAULT NULL COMMENT 'longзұ»еһӢзҡ„triggerзҡ„з¬¬дёҖдёӘеҸӮж•°',
  `long_prop_2` bigint(20) DEFAULT NULL COMMENT 'longзұ»еһӢзҡ„triggerзҡ„з¬¬дәҢдёӘеҸӮж•°',
  `dec_prop_1` decimal(13,4) DEFAULT NULL COMMENT 'decimalзұ»еһӢзҡ„triggerзҡ„з¬¬дёҖдёӘеҸӮж•°',
  `dec_prop_2` decimal(13,4) DEFAULT NULL COMMENT 'decimalзұ»еһӢзҡ„triggerзҡ„з¬¬дәҢдёӘеҸӮж•°',
  `bool_prop_1` varchar(1) COLLATE utf8mb4_general_ci DEFAULT NULL COMMENT 'Booleanзұ»еһӢзҡ„triggerзҡ„з¬¬дёҖдёӘеҸӮж•°',
  `bool_prop_2` varchar(1) COLLATE utf8mb4_general_ci DEFAULT NULL COMMENT 'Booleanзұ»еһӢзҡ„triggerзҡ„з¬¬дәҢдёӘеҸӮж•°',
  PRIMARY KEY (`sched_name`,`trigger_name`,`trigger_group`),
  CONSTRAINT `qrtz_simprop_triggers_ibfk_1` FOREIGN KEY (`sched_name`, `trigger_name`, `trigger_group`) REFERENCES `qrtz_triggers` (`sched_name`, `trigger_name`, `trigger_group`)
) ENGINE=InnoDB DEFAULT CHARSET=utf8mb4 COLLATE=utf8mb4_general_ci COMMENT='еҗҢжӯҘжңәеҲ¶зҡ„иЎҢй”ҒиЎЁ';

-- ----------------------------
-- Records of qrtz_simprop_triggers
-- ----------------------------

-- ----------------------------
-- Table structure for qrtz_triggers
-- ----------------------------
DROP TABLE IF EXISTS `qrtz_triggers`;
CREATE TABLE `qrtz_triggers` (
  `sched_name` varchar(120) COLLATE utf8mb4_general_ci NOT NULL COMMENT 'и°ғеәҰеҗҚз§°',
  `trigger_name` varchar(200) COLLATE utf8mb4_general_ci NOT NULL COMMENT 'и§ҰеҸ‘еҷЁзҡ„еҗҚеӯ—',
  `trigger_group` varchar(200) COLLATE utf8mb4_general_ci NOT NULL COMMENT 'и§ҰеҸ‘еҷЁжүҖеұһз»„зҡ„еҗҚеӯ—',
  `job_name` varchar(200) COLLATE utf8mb4_general_ci NOT NULL COMMENT 'qrtz_job_detailsиЎЁjob_nameзҡ„еӨ–й”®',
  `job_group` varchar(200) COLLATE utf8mb4_general_ci NOT NULL COMMENT 'qrtz_job_detailsиЎЁjob_groupзҡ„еӨ–й”®',
  `description` varchar(250) COLLATE utf8mb4_general_ci DEFAULT NULL COMMENT 'зӣёе…ід»Ӣз»Қ',
  `next_fire_time` bigint(13) DEFAULT NULL COMMENT 'дёҠдёҖж¬Ўи§ҰеҸ‘ж—¶й—ҙпјҲжҜ«з§’пјү',
  `prev_fire_time` bigint(13) DEFAULT NULL COMMENT 'дёӢдёҖж¬Ўи§ҰеҸ‘ж—¶й—ҙпјҲй»ҳи®Өдёә-1иЎЁзӨәдёҚи§ҰеҸ‘пјү',
  `priority` int(11) DEFAULT NULL COMMENT 'дјҳе…Ҳзә§',
  `trigger_state` varchar(16) COLLATE utf8mb4_general_ci NOT NULL COMMENT 'и§ҰеҸ‘еҷЁзҠ¶жҖҒ',
  `trigger_type` varchar(8) COLLATE utf8mb4_general_ci NOT NULL COMMENT 'и§ҰеҸ‘еҷЁзҡ„зұ»еһӢ',
  `start_time` bigint(13) NOT NULL COMMENT 'ејҖе§Ӣж—¶й—ҙ',
  `end_time` bigint(13) DEFAULT NULL COMMENT 'з»“жқҹж—¶й—ҙ',
  `calendar_name` varchar(200) COLLATE utf8mb4_general_ci DEFAULT NULL COMMENT 'ж—ҘзЁӢиЎЁеҗҚз§°',
  `misfire_instr` smallint(2) DEFAULT NULL COMMENT 'иЎҘеҒҝжү§иЎҢзҡ„зӯ–з•Ҙ',
  `job_data` blob COMMENT 'еӯҳж”ҫжҢҒд№…еҢ–jobеҜ№иұЎ',
  PRIMARY KEY (`sched_name`,`trigger_name`,`trigger_group`),
  KEY `sched_name` (`sched_name`,`job_name`,`job_group`),
  CONSTRAINT `qrtz_triggers_ibfk_1` FOREIGN KEY (`sched_name`, `job_name`, `job_group`) REFERENCES `qrtz_job_details` (`sched_name`, `job_name`, `job_group`)
) ENGINE=InnoDB DEFAULT CHARSET=utf8mb4 COLLATE=utf8mb4_general_ci COMMENT='и§ҰеҸ‘еҷЁиҜҰз»ҶдҝЎжҒҜиЎЁ';

-- ----------------------------
-- Records of qrtz_triggers
-- ----------------------------

-- ----------------------------
-- Table structure for refund_record
-- ----------------------------
DROP TABLE IF EXISTS `refund_record`;
CREATE TABLE `refund_record` (
  `refund_id` bigint(20) NOT NULL AUTO_INCREMENT COMMENT 'йҖҖж¬ҫи®°еҪ•ID',
  `refund_no` varchar(50) NOT NULL COMMENT 'йҖҖж¬ҫеҚ•еҸ·',
  `order_id` bigint(20) NOT NULL COMMENT 'и®ўеҚ•ID',
  `payment_id` bigint(20) NOT NULL COMMENT 'ж”Ҝд»ҳи®°еҪ•ID',
  `elder_id` bigint(20) NOT NULL COMMENT 'иҖҒдәәID',
  `institution_id` bigint(20) NOT NULL COMMENT 'жңәжһ„ID',
  `refund_amount` decimal(10,2) NOT NULL COMMENT 'йҖҖж¬ҫйҮ‘йўқ(е…ғ)',
  `refund_reason` varchar(500) DEFAULT NULL COMMENT 'йҖҖж¬ҫеҺҹеӣ ',
  `refund_status` char(1) DEFAULT '0' COMMENT 'йҖҖж¬ҫзҠ¶жҖҒ(0з”іиҜ·дёӯ 1е·ІйҖҖж¬ҫ 2е·ІжӢ’з»қ)',
  `refund_method` varchar(50) DEFAULT NULL COMMENT 'йҖҖж¬ҫж–№ејҸ',
  `refund_time` datetime DEFAULT NULL COMMENT 'йҖҖж¬ҫж—¶й—ҙ',
  `approver` varchar(50) DEFAULT NULL COMMENT 'е®Ўжү№дәә',
  `approve_time` datetime DEFAULT NULL COMMENT 'е®Ўжү№ж—¶й—ҙ',
  `approve_remark` varchar(500) DEFAULT NULL COMMENT 'е®Ўжү№ж„Ҹи§Ғ',
  `create_by` varchar(64) DEFAULT '' COMMENT 'еҲӣе»әиҖ…',
  `create_time` datetime DEFAULT NULL COMMENT 'еҲӣе»әж—¶й—ҙ',
  `update_by` varchar(64) DEFAULT '' COMMENT 'жӣҙж–°иҖ…',
  `update_time` datetime DEFAULT NULL COMMENT 'жӣҙж–°ж—¶й—ҙ',
  PRIMARY KEY (`refund_id`),
  UNIQUE KEY `uk_refund_no` (`refund_no`),
  KEY `idx_order_id` (`order_id`),
  KEY `idx_payment_id` (`payment_id`),
  KEY `idx_elder_id` (`elder_id`),
  KEY `idx_refund_status` (`refund_status`)
) ENGINE=InnoDB DEFAULT CHARSET=utf8mb4 COLLATE=utf8mb4_general_ci COMMENT='йҖҖж¬ҫи®°еҪ•иЎЁ';

-- ----------------------------
-- Records of refund_record
-- ----------------------------

-- ----------------------------
-- Table structure for release_supervision
-- ----------------------------
DROP TABLE IF EXISTS `release_supervision`;
CREATE TABLE `release_supervision` (
  `release_id` bigint(20) NOT NULL AUTO_INCREMENT COMMENT 'и§ЈйҷӨзӣ‘з®Ўз”іиҜ·ID',
  `apply_no` varchar(50) DEFAULT NULL COMMENT 'з”іиҜ·зј–еҸ·',
  `institution_id` bigint(20) DEFAULT NULL COMMENT 'жңәжһ„ID',
  `institution_name` varchar(100) DEFAULT NULL COMMENT 'жңәжһ„еҗҚз§°',
  `credit_code` varchar(50) DEFAULT NULL COMMENT 'з»ҹдёҖдҝЎз”Ёд»Јз Ғ',
  `legal_person` varchar(50) DEFAULT NULL COMMENT 'жі•е®ҡд»ЈиЎЁдәә',
  `contact_person` varchar(50) DEFAULT NULL COMMENT 'иҒ”зі»дәә',
  `contact_phone` varchar(20) DEFAULT NULL COMMENT 'иҒ”зі»з”өиҜқ',
  `release_reason` varchar(500) DEFAULT NULL COMMENT 'и§ЈйҷӨеҺҹеӣ ',
  `supervision_balance` decimal(15,2) DEFAULT NULL COMMENT 'зӣ‘з®ЎиҙҰжҲ·жҖ»дҪҷйўқ',
  `service_fee_balance` decimal(15,2) DEFAULT NULL COMMENT 'йў„ж”¶жңҚеҠЎиҙ№дҪҷйўқ',
  `deposit_balance` decimal(15,2) DEFAULT NULL COMMENT 'йў„ж”¶жҠјйҮ‘дҪҷйўқ',
  `member_fee_balance` decimal(15,2) DEFAULT NULL COMMENT 'йў„ж”¶дјҡе‘ҳиҙ№дҪҷйўқ',
  `supervision_bank` varchar(100) DEFAULT NULL COMMENT 'зӣ‘з®ЎејҖжҲ·й“¶иЎҢ',
  `supervision_account` varchar(50) DEFAULT NULL COMMENT 'зӣ‘з®ЎиҙҰеҸ·',
  `basic_bank` varchar(100) DEFAULT NULL COMMENT 'еҹәжң¬иҙҰжҲ·й“¶иЎҢ',
  `basic_account` varchar(50) DEFAULT NULL COMMENT 'еҹәжң¬иҙҰеҸ·',
  `apply_status` char(1) DEFAULT '0' COMMENT 'з”іиҜ·зҠ¶жҖҒпјҲ0еҫ…е®Ўжү№ 1е·Іжү№еҮҶ 2е·Ій©іеӣһпјү',
  `apply_time` datetime DEFAULT NULL COMMENT 'з”іиҜ·ж—¶й—ҙ',
  `approver` varchar(50) DEFAULT NULL COMMENT 'е®Ўжү№дәә',
  `approve_time` datetime DEFAULT NULL COMMENT 'е®Ўжү№ж—¶й—ҙ',
  `approve_remark` varchar(500) DEFAULT NULL COMMENT 'е®Ўжү№ж„Ҹи§Ғ',
  `reject_reason` varchar(500) DEFAULT NULL COMMENT 'й©іеӣһеҺҹеӣ ',
  `create_time` datetime DEFAULT NULL COMMENT 'еҲӣе»әж—¶й—ҙ',
  `update_time` datetime DEFAULT NULL COMMENT 'жӣҙж–°ж—¶й—ҙ',
  PRIMARY KEY (`release_id`),
  KEY `idx_institution_id` (`institution_id`),
  KEY `idx_apply_status` (`apply_status`),
  KEY `idx_apply_time` (`apply_time`)
) ENGINE=InnoDB AUTO_INCREMENT=6 DEFAULT CHARSET=utf8mb4 COLLATE=utf8mb4_general_ci COMMENT='жңәжһ„и§ЈйҷӨзӣ‘з®Ўз”іиҜ·иЎЁ';

-- ----------------------------
-- Records of release_supervision
-- ----------------------------
INSERT INTO `release_supervision` VALUES ('1', 'SQ20250101001', '1', 'еә·д№җе…»иҖҒйҷў', '91110000123456789A', 'еј дёү', 'жқҺеӣӣ', '13800138000', 'еӣ з»ҸиҗҘзӯ–з•Ҙи°ғж•ҙпјҢз”іиҜ·и§ЈйҷӨиө„йҮ‘зӣ‘з®Ў', '150000.00', '80000.00', '50000.00', '20000.00', 'дёӯеӣҪе·Ҙе•Ҷй“¶иЎҢеҢ—дә¬еҲҶиЎҢ', '1109075123456', 'дёӯеӣҪе»әи®ҫй“¶иЎҢеҢ—дә¬еҲҶиЎҢ', '1109076098765', '0', '2025-01-01 10:00:00', null, null, null, null, '2025-11-04 10:12:26', '2025-11-04 10:12:26');
INSERT INTO `release_supervision` VALUES ('2', 'SQ20250102002', '2', 'еӨ•йҳізәўе…»иҖҒдёӯеҝғ', '91110000987654321B', 'зҺӢдә”', 'иөөе…ӯ', '13900139000', 'жңҚеҠЎжЁЎејҸеҸҳжӣҙпјҢз”іиҜ·и§ЈйҷӨзӣ‘з®Ў', '280000.00', '150000.00', '100000.00', '30000.00', 'дёӯеӣҪеҶңдёҡй“¶иЎҢдёҠжө·еҲҶиЎҢ', '1039085234567', 'дёӯеӣҪе·Ҙе•Ҷй“¶иЎҢдёҠжө·еҲҶиЎҢ', '1009085987654', '0', '2025-01-02 14:30:00', null, null, null, null, '2025-11-04 10:12:26', '2025-11-04 10:12:26');
INSERT INTO `release_supervision` VALUES ('3', 'SQ20250103003', '3', 'е№ёзҰҸжҷҡе№ҙжҠӨзҗҶйҷў', '91110000567891234C', 'йҷҲдёғ', 'е‘Ёе…«', '13700137000', 'иҪ¬еһӢдёәе…¬зӣҠжңәжһ„пјҢз”іиҜ·и§ЈйҷӨзӣ‘з®Ў', '120000.00', '60000.00', '40000.00', '20000.00', 'дёӯеӣҪй“¶иЎҢж·ұеңіеҲҶиЎҢ', '1059176543210', 'жӢӣе•Ҷй“¶иЎҢж·ұеңіеҲҶиЎҢ', '7559176123456', '1', '2025-01-03 09:15:00', null, null, null, null, '2025-11-04 10:12:26', '2025-11-04 10:12:26');
INSERT INTO `release_supervision` VALUES ('4', 'SQ20250104004', '4', 'йҮ‘иүІе№ҙеҚҺе…»иҖҒе…¬еҜ“', '91110000112233445D', 'еҲҳд№қ', 'еҗҙеҚҒ', '13600136000', 'еҗҲе№¶йҮҚз»„пјҢз”іиҜ·и§ЈйҷӨзӣ‘з®Ў', '350000.00', '200000.00', '120000.00', '30000.00', 'дәӨйҖҡй“¶иЎҢе№ҝе·һеҲҶиЎҢ', '1106087123456', 'дёӯдҝЎй“¶иЎҢе№ҝе·һеҲҶиЎҢ', '7336087987654', '2', '2025-01-04 16:45:00', null, null, null, null, '2025-11-04 10:12:26', '2025-11-04 10:12:26');
INSERT INTO `release_supervision` VALUES ('5', 'SQ20250105005', '5', 'е®үеә·е…»иҖҒжңҚеҠЎжңүйҷҗе…¬еҸё', '91110000998877665E', 'йғ‘дёҖ', 'еӯҷдәҢ', '13500135000', 'дёҡеҠЎи°ғж•ҙпјҢз”іиҜ·и§ЈйҷӨзӣ‘з®Ў', '95000.00', '45000.00', '35000.00', '15000.00', 'дёӯеӣҪж°‘з”ҹй“¶иЎҢжҲҗйғҪеҲҶиЎҢ', '1046876234567', 'дёӯеӣҪе…үеӨ§й“¶иЎҢжҲҗйғҪеҲҶиЎҢ', '1046876789012', '0', '2025-01-05 11:20:00', null, null, null, null, '2025-11-04 10:12:26', '2025-11-04 10:12:26');

-- ----------------------------
-- Table structure for sys_config
-- ----------------------------
DROP TABLE IF EXISTS `sys_config`;
CREATE TABLE `sys_config` (
  `config_id` int(5) NOT NULL AUTO_INCREMENT COMMENT 'еҸӮж•°дё»й”®',
  `config_name` varchar(100) COLLATE utf8mb4_general_ci DEFAULT '' COMMENT 'еҸӮж•°еҗҚз§°',
  `config_key` varchar(100) COLLATE utf8mb4_general_ci DEFAULT '' COMMENT 'еҸӮж•°й”®еҗҚ',
  `config_value` varchar(500) COLLATE utf8mb4_general_ci DEFAULT '' COMMENT 'еҸӮж•°й”®еҖј',
  `config_type` char(1) COLLATE utf8mb4_general_ci DEFAULT 'N' COMMENT 'зі»з»ҹеҶ…зҪ®пјҲYжҳҜ NеҗҰпјү',
  `create_by` varchar(64) COLLATE utf8mb4_general_ci DEFAULT '' COMMENT 'еҲӣе»әиҖ…',
  `create_time` datetime DEFAULT NULL COMMENT 'еҲӣе»әж—¶й—ҙ',
  `update_by` varchar(64) COLLATE utf8mb4_general_ci DEFAULT '' COMMENT 'жӣҙж–°иҖ…',
  `update_time` datetime DEFAULT NULL COMMENT 'жӣҙж–°ж—¶й—ҙ',
  `remark` varchar(500) COLLATE utf8mb4_general_ci DEFAULT NULL COMMENT 'еӨҮжіЁ',
  PRIMARY KEY (`config_id`)
) ENGINE=InnoDB AUTO_INCREMENT=100 DEFAULT CHARSET=utf8mb4 COLLATE=utf8mb4_general_ci COMMENT='еҸӮж•°й…ҚзҪ®иЎЁ';

-- ----------------------------
-- Records of sys_config
-- ----------------------------
INSERT INTO `sys_config` VALUES ('1', 'дё»жЎҶжһ¶йЎө-й»ҳи®Өзҡ®иӮӨж ·ејҸеҗҚз§°', 'sys.index.skinName', 'skin-blue', 'Y', 'admin', '2025-10-28 02:47:08', '', null, 'и“қиүІ skin-blueгҖҒз»ҝиүІ skin-greenгҖҒзҙ«иүІ skin-purpleгҖҒзәўиүІ skin-redгҖҒй»„иүІ skin-yellow');
INSERT INTO `sys_config` VALUES ('2', 'з”ЁжҲ·з®ЎзҗҶ-иҙҰеҸ·еҲқе§ӢеҜҶз Ғ', 'sys.user.initPassword', '123456', 'Y', 'admin', '2025-10-28 02:47:08', '', null, 'еҲқе§ӢеҢ–еҜҶз Ғ 123456');
INSERT INTO `sys_config` VALUES ('3', 'дё»жЎҶжһ¶йЎө-дҫ§иҫ№ж Ҹдё»йўҳ', 'sys.index.sideTheme', 'theme-dark', 'Y', 'admin', '2025-10-28 02:47:08', '', null, 'ж·ұиүІдё»йўҳtheme-darkпјҢжө…иүІдё»йўҳtheme-light');
INSERT INTO `sys_config` VALUES ('4', 'иҙҰеҸ·иҮӘеҠ©-йӘҢиҜҒз ҒејҖе…і', 'sys.account.captchaEnabled', 'false', 'N', 'admin', '2025-10-28 02:47:08', 'admin', '2025-11-16 00:25:39', 'жҳҜеҗҰејҖеҗҜйӘҢиҜҒз ҒеҠҹиғҪпјҲtrueејҖеҗҜпјҢfalseе…ій—ӯпјү');
INSERT INTO `sys_config` VALUES ('5', 'иҙҰеҸ·иҮӘеҠ©-жҳҜеҗҰејҖеҗҜз”ЁжҲ·жіЁеҶҢеҠҹиғҪ', 'sys.account.registerUser', 'false', 'Y', 'admin', '2025-10-28 02:47:08', '', null, 'жҳҜеҗҰејҖеҗҜжіЁеҶҢз”ЁжҲ·еҠҹиғҪпјҲtrueејҖеҗҜпјҢfalseе…ій—ӯпјү');
INSERT INTO `sys_config` VALUES ('6', 'з”ЁжҲ·зҷ»еҪ•-й»‘еҗҚеҚ•еҲ—иЎЁ', 'sys.login.blackIPList', '', 'Y', 'admin', '2025-10-28 02:47:08', '', null, 'и®ҫзҪ®зҷ»еҪ•IPй»‘еҗҚеҚ•йҷҗеҲ¶пјҢеӨҡдёӘеҢ№й…ҚйЎ№д»Ҙ;еҲҶйҡ”пјҢж”ҜжҢҒеҢ№й…ҚпјҲ*йҖҡй…ҚгҖҒзҪ‘ж®өпјү');
INSERT INTO `sys_config` VALUES ('7', 'з”ЁжҲ·з®ЎзҗҶ-еҲқе§ӢеҜҶз Ғдҝ®ж”№зӯ–з•Ҙ', 'sys.account.initPasswordModify', '1', 'Y', 'admin', '2025-10-28 02:47:08', '', null, '0пјҡеҲқе§ӢеҜҶз Ғдҝ®ж”№зӯ–з•Ҙе…ій—ӯпјҢжІЎжңүд»»дҪ•жҸҗзӨәпјҢ1пјҡжҸҗйҶ’з”ЁжҲ·пјҢеҰӮжһңжңӘдҝ®ж”№еҲқе§ӢеҜҶз ҒпјҢеҲҷеңЁзҷ»еҪ•ж—¶е°ұдјҡжҸҗйҶ’дҝ®ж”№еҜҶз ҒеҜ№иҜқжЎҶ');
INSERT INTO `sys_config` VALUES ('8', 'з”ЁжҲ·з®ЎзҗҶ-иҙҰеҸ·еҜҶз Ғжӣҙж–°е‘Ёжңҹ', 'sys.account.passwordValidateDays', '0', 'Y', 'admin', '2025-10-28 02:47:08', '', null, 'еҜҶз Ғжӣҙж–°е‘ЁжңҹпјҲеЎ«еҶҷж•°еӯ—пјҢж•°жҚ®еҲқе§ӢеҢ–еҖјдёә0дёҚйҷҗеҲ¶пјҢиӢҘдҝ®ж”№еҝ…йЎ»дёәеӨ§дәҺ0е°ҸдәҺ365зҡ„жӯЈж•ҙж•°пјүпјҢеҰӮжһңи¶…иҝҮиҝҷдёӘе‘Ёжңҹзҷ»еҪ•зі»з»ҹж—¶пјҢеҲҷеңЁзҷ»еҪ•ж—¶е°ұдјҡжҸҗйҶ’дҝ®ж”№еҜҶз ҒеҜ№иҜқжЎҶ');

-- ----------------------------
-- Table structure for sys_dept
-- ----------------------------
DROP TABLE IF EXISTS `sys_dept`;
CREATE TABLE `sys_dept` (
  `dept_id` bigint(20) NOT NULL AUTO_INCREMENT COMMENT 'йғЁй—Ёid',
  `parent_id` bigint(20) DEFAULT '0' COMMENT 'зҲ¶йғЁй—Ёid',
  `ancestors` varchar(50) COLLATE utf8mb4_general_ci DEFAULT '' COMMENT 'зҘ–зә§еҲ—иЎЁ',
  `dept_name` varchar(30) COLLATE utf8mb4_general_ci DEFAULT '' COMMENT 'йғЁй—ЁеҗҚз§°',
  `order_num` int(4) DEFAULT '0' COMMENT 'жҳҫзӨәйЎәеәҸ',
  `leader` varchar(20) COLLATE utf8mb4_general_ci DEFAULT NULL COMMENT 'иҙҹиҙЈдәә',
  `phone` varchar(11) COLLATE utf8mb4_general_ci DEFAULT NULL COMMENT 'иҒ”зі»з”өиҜқ',
  `email` varchar(50) COLLATE utf8mb4_general_ci DEFAULT NULL COMMENT 'йӮ®з®ұ',
  `status` char(1) COLLATE utf8mb4_general_ci DEFAULT '0' COMMENT 'йғЁй—ЁзҠ¶жҖҒпјҲ0жӯЈеёё 1еҒңз”Ёпјү',
  `del_flag` char(1) COLLATE utf8mb4_general_ci DEFAULT '0' COMMENT 'еҲ йҷӨж Үеҝ—пјҲ0д»ЈиЎЁеӯҳеңЁ 2д»ЈиЎЁеҲ йҷӨпјү',
  `create_by` varchar(64) COLLATE utf8mb4_general_ci DEFAULT '' COMMENT 'еҲӣе»әиҖ…',
  `create_time` datetime DEFAULT NULL COMMENT 'еҲӣе»әж—¶й—ҙ',
  `update_by` varchar(64) COLLATE utf8mb4_general_ci DEFAULT '' COMMENT 'жӣҙж–°иҖ…',
  `update_time` datetime DEFAULT NULL COMMENT 'жӣҙж–°ж—¶й—ҙ',
  PRIMARY KEY (`dept_id`)
) ENGINE=InnoDB AUTO_INCREMENT=200 DEFAULT CHARSET=utf8mb4 COLLATE=utf8mb4_general_ci COMMENT='йғЁй—ЁиЎЁ';

-- ----------------------------
-- Records of sys_dept
-- ----------------------------
INSERT INTO `sys_dept` VALUES ('100', '0', '0', 'жөӢиҜ•з®ЎзҗҶе‘ҳ', '0', 'жөӢиҜ•з®ЎзҗҶе‘ҳ', '15888888888', 'ry@qq.com', '0', '0', 'admin', '2025-10-28 02:47:08', 'admin', '2025-11-10 02:20:57');
INSERT INTO `sys_dept` VALUES ('101', '100', '0,100', 'ж·ұеңіжҖ»е…¬еҸё', '1', 'иӢҘдҫқ', '15888888888', 'ry@qq.com', '0', '0', 'admin', '2025-10-28 02:47:08', '', null);
INSERT INTO `sys_dept` VALUES ('102', '100', '0,100', 'й•ҝжІҷеҲҶе…¬еҸё', '2', 'иӢҘдҫқ', '15888888888', 'ry@qq.com', '0', '0', 'admin', '2025-10-28 02:47:08', '', null);
INSERT INTO `sys_dept` VALUES ('103', '101', '0,100,101', 'з ”еҸ‘йғЁй—Ё', '1', 'иӢҘдҫқ', '15888888888', 'ry@qq.com', '0', '0', 'admin', '2025-10-28 02:47:08', '', null);
INSERT INTO `sys_dept` VALUES ('104', '101', '0,100,101', 'еёӮеңәйғЁй—Ё', '2', 'иӢҘдҫқ', '15888888888', 'ry@qq.com', '0', '0', 'admin', '2025-10-28 02:47:08', '', null);
INSERT INTO `sys_dept` VALUES ('105', '101', '0,100,101', 'жөӢиҜ•йғЁй—Ё', '3', 'иӢҘдҫқ', '15888888888', 'ry@qq.com', '0', '0', 'admin', '2025-10-28 02:47:08', '', null);
INSERT INTO `sys_dept` VALUES ('106', '101', '0,100,101', 'иҙўеҠЎйғЁй—Ё', '4', 'иӢҘдҫқ', '15888888888', 'ry@qq.com', '0', '0', 'admin', '2025-10-28 02:47:08', '', null);
INSERT INTO `sys_dept` VALUES ('107', '101', '0,100,101', 'иҝҗз»ҙйғЁй—Ё', '5', 'иӢҘдҫқ', '15888888888', 'ry@qq.com', '0', '0', 'admin', '2025-10-28 02:47:08', '', null);
INSERT INTO `sys_dept` VALUES ('108', '102', '0,100,102', 'еёӮеңәйғЁй—Ё', '1', 'иӢҘдҫқ', '15888888888', 'ry@qq.com', '0', '0', 'admin', '2025-10-28 02:47:08', '', null);
INSERT INTO `sys_dept` VALUES ('109', '102', '0,100,102', 'иҙўеҠЎйғЁй—Ё', '2', 'иӢҘдҫқ', '15888888888', 'ry@qq.com', '0', '0', 'admin', '2025-10-28 02:47:08', '', null);

-- ----------------------------
-- Table structure for sys_dict_data
-- ----------------------------
DROP TABLE IF EXISTS `sys_dict_data`;
CREATE TABLE `sys_dict_data` (
  `dict_code` bigint(20) NOT NULL AUTO_INCREMENT COMMENT 'еӯ—е…ёзј–з Ғ',
  `dict_sort` int(4) DEFAULT '0' COMMENT 'еӯ—е…ёжҺ’еәҸ',
  `dict_label` varchar(100) COLLATE utf8mb4_general_ci DEFAULT '' COMMENT 'еӯ—е…ёж Үзӯҫ',
  `dict_value` varchar(100) COLLATE utf8mb4_general_ci DEFAULT '' COMMENT 'еӯ—е…ёй”®еҖј',
  `dict_type` varchar(100) COLLATE utf8mb4_general_ci DEFAULT '' COMMENT 'еӯ—е…ёзұ»еһӢ',
  `css_class` varchar(100) COLLATE utf8mb4_general_ci DEFAULT NULL COMMENT 'ж ·ејҸеұһжҖ§пјҲе…¶д»–ж ·ејҸжү©еұ•пјү',
  `list_class` varchar(100) COLLATE utf8mb4_general_ci DEFAULT NULL COMMENT 'иЎЁж јеӣһжҳҫж ·ејҸ',
  `is_default` char(1) COLLATE utf8mb4_general_ci DEFAULT 'N' COMMENT 'жҳҜеҗҰй»ҳи®ӨпјҲYжҳҜ NеҗҰпјү',
  `status` char(1) COLLATE utf8mb4_general_ci DEFAULT '0' COMMENT 'зҠ¶жҖҒпјҲ0жӯЈеёё 1еҒңз”Ёпјү',
  `create_by` varchar(64) COLLATE utf8mb4_general_ci DEFAULT '' COMMENT 'еҲӣе»әиҖ…',
  `create_time` datetime DEFAULT NULL COMMENT 'еҲӣе»әж—¶й—ҙ',
  `update_by` varchar(64) COLLATE utf8mb4_general_ci DEFAULT '' COMMENT 'жӣҙж–°иҖ…',
  `update_time` datetime DEFAULT NULL COMMENT 'жӣҙж–°ж—¶й—ҙ',
  `remark` varchar(500) COLLATE utf8mb4_general_ci DEFAULT NULL COMMENT 'еӨҮжіЁ',
  PRIMARY KEY (`dict_code`)
) ENGINE=InnoDB AUTO_INCREMENT=1032 DEFAULT CHARSET=utf8mb4 COLLATE=utf8mb4_general_ci COMMENT='еӯ—е…ёж•°жҚ®иЎЁ';

-- ----------------------------
-- Records of sys_dict_data
-- ----------------------------
INSERT INTO `sys_dict_data` VALUES ('1', '1', 'з”·', '0', 'sys_user_sex', '', '', 'Y', '0', 'admin', '2025-10-28 02:47:08', '', null, 'жҖ§еҲ«з”·');
INSERT INTO `sys_dict_data` VALUES ('2', '2', 'еҘі', '1', 'sys_user_sex', '', '', 'N', '0', 'admin', '2025-10-28 02:47:08', '', null, 'жҖ§еҲ«еҘі');
INSERT INTO `sys_dict_data` VALUES ('3', '3', 'жңӘзҹҘ', '2', 'sys_user_sex', '', '', 'N', '0', 'admin', '2025-10-28 02:47:08', '', null, 'жҖ§еҲ«жңӘзҹҘ');
INSERT INTO `sys_dict_data` VALUES ('4', '1', 'жҳҫзӨә', '0', 'sys_show_hide', '', 'primary', 'Y', '0', 'admin', '2025-10-28 02:47:08', '', null, 'жҳҫзӨәиҸңеҚ•');
INSERT INTO `sys_dict_data` VALUES ('5', '2', 'йҡҗи—Ҹ', '1', 'sys_show_hide', '', 'danger', 'N', '0', 'admin', '2025-10-28 02:47:08', '', null, 'йҡҗи—ҸиҸңеҚ•');
INSERT INTO `sys_dict_data` VALUES ('6', '1', 'жӯЈеёё', '0', 'sys_normal_disable', '', 'primary', 'Y', '0', 'admin', '2025-10-28 02:47:08', '', null, 'жӯЈеёёзҠ¶жҖҒ');
INSERT INTO `sys_dict_data` VALUES ('7', '2', 'еҒңз”Ё', '1', 'sys_normal_disable', '', 'danger', 'N', '0', 'admin', '2025-10-28 02:47:08', '', null, 'еҒңз”ЁзҠ¶жҖҒ');
INSERT INTO `sys_dict_data` VALUES ('8', '1', 'жӯЈеёё', '0', 'sys_job_status', '', 'primary', 'Y', '0', 'admin', '2025-10-28 02:47:08', '', null, 'жӯЈеёёзҠ¶жҖҒ');
INSERT INTO `sys_dict_data` VALUES ('9', '2', 'жҡӮеҒң', '1', 'sys_job_status', '', 'danger', 'N', '0', 'admin', '2025-10-28 02:47:08', '', null, 'еҒңз”ЁзҠ¶жҖҒ');
INSERT INTO `sys_dict_data` VALUES ('10', '1', 'й»ҳи®Ө', 'DEFAULT', 'sys_job_group', '', '', 'Y', '0', 'admin', '2025-10-28 02:47:08', '', null, 'й»ҳи®ӨеҲҶз»„');
INSERT INTO `sys_dict_data` VALUES ('11', '2', 'зі»з»ҹ', 'SYSTEM', 'sys_job_group', '', '', 'N', '0', 'admin', '2025-10-28 02:47:08', '', null, 'зі»з»ҹеҲҶз»„');
INSERT INTO `sys_dict_data` VALUES ('12', '1', 'жҳҜ', 'Y', 'sys_yes_no', '', 'primary', 'Y', '0', 'admin', '2025-10-28 02:47:08', '', null, 'зі»з»ҹй»ҳи®ӨжҳҜ');
INSERT INTO `sys_dict_data` VALUES ('13', '2', 'еҗҰ', 'N', 'sys_yes_no', '', 'danger', 'N', '0', 'admin', '2025-10-28 02:47:08', '', null, 'зі»з»ҹй»ҳи®ӨеҗҰ');
INSERT INTO `sys_dict_data` VALUES ('14', '1', 'йҖҡзҹҘ', '1', 'sys_notice_type', '', 'warning', 'Y', '0', 'admin', '2025-10-28 02:47:08', '', null, 'йҖҡзҹҘ');
INSERT INTO `sys_dict_data` VALUES ('15', '2', 'е…¬е‘Ҡ', '2', 'sys_notice_type', '', 'success', 'N', '0', 'admin', '2025-10-28 02:47:08', '', null, 'е…¬е‘Ҡ');
INSERT INTO `sys_dict_data` VALUES ('16', '1', 'жӯЈеёё', '0', 'sys_notice_status', '', 'primary', 'Y', '0', 'admin', '2025-10-28 02:47:08', '', null, 'жӯЈеёёзҠ¶жҖҒ');
INSERT INTO `sys_dict_data` VALUES ('17', '2', 'е…ій—ӯ', '1', 'sys_notice_status', '', 'danger', 'N', '0', 'admin', '2025-10-28 02:47:08', '', null, 'е…ій—ӯзҠ¶жҖҒ');
INSERT INTO `sys_dict_data` VALUES ('18', '99', 'е…¶д»–', '0', 'sys_oper_type', '', 'info', 'N', '0', 'admin', '2025-10-28 02:47:08', '', null, 'е…¶д»–ж“ҚдҪң');
INSERT INTO `sys_dict_data` VALUES ('19', '1', 'ж–°еўһ', '1', 'sys_oper_type', '', 'info', 'N', '0', 'admin', '2025-10-28 02:47:08', '', null, 'ж–°еўһж“ҚдҪң');
INSERT INTO `sys_dict_data` VALUES ('20', '2', 'дҝ®ж”№', '2', 'sys_oper_type', '', 'info', 'N', '0', 'admin', '2025-10-28 02:47:08', '', null, 'дҝ®ж”№ж“ҚдҪң');
INSERT INTO `sys_dict_data` VALUES ('21', '3', 'еҲ йҷӨ', '3', 'sys_oper_type', '', 'danger', 'N', '0', 'admin', '2025-10-28 02:47:08', '', null, 'еҲ йҷӨж“ҚдҪң');
INSERT INTO `sys_dict_data` VALUES ('22', '4', 'жҺҲжқғ', '4', 'sys_oper_type', '', 'primary', 'N', '0', 'admin', '2025-10-28 02:47:08', '', null, 'жҺҲжқғж“ҚдҪң');
INSERT INTO `sys_dict_data` VALUES ('23', '5', 'еҜјеҮә', '5', 'sys_oper_type', '', 'warning', 'N', '0', 'admin', '2025-10-28 02:47:08', '', null, 'еҜјеҮәж“ҚдҪң');
INSERT INTO `sys_dict_data` VALUES ('24', '6', 'еҜје…Ҙ', '6', 'sys_oper_type', '', 'warning', 'N', '0', 'admin', '2025-10-28 02:47:08', '', null, 'еҜје…Ҙж“ҚдҪң');
INSERT INTO `sys_dict_data` VALUES ('25', '7', 'ејәйҖҖ', '7', 'sys_oper_type', '', 'danger', 'N', '0', 'admin', '2025-10-28 02:47:08', '', null, 'ејәйҖҖж“ҚдҪң');
INSERT INTO `sys_dict_data` VALUES ('26', '8', 'з”ҹжҲҗд»Јз Ғ', '8', 'sys_oper_type', '', 'warning', 'N', '0', 'admin', '2025-10-28 02:47:08', '', null, 'з”ҹжҲҗж“ҚдҪң');
INSERT INTO `sys_dict_data` VALUES ('27', '9', 'жё…з©әж•°жҚ®', '9', 'sys_oper_type', '', 'danger', 'N', '0', 'admin', '2025-10-28 02:47:08', '', null, 'жё…з©әж“ҚдҪң');
INSERT INTO `sys_dict_data` VALUES ('28', '1', 'жҲҗеҠҹ', '0', 'sys_common_status', '', 'primary', 'N', '0', 'admin', '2025-10-28 02:47:08', '', null, 'жӯЈеёёзҠ¶жҖҒ');
INSERT INTO `sys_dict_data` VALUES ('29', '2', 'еӨұиҙҘ', '1', 'sys_common_status', '', 'danger', 'N', '0', 'admin', '2025-10-28 02:47:08', '', null, 'еҒңз”ЁзҠ¶жҖҒ');
INSERT INTO `sys_dict_data` VALUES ('103', '1', 'ж°‘еҠһжңәжһ„', '1', 'pension_institution_type', '', 'primary', 'N', '0', 'admin', '2025-10-28 10:00:00', 'ry', '2025-10-28 10:00:00', 'ж°‘еҠһе…»иҖҒжңәжһ„');
INSERT INTO `sys_dict_data` VALUES ('104', '2', 'е…¬еҠһжңәжһ„', '2', 'pension_institution_type', '', 'success', 'N', '0', 'admin', '2025-10-28 10:00:00', 'ry', '2025-10-28 10:00:00', 'е…¬еҠһе…»иҖҒжңәжһ„');
INSERT INTO `sys_dict_data` VALUES ('105', '3', 'е…¬е»әж°‘иҗҘ', '3', 'pension_institution_type', '', 'info', 'N', '0', 'admin', '2025-10-28 10:00:00', 'ry', '2025-10-28 10:00:00', 'е…¬е»әж°‘иҗҘжңәжһ„');
INSERT INTO `sys_dict_data` VALUES ('106', '1', 'еҫ…е®Ўжү№', '0', 'pension_institution_status', '', 'warning', 'N', '0', 'admin', '2025-10-28 10:00:00', 'ry', '2025-10-28 10:00:00', 'жңәжһ„е…Ҙй©»з”іиҜ·еҫ…е®Ўжү№');
INSERT INTO `sys_dict_data` VALUES ('107', '2', 'е·Іе…Ҙй©»', '1', 'pension_institution_status', '', 'success', 'N', '0', 'admin', '2025-10-28 10:00:00', 'ry', '2025-10-28 10:00:00', 'жңәжһ„е·ІжӯЈејҸе…Ҙй©»');
INSERT INTO `sys_dict_data` VALUES ('108', '3', 'е·Ій©іеӣһ', '2', 'pension_institution_status', '', 'danger', 'N', '0', 'admin', '2025-10-28 10:00:00', 'ry', '2025-10-28 10:00:00', 'жңәжһ„е…Ҙй©»з”іиҜ·иў«й©іеӣһ');
INSERT INTO `sys_dict_data` VALUES ('109', '1', 'иҗҘдёҡжү§з…§', '1', 'pension_attach_type', '', 'primary', 'N', '0', 'admin', '2025-10-28 10:00:00', 'ry', '2025-10-28 10:00:00', 'жңәжһ„иҗҘдёҡжү§з…§йҷ„д»¶');
INSERT INTO `sys_dict_data` VALUES ('110', '2', 'жү№еҮҶиҜҒд№Ұ', '2', 'pension_attach_type', '', 'success', 'N', '0', 'admin', '2025-10-28 10:00:00', 'ry', '2025-10-28 10:00:00', 'зӨҫдјҡзҰҸеҲ©жңәжһ„и®ҫзҪ®жү№еҮҶиҜҒд№Ұ');
INSERT INTO `sys_dict_data` VALUES ('111', '3', 'дёүж–№еҚҸи®®', '3', 'pension_attach_type', '', 'info', 'N', '0', 'admin', '2025-10-28 10:00:00', 'ry', '2025-10-28 10:00:00', 'жңәжһ„+й“¶иЎҢ+ж°‘ж”ҝдёүж–№зӣ‘з®ЎеҚҸи®®');
INSERT INTO `sys_dict_data` VALUES ('200', '0', 'иҮӘзҗҶ', '1', 'elder_care_level', '', 'primary', 'N', '0', 'admin', '2025-10-28 18:35:38', '', null, 'з”ҹжҙ»е®Ңе…ЁиҮӘзҗҶ');
INSERT INTO `sys_dict_data` VALUES ('201', '0', 'еҚҠжҠӨзҗҶ', '2', 'elder_care_level', '', 'warning', 'N', '0', 'admin', '2025-10-28 18:35:38', '', null, 'йңҖиҰҒйғЁеҲҶжҠӨзҗҶ');
INSERT INTO `sys_dict_data` VALUES ('202', '0', 'е…ЁжҠӨзҗҶ', '3', 'elder_care_level', '', 'danger', 'N', '0', 'admin', '2025-10-28 18:35:38', '', null, 'йңҖиҰҒе…ЁйқўжҠӨзҗҶ');
INSERT INTO `sys_dict_data` VALUES ('203', '0', 'жңӘе…ҘдҪҸ', '0', 'elder_status', '', 'info', 'N', '0', 'admin', '2025-10-28 18:35:38', '', null, 'е°ҡжңӘе…ҘдҪҸ');
INSERT INTO `sys_dict_data` VALUES ('204', '0', 'е·Іе…ҘдҪҸ', '1', 'elder_status', '', 'success', 'N', '0', 'admin', '2025-10-28 18:35:38', '', null, 'е·Іе…ҘдҪҸ');
INSERT INTO `sys_dict_data` VALUES ('205', '0', 'е·ІйҖҖдҪҸ', '2', 'elder_status', '', 'danger', 'N', '0', 'admin', '2025-10-28 18:35:38', '', null, 'е·ІйҖҖдҪҸ');
INSERT INTO `sys_dict_data` VALUES ('206', '0', 'жҷ®йҖҡеәҠдҪҚ', '1', 'bed_type', '', 'primary', 'N', '0', 'admin', '2025-10-28 18:35:38', '', null, 'ж ҮеҮҶжҷ®йҖҡеәҠдҪҚ');
INSERT INTO `sys_dict_data` VALUES ('207', '0', 'иұӘеҚҺеәҠдҪҚ', '2', 'bed_type', '', 'warning', 'N', '0', 'admin', '2025-10-28 18:35:38', '', null, 'иұӘеҚҺиҲ’йҖӮеәҠдҪҚ');
INSERT INTO `sys_dict_data` VALUES ('208', '0', 'еҢ»з–—еәҠдҪҚ', '3', 'bed_type', '', 'danger', 'N', '0', 'admin', '2025-10-28 18:35:38', '', null, 'еҢ»з–—жҠӨзҗҶеәҠдҪҚ');
INSERT INTO `sys_dict_data` VALUES ('209', '0', 'з©әзҪ®', '0', 'bed_status', '', 'success', 'N', '0', 'admin', '2025-10-28 18:35:38', '', null, 'еәҠдҪҚз©әзҪ®еҸҜз”Ё');
INSERT INTO `sys_dict_data` VALUES ('210', '0', 'еҚ з”Ё', '1', 'bed_status', '', 'danger', 'N', '0', 'admin', '2025-10-28 18:35:38', '', null, 'еәҠдҪҚе·Іиў«еҚ з”Ё');
INSERT INTO `sys_dict_data` VALUES ('211', '0', 'з»ҙдҝ®', '2', 'bed_status', '', 'warning', 'N', '0', 'admin', '2025-10-28 18:35:38', '', null, 'еәҠдҪҚз»ҙдҝ®дёӯ');
INSERT INTO `sys_dict_data` VALUES ('212', '0', 'з”іиҜ·дёӯ', '0', 'check_in_status', '', 'primary', 'N', '0', 'admin', '2025-10-28 18:35:38', '', null, 'е…ҘдҪҸз”іиҜ·еӨ„зҗҶдёӯ');
INSERT INTO `sys_dict_data` VALUES ('213', '0', 'е·Іе…ҘдҪҸ', '1', 'check_in_status', '', 'success', 'N', '0', 'admin', '2025-10-28 18:35:38', '', null, 'е·ІжҲҗеҠҹе…ҘдҪҸ');
INSERT INTO `sys_dict_data` VALUES ('214', '0', 'е·ІжӢ’з»қ', '2', 'check_in_status', '', 'danger', 'N', '0', 'admin', '2025-10-28 18:35:38', '', null, 'з”іиҜ·иў«жӢ’з»қ');
INSERT INTO `sys_dict_data` VALUES ('215', '0', 'е·ІеҸ–ж¶Ҳ', '3', 'check_in_status', '', 'info', 'N', '0', 'admin', '2025-10-28 18:35:38', '', null, 'з”іиҜ·е·ІеҸ–ж¶Ҳ');
INSERT INTO `sys_dict_data` VALUES ('216', '0', 'еңЁдҪҸ', '1', 'allocation_status', '', 'success', 'N', '0', 'admin', '2025-10-28 18:35:38', '', null, 'иҖҒдәәеңЁдҪҸ');
INSERT INTO `sys_dict_data` VALUES ('217', '0', 'е·ІйҖҖдҪҸ', '2', 'allocation_status', '', 'danger', 'N', '0', 'admin', '2025-10-28 18:35:38', '', null, 'иҖҒдәәе·ІйҖҖдҪҸ');
INSERT INTO `sys_dict_data` VALUES ('218', '0', 'жңӘж”Ҝд»ҳ', '0', 'deposit_status', '', 'danger', 'N', '0', 'admin', '2025-10-28 18:35:38', '', null, 'жҠјйҮ‘жңӘж”Ҝд»ҳ');
INSERT INTO `sys_dict_data` VALUES ('219', '0', 'е·Іж”Ҝд»ҳ', '1', 'deposit_status', '', 'success', 'N', '0', 'admin', '2025-10-28 18:35:38', '', null, 'жҠјйҮ‘е·Іж”Ҝд»ҳ');
INSERT INTO `sys_dict_data` VALUES ('220', '0', 'е·ІйҖҖиҝҳ', '2', 'deposit_status', '', 'info', 'N', '0', 'admin', '2025-10-28 18:35:38', '', null, 'жҠјйҮ‘е·ІйҖҖиҝҳ');
INSERT INTO `sys_dict_data` VALUES ('221', '0', 'з”·', '1', 'elder_gender', '', 'primary', 'N', '0', 'admin', '2025-10-28 19:03:57', '', null, 'з”·жҖ§');
INSERT INTO `sys_dict_data` VALUES ('222', '0', 'еҘі', '2', 'elder_gender', '', 'danger', 'N', '0', 'admin', '2025-10-28 19:03:57', '', null, 'еҘіжҖ§');
INSERT INTO `sys_dict_data` VALUES ('300', '0', 'еәҠдҪҚиҙ№', '1', 'order_type', '', 'primary', 'N', '0', 'admin', '2025-10-28 20:01:58', '', null, 'еәҠдҪҚдҪҝз”Ёиҙ№з”Ё');
INSERT INTO `sys_dict_data` VALUES ('301', '0', 'жҠӨзҗҶиҙ№', '2', 'order_type', '', 'success', 'N', '0', 'admin', '2025-10-28 20:01:58', '', null, 'жҠӨзҗҶжңҚеҠЎиҙ№з”Ё');
INSERT INTO `sys_dict_data` VALUES ('302', '0', 'йӨҗйҘ®иҙ№', '3', 'order_type', '', 'warning', 'N', '0', 'admin', '2025-10-28 20:01:58', '', null, 'йӨҗйҘ®жңҚеҠЎиҙ№з”Ё');
INSERT INTO `sys_dict_data` VALUES ('303', '0', 'еҢ»з–—иҙ№', '4', 'order_type', '', 'danger', 'N', '0', 'admin', '2025-10-28 20:01:58', '', null, 'еҢ»з–—жңҚеҠЎиҙ№з”Ё');
INSERT INTO `sys_dict_data` VALUES ('304', '0', 'е…¶д»–иҙ№з”Ё', '5', 'order_type', '', 'info', 'N', '0', 'admin', '2025-10-28 20:01:58', '', null, 'е…¶д»–жқӮйЎ№иҙ№з”Ё');
INSERT INTO `sys_dict_data` VALUES ('305', '0', 'еҫ…ж”Ҝд»ҳ', '0', 'order_status', '', 'warning', 'N', '0', 'admin', '2025-10-28 20:01:58', '', null, 'и®ўеҚ•еҫ…ж”Ҝд»ҳ');
INSERT INTO `sys_dict_data` VALUES ('306', '0', 'е·Іж”Ҝд»ҳ', '1', 'order_status', '', 'success', 'N', '0', 'admin', '2025-10-28 20:01:58', '', null, 'и®ўеҚ•е·Іж”Ҝд»ҳ');
INSERT INTO `sys_dict_data` VALUES ('307', '0', 'е·ІеҸ–ж¶Ҳ', '2', 'order_status', '', 'info', 'N', '0', 'admin', '2025-10-28 20:01:58', '', null, 'и®ўеҚ•е·ІеҸ–ж¶Ҳ');
INSERT INTO `sys_dict_data` VALUES ('308', '0', 'е·ІйҖҖж¬ҫ', '3', 'order_status', '', 'danger', 'N', '0', 'admin', '2025-10-28 20:01:58', '', null, 'и®ўеҚ•е·ІйҖҖж¬ҫ');
INSERT INTO `sys_dict_data` VALUES ('309', '0', 'еҫ®дҝЎж”Ҝд»ҳ', 'wechat', 'payment_method', '', 'success', 'N', '0', 'admin', '2025-10-28 20:01:58', '', null, 'еҫ®дҝЎжү«з Ғж”Ҝд»ҳ');
INSERT INTO `sys_dict_data` VALUES ('310', '0', 'ж”Ҝд»ҳе®қ', 'alipay', 'payment_method', '', 'primary', 'N', '0', 'admin', '2025-10-28 20:01:58', '', null, 'ж”Ҝд»ҳе®қж”Ҝд»ҳ');
INSERT INTO `sys_dict_data` VALUES ('311', '0', 'й“¶иЎҢеҚЎиҪ¬иҙҰ', 'bank', 'payment_method', '', 'info', 'N', '0', 'admin', '2025-10-28 20:01:58', '', null, 'й“¶иЎҢиҪ¬иҙҰж”Ҝд»ҳ');
INSERT INTO `sys_dict_data` VALUES ('312', '0', 'зҺ°йҮ‘', 'cash', 'payment_method', '', 'warning', 'N', '0', 'admin', '2025-10-28 20:01:58', '', null, 'зҺ°йҮ‘ж”Ҝд»ҳ');
INSERT INTO `sys_dict_data` VALUES ('313', '0', 'еӨ„зҗҶдёӯ', '0', 'payment_status', '', 'warning', 'N', '0', 'admin', '2025-10-28 20:01:58', '', null, 'ж”Ҝд»ҳеӨ„зҗҶдёӯ');
INSERT INTO `sys_dict_data` VALUES ('314', '0', 'ж”Ҝд»ҳжҲҗеҠҹ', '1', 'payment_status', '', 'success', 'N', '0', 'admin', '2025-10-28 20:01:58', '', null, 'ж”Ҝд»ҳжҲҗеҠҹ');
INSERT INTO `sys_dict_data` VALUES ('315', '0', 'ж”Ҝд»ҳеӨұиҙҘ', '2', 'payment_status', '', 'danger', 'N', '0', 'admin', '2025-10-28 20:01:58', '', null, 'ж”Ҝд»ҳеӨұиҙҘ');
INSERT INTO `sys_dict_data` VALUES ('316', '0', 'з”іиҜ·дёӯ', '0', 'refund_status', '', 'warning', 'N', '0', 'admin', '2025-10-28 20:01:58', '', null, 'йҖҖж¬ҫз”іиҜ·дёӯ');
INSERT INTO `sys_dict_data` VALUES ('317', '0', 'е·ІйҖҖж¬ҫ', '1', 'refund_status', '', 'success', 'N', '0', 'admin', '2025-10-28 20:01:58', '', null, 'йҖҖж¬ҫе·Іе®ҢжҲҗ');
INSERT INTO `sys_dict_data` VALUES ('318', '0', 'е·ІжӢ’з»қ', '2', 'refund_status', '', 'danger', 'N', '0', 'admin', '2025-10-28 20:01:58', '', null, 'йҖҖж¬ҫз”іиҜ·иў«жӢ’з»қ');
INSERT INTO `sys_dict_data` VALUES ('319', '0', 'жңҲеәҰ', 'monthly', 'billing_cycle', '', 'primary', 'N', '0', 'admin', '2025-10-28 20:01:58', '', null, 'жҢүжңҲи®Ўиҙ№');
INSERT INTO `sys_dict_data` VALUES ('320', '0', 'еӯЈеәҰ', 'quarterly', 'billing_cycle', '', 'success', 'N', '0', 'admin', '2025-10-28 20:01:58', '', null, 'жҢүеӯЈеәҰи®Ўиҙ№');
INSERT INTO `sys_dict_data` VALUES ('321', '0', 'е№ҙеәҰ', 'yearly', 'billing_cycle', '', 'warning', 'N', '0', 'admin', '2025-10-28 20:01:58', '', null, 'жҢүе№ҙи®Ўиҙ№');
INSERT INTO `sys_dict_data` VALUES ('322', '0', 'дёҖж¬ЎжҖ§', 'once', 'billing_cycle', '', 'info', 'N', '0', 'admin', '2025-10-28 20:01:58', '', null, 'дёҖж¬ЎжҖ§иҙ№з”Ё');
INSERT INTO `sys_dict_data` VALUES ('323', '1', 'жӯЈеёё', '1', 'account_status', '', 'primary', 'N', '0', 'admin', '2025-10-29 00:51:41', '', null, 'жӯЈеёёзҠ¶жҖҒ');
INSERT INTO `sys_dict_data` VALUES ('324', '2', 'еҶ»з»“', '0', 'account_status', '', 'danger', 'N', '0', 'admin', '2025-10-29 00:51:41', '', null, 'еҶ»з»“зҠ¶жҖҒ');
INSERT INTO `sys_dict_data` VALUES ('325', '3', 'й”ҖжҲ·', '2', 'account_status', '', 'info', 'N', '0', 'admin', '2025-10-29 00:51:41', '', null, 'й”ҖжҲ·зҠ¶жҖҒ');
INSERT INTO `sys_dict_data` VALUES ('326', '1', 'иҮӘеҠЁеҲ’жӢЁ', '1', 'transfer_type', '', 'primary', 'N', '0', 'admin', '2025-10-29 00:53:04', '', null, 'зі»з»ҹиҮӘеҠЁжү§иЎҢ');
INSERT INTO `sys_dict_data` VALUES ('327', '2', 'жүӢеҠЁеҲ’жӢЁ', '2', 'transfer_type', '', 'warning', 'N', '0', 'admin', '2025-10-29 00:53:04', '', null, 'дәәе·ҘжүӢеҠЁжү§иЎҢ');
INSERT INTO `sys_dict_data` VALUES ('328', '3', 'зү№ж®Ҡз”іиҜ·', '3', 'transfer_type', '', 'info', 'N', '0', 'admin', '2025-10-29 00:53:04', '', null, 'зү№ж®ҠдёҡеҠЎз”іиҜ·');
INSERT INTO `sys_dict_data` VALUES ('329', '1', 'еҫ…еӨ„зҗҶ', '0', 'transfer_status', '', 'warning', 'N', '0', 'admin', '2025-10-29 00:53:04', '', null, 'зӯүеҫ…еӨ„зҗҶ');
INSERT INTO `sys_dict_data` VALUES ('330', '2', 'жҲҗеҠҹ', '1', 'transfer_status', '', 'success', 'N', '0', 'admin', '2025-10-29 00:53:04', '', null, 'жү§иЎҢжҲҗеҠҹ');
INSERT INTO `sys_dict_data` VALUES ('331', '3', 'еӨұиҙҘ', '2', 'transfer_status', '', 'danger', 'N', '0', 'admin', '2025-10-29 00:53:04', '', null, 'жү§иЎҢеӨұиҙҘ');
INSERT INTO `sys_dict_data` VALUES ('1000', '1', 'еҢ»з–—иҙ№з”Ё', '1', 'deposit_apply_type', '', 'danger', 'N', '0', 'admin', '2025-10-29 11:22:01', '', null, 'зҙ§жҖҘеҢ»з–—иҙ№з”Ё');
INSERT INTO `sys_dict_data` VALUES ('1001', '2', 'з”ҹжҙ»з”Ёе“Ғ', '2', 'deposit_apply_type', '', 'primary', 'N', '0', 'admin', '2025-10-29 11:22:01', '', null, 'ж—Ҙеёёз”ҹжҙ»з”Ёе“Ғ');
INSERT INTO `sys_dict_data` VALUES ('1002', '3', 'еә·еӨҚжҠӨзҗҶ', '3', 'deposit_apply_type', '', 'warning', 'N', '0', 'admin', '2025-10-29 11:22:01', '', null, 'еә·еӨҚжҠӨзҗҶиҙ№з”Ё');
INSERT INTO `sys_dict_data` VALUES ('1003', '4', 'е…¶д»–иҙ№з”Ё', '4', 'deposit_apply_type', '', 'info', 'N', '0', 'admin', '2025-10-29 11:22:01', '', null, 'е…¶д»–зү№ж®Ҡиҙ№з”Ё');
INSERT INTO `sys_dict_data` VALUES ('1010', '1', 'дёҖиҲ¬', 'дёҖиҲ¬', 'urgency_level', '', 'info', 'Y', '0', 'admin', '2025-11-13 02:41:48', '', null, 'дёҖиҲ¬жғ…еҶөеҸҜе»¶еҗҺеӨ„зҗҶ');
INSERT INTO `sys_dict_data` VALUES ('1011', '2', 'зҙ§жҖҘ', 'зҙ§жҖҘ', 'urgency_level', '', 'warning', 'N', '0', 'admin', '2025-11-13 02:41:48', '', null, 'зҙ§жҖҘжғ…еҶөйңҖдјҳе…ҲеӨ„зҗҶ');
INSERT INTO `sys_dict_data` VALUES ('1012', '3', 'йқһеёёзҙ§жҖҘ', 'йқһеёёзҙ§жҖҘ', 'urgency_level', '', 'danger', 'N', '0', 'admin', '2025-11-13 02:41:48', '', null, 'йқһеёёзҙ§жҖҘжғ…еҶөйңҖз«ӢеҚіеӨ„зҗҶ');
INSERT INTO `sys_dict_data` VALUES ('1020', '1', 'иҚүзЁҝ', 'draft', 'deposit_apply_status', '', 'info', 'N', '0', 'admin', '2025-11-13 02:42:00', '', null, 'з”іиҜ·иҚүзЁҝ');
INSERT INTO `sys_dict_data` VALUES ('1021', '2', 'еҫ…е®¶еұһе®Ўжү№', 'pending_family', 'deposit_apply_status', '', 'warning', 'N', '0', 'admin', '2025-11-13 02:42:00', '', null, 'зӯүеҫ…е®¶еұһжҲ–иҖҒдәәзЎ®и®Ө');
INSERT INTO `sys_dict_data` VALUES ('1022', '3', 'е®¶еұһе·Іе®Ўжү№', 'family_approved', 'deposit_apply_status', '', 'primary', 'N', '0', 'admin', '2025-11-13 02:42:00', '', null, 'е®¶еұһе·ІзЎ®и®Ө,еҫ…зӣ‘з®ЎйғЁй—Ёе®Ўжү№');
INSERT INTO `sys_dict_data` VALUES ('1023', '4', 'еҫ…зӣ‘з®Ўе®Ўжү№', 'pending_supervision', 'deposit_apply_status', '', 'warning', 'N', '0', 'admin', '2025-11-13 02:42:00', '', null, 'зӯүеҫ…зӣ‘з®ЎйғЁй—Ёе®Ўжү№');
INSERT INTO `sys_dict_data` VALUES ('1024', '5', 'е·ІйҖҡиҝҮ', 'approved', 'deposit_apply_status', '', 'success', 'N', '0', 'admin', '2025-11-13 02:42:00', '', null, 'зӣ‘з®ЎйғЁй—Ёе®Ўжү№йҖҡиҝҮ');
INSERT INTO `sys_dict_data` VALUES ('1025', '6', 'е·Ій©іеӣһ', 'rejected', 'deposit_apply_status', '', 'danger', 'N', '0', 'admin', '2025-11-13 02:42:00', '', null, 'е®Ўжү№иў«й©іеӣһ');
INSERT INTO `sys_dict_data` VALUES ('1026', '7', 'е·Іж’Өеӣһ', 'withdrawn', 'deposit_apply_status', '', 'info', 'N', '0', 'admin', '2025-11-13 02:42:00', '', null, 'з”іиҜ·е·Іж’Өеӣһ');
INSERT INTO `sys_dict_data` VALUES ('1027', '1', 'Children', '1', 'elder_relation_type', null, null, 'N', '0', 'admin', '2025-11-14 12:03:21', '', null, null);
INSERT INTO `sys_dict_data` VALUES ('1028', '2', 'Spouse', '2', 'elder_relation_type', null, null, 'N', '0', 'admin', '2025-11-14 12:03:21', '', null, null);
INSERT INTO `sys_dict_data` VALUES ('1029', '3', 'Sibling', '3', 'elder_relation_type', null, null, 'N', '0', 'admin', '2025-11-14 12:03:21', '', null, null);
INSERT INTO `sys_dict_data` VALUES ('1030', '4', 'Relative', '4', 'elder_relation_type', null, null, 'N', '0', 'admin', '2025-11-14 12:03:21', '', null, null);
INSERT INTO `sys_dict_data` VALUES ('1031', '5', 'Friend', '5', 'elder_relation_type', null, null, 'N', '0', 'admin', '2025-11-14 12:03:21', '', null, null);

-- ----------------------------
-- Table structure for sys_dict_type
-- ----------------------------
DROP TABLE IF EXISTS `sys_dict_type`;
CREATE TABLE `sys_dict_type` (
  `dict_id` bigint(20) NOT NULL AUTO_INCREMENT COMMENT 'еӯ—е…ёдё»й”®',
  `dict_name` varchar(100) COLLATE utf8mb4_general_ci DEFAULT '' COMMENT 'еӯ—е…ёеҗҚз§°',
  `dict_type` varchar(100) COLLATE utf8mb4_general_ci DEFAULT '' COMMENT 'еӯ—е…ёзұ»еһӢ',
  `status` char(1) COLLATE utf8mb4_general_ci DEFAULT '0' COMMENT 'зҠ¶жҖҒпјҲ0жӯЈеёё 1еҒңз”Ёпјү',
  `create_by` varchar(64) COLLATE utf8mb4_general_ci DEFAULT '' COMMENT 'еҲӣе»әиҖ…',
  `create_time` datetime DEFAULT NULL COMMENT 'еҲӣе»әж—¶й—ҙ',
  `update_by` varchar(64) COLLATE utf8mb4_general_ci DEFAULT '' COMMENT 'жӣҙж–°иҖ…',
  `update_time` datetime DEFAULT NULL COMMENT 'жӣҙж–°ж—¶й—ҙ',
  `remark` varchar(500) COLLATE utf8mb4_general_ci DEFAULT NULL COMMENT 'еӨҮжіЁ',
  PRIMARY KEY (`dict_id`),
  UNIQUE KEY `dict_type` (`dict_type`)
) ENGINE=InnoDB AUTO_INCREMENT=311 DEFAULT CHARSET=utf8mb4 COLLATE=utf8mb4_general_ci COMMENT='еӯ—е…ёзұ»еһӢиЎЁ';

-- ----------------------------
-- Records of sys_dict_type
-- ----------------------------
INSERT INTO `sys_dict_type` VALUES ('1', 'з”ЁжҲ·жҖ§еҲ«', 'sys_user_sex', '0', 'admin', '2025-10-28 02:47:08', '', null, 'з”ЁжҲ·жҖ§еҲ«еҲ—иЎЁ');
INSERT INTO `sys_dict_type` VALUES ('2', 'иҸңеҚ•зҠ¶жҖҒ', 'sys_show_hide', '0', 'admin', '2025-10-28 02:47:08', '', null, 'иҸңеҚ•зҠ¶жҖҒеҲ—иЎЁ');
INSERT INTO `sys_dict_type` VALUES ('3', 'зі»з»ҹејҖе…і', 'sys_normal_disable', '0', 'admin', '2025-10-28 02:47:08', '', null, 'зі»з»ҹејҖе…іеҲ—иЎЁ');
INSERT INTO `sys_dict_type` VALUES ('4', 'д»»еҠЎзҠ¶жҖҒ', 'sys_job_status', '0', 'admin', '2025-10-28 02:47:08', '', null, 'д»»еҠЎзҠ¶жҖҒеҲ—иЎЁ');
INSERT INTO `sys_dict_type` VALUES ('5', 'д»»еҠЎеҲҶз»„', 'sys_job_group', '0', 'admin', '2025-10-28 02:47:08', '', null, 'д»»еҠЎеҲҶз»„еҲ—иЎЁ');
INSERT INTO `sys_dict_type` VALUES ('6', 'зі»з»ҹжҳҜеҗҰ', 'sys_yes_no', '0', 'admin', '2025-10-28 02:47:08', '', null, 'зі»з»ҹжҳҜеҗҰеҲ—иЎЁ');
INSERT INTO `sys_dict_type` VALUES ('7', 'йҖҡзҹҘзұ»еһӢ', 'sys_notice_type', '0', 'admin', '2025-10-28 02:47:08', '', null, 'йҖҡзҹҘзұ»еһӢеҲ—иЎЁ');
INSERT INTO `sys_dict_type` VALUES ('8', 'йҖҡзҹҘзҠ¶жҖҒ', 'sys_notice_status', '0', 'admin', '2025-10-28 02:47:08', '', null, 'йҖҡзҹҘзҠ¶жҖҒеҲ—иЎЁ');
INSERT INTO `sys_dict_type` VALUES ('9', 'ж“ҚдҪңзұ»еһӢ', 'sys_oper_type', '0', 'admin', '2025-10-28 02:47:08', '', null, 'ж“ҚдҪңзұ»еһӢеҲ—иЎЁ');
INSERT INTO `sys_dict_type` VALUES ('10', 'зі»з»ҹзҠ¶жҖҒ', 'sys_common_status', '0', 'admin', '2025-10-28 02:47:08', '', null, 'зҷ»еҪ•зҠ¶жҖҒеҲ—иЎЁ');
INSERT INTO `sys_dict_type` VALUES ('100', 'жҠјйҮ‘з”іиҜ·зұ»еһӢ', 'deposit_apply_type', '0', 'admin', '2025-10-29 11:22:01', '', null, 'жҠјйҮ‘дҪҝз”Ёз”іиҜ·зұ»еһӢеҲ—иЎЁ');
INSERT INTO `sys_dict_type` VALUES ('101', 'зҙ§жҖҘзЁӢеәҰ', 'urgency_level', '0', 'admin', '2025-10-29 11:22:01', '', null, 'зҙ§жҖҘзЁӢеәҰеҲҶзұ»еҲ—иЎЁ');
INSERT INTO `sys_dict_type` VALUES ('104', 'жңәжһ„зҠ¶жҖҒ', 'pension_institution_status', '0', 'admin', '2025-10-28 10:00:00', 'ry', '2025-10-28 10:00:00', 'жңәжһ„зҠ¶жҖҒеҲ—иЎЁ');
INSERT INTO `sys_dict_type` VALUES ('200', 'жҠӨзҗҶзӯүзә§', 'elder_care_level', '0', 'admin', '2025-10-28 10:30:00', 'ry', '2025-10-28 10:30:00', 'иҖҒдәәжҠӨзҗҶзӯүзә§еӯ—е…ёзұ»еһӢ');
INSERT INTO `sys_dict_type` VALUES ('201', 'иҖҒдәәзҠ¶жҖҒ', 'elder_status', '0', 'admin', '2025-10-28 18:35:38', 'ry', '2025-10-28 18:35:38', 'иҖҒдәәзҠ¶жҖҒеӯ—е…ёзұ»еһӢ');
INSERT INTO `sys_dict_type` VALUES ('202', 'еәҠдҪҚзұ»еһӢ', 'bed_type', '0', 'admin', '2025-10-28 18:35:38', 'ry', '2025-10-28 18:35:38', 'еәҠдҪҚзұ»еһӢеӯ—е…ёзұ»еһӢ');
INSERT INTO `sys_dict_type` VALUES ('203', 'еәҠдҪҚзҠ¶жҖҒ', 'bed_status', '0', 'admin', '2025-10-28 18:35:38', 'ry', '2025-10-28 18:35:38', 'еәҠдҪҚзҠ¶жҖҒеӯ—е…ёзұ»еһӢ');
INSERT INTO `sys_dict_type` VALUES ('204', 'е…ҘдҪҸз”іиҜ·зҠ¶жҖҒ', 'check_in_status', '0', 'admin', '2025-10-28 18:35:38', 'ry', '2025-10-28 18:35:38', 'е…ҘдҪҸз”іиҜ·зҠ¶жҖҒеӯ—е…ёзұ»еһӢ');
INSERT INTO `sys_dict_type` VALUES ('205', 'еҲҶй…ҚзҠ¶жҖҒ', 'allocation_status', '0', 'admin', '2025-10-28 18:35:38', 'ry', '2025-10-28 18:35:38', 'еәҠдҪҚеҲҶй…ҚзҠ¶жҖҒеӯ—е…ёзұ»еһӢ');
INSERT INTO `sys_dict_type` VALUES ('206', 'жҠјйҮ‘зҠ¶жҖҒ', 'deposit_status', '0', 'admin', '2025-10-28 18:35:38', 'ry', '2025-10-28 18:35:38', 'жҠјйҮ‘зҠ¶жҖҒеӯ—е…ёзұ»еһӢ');
INSERT INTO `sys_dict_type` VALUES ('207', 'жҖ§еҲ«', 'elder_gender', '0', 'admin', '2025-10-28 19:02:45', 'ry', '2025-10-28 19:02:45', 'жҖ§еҲ«еӯ—е…ёзұ»еһӢ');
INSERT INTO `sys_dict_type` VALUES ('300', 'и®ўеҚ•зұ»еһӢ', 'order_type', '0', 'admin', '2025-10-28 20:01:58', 'ry', '2025-10-28 20:01:58', 'и®ўеҚ•зұ»еһӢеӯ—е…ёзұ»еһӢ');
INSERT INTO `sys_dict_type` VALUES ('301', 'и®ўеҚ•зҠ¶жҖҒ', 'order_status', '0', 'admin', '2025-10-28 20:01:58', 'ry', '2025-10-28 20:01:58', 'и®ўеҚ•зҠ¶жҖҒеӯ—е…ёзұ»еһӢ');
INSERT INTO `sys_dict_type` VALUES ('302', 'ж”Ҝд»ҳж–№ејҸ', 'payment_method', '0', 'admin', '2025-10-28 20:01:58', 'ry', '2025-10-28 20:01:58', 'ж”Ҝд»ҳж–№ејҸеӯ—е…ёзұ»еһӢ');
INSERT INTO `sys_dict_type` VALUES ('303', 'ж”Ҝд»ҳзҠ¶жҖҒ', 'payment_status', '0', 'admin', '2025-10-28 20:01:58', 'ry', '2025-10-28 20:01:58', 'ж”Ҝд»ҳзҠ¶жҖҒеӯ—е…ёзұ»еһӢ');
INSERT INTO `sys_dict_type` VALUES ('304', 'йҖҖж¬ҫзҠ¶жҖҒ', 'refund_status', '0', 'admin', '2025-10-28 20:01:58', 'ry', '2025-10-28 20:01:58', 'йҖҖж¬ҫзҠ¶жҖҒеӯ—е…ёзұ»еһӢ');
INSERT INTO `sys_dict_type` VALUES ('305', 'и®Ўиҙ№е‘Ёжңҹ', 'billing_cycle', '0', 'admin', '2025-10-28 20:01:58', 'ry', '2025-10-28 20:01:58', 'и®Ўиҙ№е‘Ёжңҹеӯ—е…ёзұ»еһӢ');
INSERT INTO `sys_dict_type` VALUES ('306', 'иҙҰжҲ·зҠ¶жҖҒ', 'account_status', '0', 'admin', '2025-10-29 00:51:41', '', null, 'иҖҒдәәиҙҰжҲ·зҠ¶жҖҒеҲ—иЎЁ');
INSERT INTO `sys_dict_type` VALUES ('307', 'еҲ’жӢЁзұ»еһӢ', 'transfer_type', '0', 'admin', '2025-10-29 00:53:04', '', null, 'иө„йҮ‘еҲ’жӢЁзұ»еһӢеҲ—иЎЁ');
INSERT INTO `sys_dict_type` VALUES ('308', 'еҲ’жӢЁзҠ¶жҖҒ', 'transfer_status', '0', 'admin', '2025-10-29 00:53:04', '', null, 'иө„йҮ‘еҲ’жӢЁзҠ¶жҖҒеҲ—иЎЁ');
INSERT INTO `sys_dict_type` VALUES ('309', 'relation_type', 'elder_relation_type', '0', 'admin', '2025-11-14 12:02:33', '', null, 'е®¶еұһдёҺиҖҒдәәзҡ„е…ізі»зұ»еһӢ');

-- ----------------------------
-- Table structure for sys_job
-- ----------------------------
DROP TABLE IF EXISTS `sys_job`;
CREATE TABLE `sys_job` (
  `job_id` bigint(20) NOT NULL AUTO_INCREMENT COMMENT 'д»»еҠЎID',
  `job_name` varchar(64) COLLATE utf8mb4_general_ci NOT NULL DEFAULT '' COMMENT 'д»»еҠЎеҗҚз§°',
  `job_group` varchar(64) COLLATE utf8mb4_general_ci NOT NULL DEFAULT 'DEFAULT' COMMENT 'д»»еҠЎз»„еҗҚ',
  `invoke_target` varchar(500) COLLATE utf8mb4_general_ci NOT NULL COMMENT 'и°ғз”Ёзӣ®ж Үеӯ—з¬ҰдёІ',
  `cron_expression` varchar(255) COLLATE utf8mb4_general_ci DEFAULT '' COMMENT 'cronжү§иЎҢиЎЁиҫҫејҸ',
  `misfire_policy` varchar(20) COLLATE utf8mb4_general_ci DEFAULT '3' COMMENT 'и®ЎеҲ’жү§иЎҢй”ҷиҜҜзӯ–з•ҘпјҲ1з«ӢеҚіжү§иЎҢ 2жү§иЎҢдёҖж¬Ў 3ж”ҫејғжү§иЎҢпјү',
  `concurrent` char(1) COLLATE utf8mb4_general_ci DEFAULT '1' COMMENT 'жҳҜеҗҰе№¶еҸ‘жү§иЎҢпјҲ0е…Ғи®ё 1зҰҒжӯўпјү',
  `status` char(1) COLLATE utf8mb4_general_ci DEFAULT '0' COMMENT 'зҠ¶жҖҒпјҲ0жӯЈеёё 1жҡӮеҒңпјү',
  `create_by` varchar(64) COLLATE utf8mb4_general_ci DEFAULT '' COMMENT 'еҲӣе»әиҖ…',
  `create_time` datetime DEFAULT NULL COMMENT 'еҲӣе»әж—¶й—ҙ',
  `update_by` varchar(64) COLLATE utf8mb4_general_ci DEFAULT '' COMMENT 'жӣҙж–°иҖ…',
  `update_time` datetime DEFAULT NULL COMMENT 'жӣҙж–°ж—¶й—ҙ',
  `remark` varchar(500) COLLATE utf8mb4_general_ci DEFAULT '' COMMENT 'еӨҮжіЁдҝЎжҒҜ',
  PRIMARY KEY (`job_id`,`job_name`,`job_group`)
) ENGINE=InnoDB AUTO_INCREMENT=100 DEFAULT CHARSET=utf8mb4 COLLATE=utf8mb4_general_ci COMMENT='е®ҡж—¶д»»еҠЎи°ғеәҰиЎЁ';

-- ----------------------------
-- Records of sys_job
-- ----------------------------
INSERT INTO `sys_job` VALUES ('1', 'зі»з»ҹй»ҳи®ӨпјҲж— еҸӮпјү', 'DEFAULT', 'ryTask.ryNoParams', '0/10 * * * * ?', '3', '1', '1', 'admin', '2025-10-28 02:47:08', '', null, '');
INSERT INTO `sys_job` VALUES ('2', 'зі»з»ҹй»ҳи®ӨпјҲжңүеҸӮпјү', 'DEFAULT', 'ryTask.ryParams(\'ry\')', '0/15 * * * * ?', '3', '1', '1', 'admin', '2025-10-28 02:47:08', '', null, '');
INSERT INTO `sys_job` VALUES ('3', 'зі»з»ҹй»ҳи®ӨпјҲеӨҡеҸӮпјү', 'DEFAULT', 'ryTask.ryMultipleParams(\'ry\', true, 2000L, 316.50D, 100)', '0/20 * * * * ?', '3', '1', '1', 'admin', '2025-10-28 02:47:08', '', null, '');

-- ----------------------------
-- Table structure for sys_job_log
-- ----------------------------
DROP TABLE IF EXISTS `sys_job_log`;
CREATE TABLE `sys_job_log` (
  `job_log_id` bigint(20) NOT NULL AUTO_INCREMENT COMMENT 'д»»еҠЎж—Ҙеҝ—ID',
  `job_name` varchar(64) COLLATE utf8mb4_general_ci NOT NULL COMMENT 'д»»еҠЎеҗҚз§°',
  `job_group` varchar(64) COLLATE utf8mb4_general_ci NOT NULL COMMENT 'д»»еҠЎз»„еҗҚ',
  `invoke_target` varchar(500) COLLATE utf8mb4_general_ci NOT NULL COMMENT 'и°ғз”Ёзӣ®ж Үеӯ—з¬ҰдёІ',
  `job_message` varchar(500) COLLATE utf8mb4_general_ci DEFAULT NULL COMMENT 'ж—Ҙеҝ—дҝЎжҒҜ',
  `status` char(1) COLLATE utf8mb4_general_ci DEFAULT '0' COMMENT 'жү§иЎҢзҠ¶жҖҒпјҲ0жӯЈеёё 1еӨұиҙҘпјү',
  `exception_info` varchar(2000) COLLATE utf8mb4_general_ci DEFAULT '' COMMENT 'ејӮеёёдҝЎжҒҜ',
  `create_time` datetime DEFAULT NULL COMMENT 'еҲӣе»әж—¶й—ҙ',
  PRIMARY KEY (`job_log_id`)
) ENGINE=InnoDB DEFAULT CHARSET=utf8mb4 COLLATE=utf8mb4_general_ci COMMENT='е®ҡж—¶д»»еҠЎи°ғеәҰж—Ҙеҝ—иЎЁ';

-- ----------------------------
-- Records of sys_job_log
-- ----------------------------

-- ----------------------------
-- Table structure for sys_logininfor
-- ----------------------------
DROP TABLE IF EXISTS `sys_logininfor`;
CREATE TABLE `sys_logininfor` (
  `info_id` bigint(20) NOT NULL AUTO_INCREMENT COMMENT 'и®ҝй—®ID',
  `user_name` varchar(50) COLLATE utf8mb4_general_ci DEFAULT '' COMMENT 'з”ЁжҲ·иҙҰеҸ·',
  `ipaddr` varchar(128) COLLATE utf8mb4_general_ci DEFAULT '' COMMENT 'зҷ»еҪ•IPең°еқҖ',
  `login_location` varchar(255) COLLATE utf8mb4_general_ci DEFAULT '' COMMENT 'зҷ»еҪ•ең°зӮ№',
  `browser` varchar(50) COLLATE utf8mb4_general_ci DEFAULT '' COMMENT 'жөҸи§ҲеҷЁзұ»еһӢ',
  `os` varchar(50) COLLATE utf8mb4_general_ci DEFAULT '' COMMENT 'ж“ҚдҪңзі»з»ҹ',
  `status` char(1) COLLATE utf8mb4_general_ci DEFAULT '0' COMMENT 'зҷ»еҪ•зҠ¶жҖҒпјҲ0жҲҗеҠҹ 1еӨұиҙҘпјү',
  `msg` varchar(255) COLLATE utf8mb4_general_ci DEFAULT '' COMMENT 'жҸҗзӨәж¶ҲжҒҜ',
  `login_time` datetime DEFAULT NULL COMMENT 'и®ҝй—®ж—¶й—ҙ',
  PRIMARY KEY (`info_id`),
  KEY `idx_sys_logininfor_s` (`status`),
  KEY `idx_sys_logininfor_lt` (`login_time`)
) ENGINE=InnoDB AUTO_INCREMENT=249 DEFAULT CHARSET=utf8mb4 COLLATE=utf8mb4_general_ci COMMENT='зі»з»ҹи®ҝй—®и®°еҪ•';

-- ----------------------------
-- Records of sys_logininfor
-- ----------------------------
INSERT INTO `sys_logininfor` VALUES ('100', 'admin', '127.0.0.1', 'еҶ…зҪ‘IP', 'Chrome 14', 'Windows 10', '0', 'зҷ»еҪ•жҲҗеҠҹ', '2025-10-28 16:52:47');
INSERT INTO `sys_logininfor` VALUES ('101', 'admin', '127.0.0.1', 'еҶ…зҪ‘IP', 'Chrome 14', 'Windows 10', '0', 'йҖҖеҮәжҲҗеҠҹ', '2025-10-28 17:49:45');
INSERT INTO `sys_logininfor` VALUES ('102', 'admin', '127.0.0.1', 'еҶ…зҪ‘IP', 'Chrome 14', 'Windows 10', '0', 'зҷ»еҪ•жҲҗеҠҹ', '2025-10-28 17:49:49');
INSERT INTO `sys_logininfor` VALUES ('103', 'admin', '127.0.0.1', 'еҶ…зҪ‘IP', 'Chrome 14', 'Windows 10', '0', 'йҖҖеҮәжҲҗеҠҹ', '2025-10-28 22:30:01');
INSERT INTO `sys_logininfor` VALUES ('104', 'admin', '127.0.0.1', 'еҶ…зҪ‘IP', 'Chrome 14', 'Windows 10', '0', 'зҷ»еҪ•жҲҗеҠҹ', '2025-10-28 22:30:03');
INSERT INTO `sys_logininfor` VALUES ('105', 'admin', '127.0.0.1', 'еҶ…зҪ‘IP', 'Chrome 14', 'Windows 10', '0', 'йҖҖеҮәжҲҗеҠҹ', '2025-10-28 22:43:40');
INSERT INTO `sys_logininfor` VALUES ('106', 'admin', '127.0.0.1', 'еҶ…зҪ‘IP', 'Chrome 14', 'Windows 10', '0', 'зҷ»еҪ•жҲҗеҠҹ', '2025-10-28 22:43:44');
INSERT INTO `sys_logininfor` VALUES ('107', 'admin', '127.0.0.1', 'еҶ…зҪ‘IP', 'Chrome 14', 'Windows 10', '0', 'зҷ»еҪ•жҲҗеҠҹ', '2025-10-29 02:26:46');
INSERT INTO `sys_logininfor` VALUES ('108', 'admin', '127.0.0.1', 'еҶ…зҪ‘IP', 'Chrome 14', 'Windows 10', '0', 'зҷ»еҪ•жҲҗеҠҹ', '2025-10-29 11:44:49');
INSERT INTO `sys_logininfor` VALUES ('109', 'admin', '127.0.0.1', 'еҶ…зҪ‘IP', 'Chrome 14', 'Windows 10', '0', 'зҷ»еҪ•жҲҗеҠҹ', '2025-10-29 21:16:12');
INSERT INTO `sys_logininfor` VALUES ('110', 'admin', '127.0.0.1', 'еҶ…зҪ‘IP', 'Chrome 14', 'Windows 10', '0', 'зҷ»еҪ•жҲҗеҠҹ', '2025-10-29 22:24:41');
INSERT INTO `sys_logininfor` VALUES ('111', 'admin', '127.0.0.1', 'еҶ…зҪ‘IP', 'Chrome 14', 'Windows 10', '0', 'зҷ»еҪ•жҲҗеҠҹ', '2025-10-30 02:48:36');
INSERT INTO `sys_logininfor` VALUES ('112', 'admin', '127.0.0.1', 'еҶ…зҪ‘IP', 'Chrome 14', 'Windows 10', '0', 'йҖҖеҮәжҲҗеҠҹ', '2025-10-31 03:44:34');
INSERT INTO `sys_logininfor` VALUES ('113', 'admin', '127.0.0.1', 'еҶ…зҪ‘IP', 'Chrome 14', 'Windows 10', '0', 'зҷ»еҪ•жҲҗеҠҹ', '2025-10-31 03:44:57');
INSERT INTO `sys_logininfor` VALUES ('114', 'admin', '127.0.0.1', 'еҶ…зҪ‘IP', 'Chrome 14', 'Windows 10', '0', 'зҷ»еҪ•жҲҗеҠҹ', '2025-11-03 15:03:36');
INSERT INTO `sys_logininfor` VALUES ('115', 'admin', '127.0.0.1', 'еҶ…зҪ‘IP', 'Chrome 14', 'Windows 10', '0', 'зҷ»еҪ•жҲҗеҠҹ', '2025-11-03 15:47:37');
INSERT INTO `sys_logininfor` VALUES ('116', 'admin', '127.0.0.1', 'еҶ…зҪ‘IP', 'Chrome 14', 'Windows 10', '0', 'зҷ»еҪ•жҲҗеҠҹ', '2025-11-03 17:38:40');
INSERT INTO `sys_logininfor` VALUES ('117', 'admin', '127.0.0.1', 'еҶ…зҪ‘IP', 'Chrome 14', 'Windows 10', '0', 'зҷ»еҪ•жҲҗеҠҹ', '2025-11-03 19:52:15');
INSERT INTO `sys_logininfor` VALUES ('118', 'admin', '127.0.0.1', 'еҶ…зҪ‘IP', 'Chrome 14', 'Windows 10', '0', 'зҷ»еҪ•жҲҗеҠҹ', '2025-11-03 22:12:28');
INSERT INTO `sys_logininfor` VALUES ('119', 'admin', '127.0.0.1', 'еҶ…зҪ‘IP', 'Chrome 14', 'Windows 10', '0', 'зҷ»еҪ•жҲҗеҠҹ', '2025-11-04 01:01:22');
INSERT INTO `sys_logininfor` VALUES ('120', 'admin', '127.0.0.1', 'еҶ…зҪ‘IP', 'Downloading Tool', 'Unknown', '1', 'йӘҢиҜҒз Ғе·ІеӨұж•Ҳ', '2025-11-04 01:10:46');
INSERT INTO `sys_logininfor` VALUES ('121', 'admin', '127.0.0.1', 'еҶ…зҪ‘IP', 'Chrome 14', 'Windows 10', '0', 'зҷ»еҪ•жҲҗеҠҹ', '2025-11-04 01:21:58');
INSERT INTO `sys_logininfor` VALUES ('122', 'admin', '127.0.0.1', 'еҶ…зҪ‘IP', 'Chrome 14', 'Windows 10', '0', 'зҷ»еҪ•жҲҗеҠҹ', '2025-11-04 09:44:30');
INSERT INTO `sys_logininfor` VALUES ('123', 'admin', '127.0.0.1', 'еҶ…зҪ‘IP', 'Chrome 14', 'Windows 10', '0', 'зҷ»еҪ•жҲҗеҠҹ', '2025-11-09 22:35:51');
INSERT INTO `sys_logininfor` VALUES ('124', 'admin', '127.0.0.1', 'еҶ…зҪ‘IP', 'Chrome 14', 'Windows 10', '0', 'зҷ»еҪ•жҲҗеҠҹ', '2025-11-09 23:13:49');
INSERT INTO `sys_logininfor` VALUES ('125', 'admin', '127.0.0.1', 'еҶ…зҪ‘IP', 'Chrome 14', 'Windows 10', '0', 'йҖҖеҮәжҲҗеҠҹ', '2025-11-09 23:54:25');
INSERT INTO `sys_logininfor` VALUES ('126', 'admin', '127.0.0.1', 'еҶ…зҪ‘IP', 'Chrome 14', 'Windows 10', '0', 'зҷ»еҪ•жҲҗеҠҹ', '2025-11-09 23:54:27');
INSERT INTO `sys_logininfor` VALUES ('127', 'admin', '127.0.0.1', 'еҶ…зҪ‘IP', 'Chrome 14', 'Windows 10', '0', 'йҖҖеҮәжҲҗеҠҹ', '2025-11-10 02:25:04');
INSERT INTO `sys_logininfor` VALUES ('128', 'jigouuser', '127.0.0.1', 'еҶ…зҪ‘IP', 'Chrome 14', 'Windows 10', '0', 'зҷ»еҪ•жҲҗеҠҹ', '2025-11-10 02:25:19');
INSERT INTO `sys_logininfor` VALUES ('129', 'jigouuser', '127.0.0.1', 'еҶ…зҪ‘IP', 'Chrome 14', 'Windows 10', '0', 'йҖҖеҮәжҲҗеҠҹ', '2025-11-10 02:36:04');
INSERT INTO `sys_logininfor` VALUES ('130', 'admin', '127.0.0.1', 'еҶ…зҪ‘IP', 'Chrome 14', 'Windows 10', '0', 'зҷ»еҪ•жҲҗеҠҹ', '2025-11-10 02:36:09');
INSERT INTO `sys_logininfor` VALUES ('131', 'admin', '127.0.0.1', 'еҶ…зҪ‘IP', 'Chrome 14', 'Windows 10', '0', 'йҖҖеҮәжҲҗеҠҹ', '2025-11-10 02:57:33');
INSERT INTO `sys_logininfor` VALUES ('132', 'jigouuser', '127.0.0.1', 'еҶ…зҪ‘IP', 'Chrome 14', 'Windows 10', '0', 'зҷ»еҪ•жҲҗеҠҹ', '2025-11-10 02:57:45');
INSERT INTO `sys_logininfor` VALUES ('133', 'jigouuser', '127.0.0.1', 'еҶ…зҪ‘IP', 'Chrome 14', 'Windows 10', '0', 'йҖҖеҮәжҲҗеҠҹ', '2025-11-10 03:00:13');
INSERT INTO `sys_logininfor` VALUES ('134', 'admin', '127.0.0.1', 'еҶ…зҪ‘IP', 'Chrome 14', 'Windows 10', '0', 'зҷ»еҪ•жҲҗеҠҹ', '2025-11-10 03:00:16');
INSERT INTO `sys_logininfor` VALUES ('135', 'admin', '127.0.0.1', 'еҶ…зҪ‘IP', 'Chrome 14', 'Windows 10', '0', 'йҖҖеҮәжҲҗеҠҹ', '2025-11-10 03:01:51');
INSERT INTO `sys_logininfor` VALUES ('136', 'jigouuser', '127.0.0.1', 'еҶ…зҪ‘IP', 'Chrome 14', 'Windows 10', '0', 'зҷ»еҪ•жҲҗеҠҹ', '2025-11-10 03:01:59');
INSERT INTO `sys_logininfor` VALUES ('137', 'jigouuser', '127.0.0.1', 'еҶ…зҪ‘IP', 'Chrome 14', 'Windows 10', '0', 'йҖҖеҮәжҲҗеҠҹ', '2025-11-10 03:05:26');
INSERT INTO `sys_logininfor` VALUES ('138', 'admin', '127.0.0.1', 'еҶ…зҪ‘IP', 'Chrome 14', 'Windows 10', '0', 'зҷ»еҪ•жҲҗеҠҹ', '2025-11-10 03:05:29');
INSERT INTO `sys_logininfor` VALUES ('139', 'admin', '127.0.0.1', 'еҶ…зҪ‘IP', 'Chrome 14', 'Windows 10', '0', 'йҖҖеҮәжҲҗеҠҹ', '2025-11-10 03:12:31');
INSERT INTO `sys_logininfor` VALUES ('140', 'jigouuser', '127.0.0.1', 'еҶ…зҪ‘IP', 'Chrome 14', 'Windows 10', '0', 'зҷ»еҪ•жҲҗеҠҹ', '2025-11-10 03:12:49');
INSERT INTO `sys_logininfor` VALUES ('141', 'jigouuser', '127.0.0.1', 'еҶ…зҪ‘IP', 'Chrome 14', 'Windows 10', '0', 'йҖҖеҮәжҲҗеҠҹ', '2025-11-10 03:13:38');
INSERT INTO `sys_logininfor` VALUES ('142', 'admin', '127.0.0.1', 'еҶ…зҪ‘IP', 'Chrome 14', 'Windows 10', '0', 'зҷ»еҪ•жҲҗеҠҹ', '2025-11-10 03:13:41');
INSERT INTO `sys_logininfor` VALUES ('143', 'admin', '127.0.0.1', 'еҶ…зҪ‘IP', 'Chrome 14', 'Windows 10', '0', 'йҖҖеҮәжҲҗеҠҹ', '2025-11-10 03:29:16');
INSERT INTO `sys_logininfor` VALUES ('144', 'jigouuser', '127.0.0.1', 'еҶ…зҪ‘IP', 'Chrome 14', 'Windows 10', '0', 'зҷ»еҪ•жҲҗеҠҹ', '2025-11-10 03:29:24');
INSERT INTO `sys_logininfor` VALUES ('145', 'admin', '127.0.0.1', 'еҶ…зҪ‘IP', 'Chrome 14', 'Windows 10', '0', 'зҷ»еҪ•жҲҗеҠҹ', '2025-11-10 11:03:15');
INSERT INTO `sys_logininfor` VALUES ('146', 'admin', '127.0.0.1', 'еҶ…зҪ‘IP', 'Chrome 14', 'Windows 10', '0', 'йҖҖеҮәжҲҗеҠҹ', '2025-11-10 11:26:01');
INSERT INTO `sys_logininfor` VALUES ('147', 'jguser', '127.0.0.1', 'еҶ…зҪ‘IP', 'Chrome 14', 'Windows 10', '0', 'зҷ»еҪ•жҲҗеҠҹ', '2025-11-10 11:26:11');
INSERT INTO `sys_logininfor` VALUES ('148', 'jguser', '127.0.0.1', 'еҶ…зҪ‘IP', 'Chrome 14', 'Windows 10', '0', 'йҖҖеҮәжҲҗеҠҹ', '2025-11-10 11:26:20');
INSERT INTO `sys_logininfor` VALUES ('149', 'admin', '127.0.0.1', 'еҶ…зҪ‘IP', 'Chrome 14', 'Windows 10', '0', 'зҷ»еҪ•жҲҗеҠҹ', '2025-11-10 11:26:23');
INSERT INTO `sys_logininfor` VALUES ('150', 'admin', '127.0.0.1', 'еҶ…зҪ‘IP', 'Chrome 14', 'Windows 10', '0', 'йҖҖеҮәжҲҗеҠҹ', '2025-11-10 11:30:00');
INSERT INTO `sys_logininfor` VALUES ('151', 'jguser', '127.0.0.1', 'еҶ…зҪ‘IP', 'Chrome 14', 'Windows 10', '1', 'йӘҢиҜҒз Ғй”ҷиҜҜ', '2025-11-10 11:30:12');
INSERT INTO `sys_logininfor` VALUES ('152', 'jguser', '127.0.0.1', 'еҶ…зҪ‘IP', 'Chrome 14', 'Windows 10', '0', 'зҷ»еҪ•жҲҗеҠҹ', '2025-11-10 11:30:15');
INSERT INTO `sys_logininfor` VALUES ('153', 'jguser', '127.0.0.1', 'еҶ…зҪ‘IP', 'Chrome 14', 'Windows 10', '0', 'йҖҖеҮәжҲҗеҠҹ', '2025-11-10 11:30:26');
INSERT INTO `sys_logininfor` VALUES ('154', 'admin', '127.0.0.1', 'еҶ…зҪ‘IP', 'Chrome 14', 'Windows 10', '0', 'зҷ»еҪ•жҲҗеҠҹ', '2025-11-10 11:30:28');
INSERT INTO `sys_logininfor` VALUES ('155', 'admin', '127.0.0.1', 'еҶ…зҪ‘IP', 'Chrome 14', 'Windows 10', '0', 'йҖҖеҮәжҲҗеҠҹ', '2025-11-10 11:31:07');
INSERT INTO `sys_logininfor` VALUES ('156', 'jguser', '127.0.0.1', 'еҶ…зҪ‘IP', 'Chrome 14', 'Windows 10', '0', 'зҷ»еҪ•жҲҗеҠҹ', '2025-11-10 11:31:15');
INSERT INTO `sys_logininfor` VALUES ('157', 'jguser', '127.0.0.1', 'еҶ…зҪ‘IP', 'Chrome 14', 'Windows 10', '0', 'йҖҖеҮәжҲҗеҠҹ', '2025-11-10 11:31:20');
INSERT INTO `sys_logininfor` VALUES ('158', 'admin', '127.0.0.1', 'еҶ…зҪ‘IP', 'Chrome 14', 'Windows 10', '0', 'зҷ»еҪ•жҲҗеҠҹ', '2025-11-10 11:31:32');
INSERT INTO `sys_logininfor` VALUES ('159', 'admin', '127.0.0.1', 'еҶ…зҪ‘IP', 'Chrome 14', 'Windows 10', '0', 'йҖҖеҮәжҲҗеҠҹ', '2025-11-10 11:36:02');
INSERT INTO `sys_logininfor` VALUES ('160', 'jguser', '127.0.0.1', 'еҶ…зҪ‘IP', 'Chrome 14', 'Windows 10', '0', 'зҷ»еҪ•жҲҗеҠҹ', '2025-11-10 11:36:09');
INSERT INTO `sys_logininfor` VALUES ('161', 'jguser', '127.0.0.1', 'еҶ…зҪ‘IP', 'Chrome 14', 'Windows 10', '0', 'йҖҖеҮәжҲҗеҠҹ', '2025-11-10 11:36:18');
INSERT INTO `sys_logininfor` VALUES ('162', 'admin', '127.0.0.1', 'еҶ…зҪ‘IP', 'Chrome 14', 'Windows 10', '0', 'зҷ»еҪ•жҲҗеҠҹ', '2025-11-10 11:36:21');
INSERT INTO `sys_logininfor` VALUES ('163', 'admin', '127.0.0.1', 'еҶ…зҪ‘IP', 'Chrome 14', 'Windows 10', '0', 'йҖҖеҮәжҲҗеҠҹ', '2025-11-10 11:38:39');
INSERT INTO `sys_logininfor` VALUES ('164', 'jguser', '127.0.0.1', 'еҶ…зҪ‘IP', 'Chrome 14', 'Windows 10', '0', 'зҷ»еҪ•жҲҗеҠҹ', '2025-11-10 11:38:46');
INSERT INTO `sys_logininfor` VALUES ('165', 'jguser', '127.0.0.1', 'еҶ…зҪ‘IP', 'Chrome 14', 'Windows 10', '0', 'йҖҖеҮәжҲҗеҠҹ', '2025-11-10 11:39:10');
INSERT INTO `sys_logininfor` VALUES ('166', 'jguser', '127.0.0.1', 'еҶ…зҪ‘IP', 'Chrome 14', 'Windows 10', '0', 'зҷ»еҪ•жҲҗеҠҹ', '2025-11-10 11:39:18');
INSERT INTO `sys_logininfor` VALUES ('167', 'admin', '127.0.0.1', 'еҶ…зҪ‘IP', 'Chrome 14', 'Windows 10', '0', 'зҷ»еҪ•жҲҗеҠҹ', '2025-11-10 15:04:35');
INSERT INTO `sys_logininfor` VALUES ('168', 'admin', '127.0.0.1', 'еҶ…зҪ‘IP', 'Chrome 14', 'Windows 10', '0', 'зҷ»еҪ•жҲҗеҠҹ', '2025-11-10 17:01:11');
INSERT INTO `sys_logininfor` VALUES ('169', 'admin', '127.0.0.1', 'еҶ…зҪ‘IP', 'Chrome 14', 'Windows 10', '0', 'зҷ»еҪ•жҲҗеҠҹ', '2025-11-10 22:27:56');
INSERT INTO `sys_logininfor` VALUES ('170', 'admin', '127.0.0.1', 'еҶ…зҪ‘IP', 'Chrome 14', 'Windows 10', '0', 'йҖҖеҮәжҲҗеҠҹ', '2025-11-10 22:37:11');
INSERT INTO `sys_logininfor` VALUES ('171', 'jg279011', '127.0.0.1', 'еҶ…зҪ‘IP', 'Chrome 14', 'Windows 10', '0', 'зҷ»еҪ•жҲҗеҠҹ', '2025-11-10 22:37:25');
INSERT INTO `sys_logininfor` VALUES ('172', 'jg279011', '127.0.0.1', 'еҶ…зҪ‘IP', 'Chrome 14', 'Windows 10', '0', 'йҖҖеҮәжҲҗеҠҹ', '2025-11-10 22:40:50');
INSERT INTO `sys_logininfor` VALUES ('173', 'admin', '127.0.0.1', 'еҶ…зҪ‘IP', 'Chrome 14', 'Windows 10', '0', 'зҷ»еҪ•жҲҗеҠҹ', '2025-11-10 22:40:54');
INSERT INTO `sys_logininfor` VALUES ('174', 'admin', '127.0.0.1', 'еҶ…зҪ‘IP', 'Chrome 14', 'Windows 10', '0', 'йҖҖеҮәжҲҗеҠҹ', '2025-11-10 23:08:38');
INSERT INTO `sys_logininfor` VALUES ('175', 'jg279011', '127.0.0.1', 'еҶ…зҪ‘IP', 'Chrome 14', 'Windows 10', '0', 'зҷ»еҪ•жҲҗеҠҹ', '2025-11-10 23:08:46');
INSERT INTO `sys_logininfor` VALUES ('176', 'jg279011', '127.0.0.1', 'еҶ…зҪ‘IP', 'Chrome 14', 'Windows 10', '0', 'йҖҖеҮәжҲҗеҠҹ', '2025-11-10 23:09:10');
INSERT INTO `sys_logininfor` VALUES ('177', 'admin', '127.0.0.1', 'еҶ…зҪ‘IP', 'Chrome 14', 'Windows 10', '0', 'зҷ»еҪ•жҲҗеҠҹ', '2025-11-10 23:09:15');
INSERT INTO `sys_logininfor` VALUES ('178', 'admin', '127.0.0.1', 'еҶ…зҪ‘IP', 'Chrome 14', 'Windows 10', '0', 'йҖҖеҮәжҲҗеҠҹ', '2025-11-10 23:10:20');
INSERT INTO `sys_logininfor` VALUES ('179', 'jg555555', '127.0.0.1', 'еҶ…зҪ‘IP', 'Chrome 14', 'Windows 10', '0', 'зҷ»еҪ•жҲҗеҠҹ', '2025-11-10 23:10:30');
INSERT INTO `sys_logininfor` VALUES ('180', 'jg555555', '127.0.0.1', 'еҶ…зҪ‘IP', 'Chrome 14', 'Windows 10', '0', 'йҖҖеҮәжҲҗеҠҹ', '2025-11-10 23:22:17');
INSERT INTO `sys_logininfor` VALUES ('181', 'admin', '127.0.0.1', 'еҶ…зҪ‘IP', 'Chrome 14', 'Windows 10', '0', 'зҷ»еҪ•жҲҗеҠҹ', '2025-11-10 23:22:20');
INSERT INTO `sys_logininfor` VALUES ('182', 'admin', '127.0.0.1', 'еҶ…зҪ‘IP', 'Chrome 14', 'Windows 10', '0', 'йҖҖеҮәжҲҗеҠҹ', '2025-11-10 23:23:23');
INSERT INTO `sys_logininfor` VALUES ('183', 'jg656565', '127.0.0.1', 'еҶ…зҪ‘IP', 'Chrome 14', 'Windows 10', '0', 'зҷ»еҪ•жҲҗеҠҹ', '2025-11-10 23:23:33');
INSERT INTO `sys_logininfor` VALUES ('184', 'jg656565', '127.0.0.1', 'еҶ…зҪ‘IP', 'Chrome 14', 'Windows 10', '0', 'йҖҖеҮәжҲҗеҠҹ', '2025-11-10 23:49:49');
INSERT INTO `sys_logininfor` VALUES ('185', 'admin', '127.0.0.1', 'еҶ…зҪ‘IP', 'Chrome 14', 'Windows 10', '0', 'зҷ»еҪ•жҲҗеҠҹ', '2025-11-10 23:49:52');
INSERT INTO `sys_logininfor` VALUES ('186', 'admin', '127.0.0.1', 'еҶ…зҪ‘IP', 'Chrome 14', 'Windows 10', '0', 'йҖҖеҮәжҲҗеҠҹ', '2025-11-11 02:25:26');
INSERT INTO `sys_logininfor` VALUES ('187', 'jigoumanage', '127.0.0.1', 'еҶ…зҪ‘IP', 'Chrome 14', 'Windows 10', '1', 'з”ЁжҲ·дёҚеӯҳеңЁ/еҜҶз Ғй”ҷиҜҜ', '2025-11-11 02:25:34');
INSERT INTO `sys_logininfor` VALUES ('188', 'jigoumanage', '127.0.0.1', 'еҶ…зҪ‘IP', 'Chrome 14', 'Windows 10', '1', 'з”ЁжҲ·дёҚеӯҳеңЁ/еҜҶз Ғй”ҷиҜҜ', '2025-11-11 02:25:37');
INSERT INTO `sys_logininfor` VALUES ('189', 'admin', '127.0.0.1', 'еҶ…зҪ‘IP', 'Chrome 14', 'Windows 10', '0', 'зҷ»еҪ•жҲҗеҠҹ', '2025-11-11 02:25:46');
INSERT INTO `sys_logininfor` VALUES ('190', 'admin', '127.0.0.1', 'еҶ…зҪ‘IP', 'Chrome 14', 'Windows 10', '0', 'йҖҖеҮәжҲҗеҠҹ', '2025-11-11 02:26:01');
INSERT INTO `sys_logininfor` VALUES ('191', 'jigouuser', '127.0.0.1', 'еҶ…зҪ‘IP', 'Chrome 14', 'Windows 10', '0', 'зҷ»еҪ•жҲҗеҠҹ', '2025-11-11 02:26:09');
INSERT INTO `sys_logininfor` VALUES ('192', 'jigouuser', '127.0.0.1', 'еҶ…зҪ‘IP', 'Chrome 14', 'Windows 10', '0', 'йҖҖеҮәжҲҗеҠҹ', '2025-11-11 02:31:54');
INSERT INTO `sys_logininfor` VALUES ('193', 'admin', '127.0.0.1', 'еҶ…зҪ‘IP', 'Chrome 14', 'Windows 10', '0', 'зҷ»еҪ•жҲҗеҠҹ', '2025-11-11 02:32:00');
INSERT INTO `sys_logininfor` VALUES ('194', 'admin', '127.0.0.1', 'еҶ…зҪ‘IP', 'Chrome 14', 'Windows 10', '0', 'йҖҖеҮәжҲҗеҠҹ', '2025-11-11 02:38:10');
INSERT INTO `sys_logininfor` VALUES ('195', 'admin', '127.0.0.1', 'еҶ…зҪ‘IP', 'Chrome 14', 'Windows 10', '0', 'зҷ»еҪ•жҲҗеҠҹ', '2025-11-11 02:38:13');
INSERT INTO `sys_logininfor` VALUES ('196', 'admin', '127.0.0.1', 'еҶ…зҪ‘IP', 'Chrome 14', 'Windows 10', '0', 'йҖҖеҮәжҲҗеҠҹ', '2025-11-11 02:38:58');
INSERT INTO `sys_logininfor` VALUES ('197', 'jigouuser', '127.0.0.1', 'еҶ…зҪ‘IP', 'Chrome 14', 'Windows 10', '0', 'зҷ»еҪ•жҲҗеҠҹ', '2025-11-11 02:39:06');
INSERT INTO `sys_logininfor` VALUES ('198', 'jigouuser', '127.0.0.1', 'еҶ…зҪ‘IP', 'Chrome 14', 'Windows 10', '0', 'йҖҖеҮәжҲҗеҠҹ', '2025-11-11 02:39:37');
INSERT INTO `sys_logininfor` VALUES ('199', 'admin', '127.0.0.1', 'еҶ…зҪ‘IP', 'Chrome 14', 'Windows 10', '0', 'зҷ»еҪ•жҲҗеҠҹ', '2025-11-11 02:39:49');
INSERT INTO `sys_logininfor` VALUES ('200', 'admin', '127.0.0.1', 'еҶ…зҪ‘IP', 'Chrome 14', 'Windows 10', '0', 'йҖҖеҮәжҲҗеҠҹ', '2025-11-11 02:49:05');
INSERT INTO `sys_logininfor` VALUES ('201', 'jg279011', '127.0.0.1', 'еҶ…зҪ‘IP', 'Chrome 14', 'Windows 10', '0', 'зҷ»еҪ•жҲҗеҠҹ', '2025-11-11 02:49:22');
INSERT INTO `sys_logininfor` VALUES ('202', 'jg279011', '127.0.0.1', 'еҶ…зҪ‘IP', 'Chrome 14', 'Windows 10', '0', 'йҖҖеҮәжҲҗеҠҹ', '2025-11-11 02:49:39');
INSERT INTO `sys_logininfor` VALUES ('203', 'admin', '127.0.0.1', 'еҶ…зҪ‘IP', 'Chrome 14', 'Windows 10', '1', 'йӘҢиҜҒз Ғе·ІеӨұж•Ҳ', '2025-11-11 02:55:47');
INSERT INTO `sys_logininfor` VALUES ('204', 'admin', '127.0.0.1', 'еҶ…зҪ‘IP', 'Chrome 14', 'Windows 10', '0', 'зҷ»еҪ•жҲҗеҠҹ', '2025-11-11 02:55:50');
INSERT INTO `sys_logininfor` VALUES ('205', 'admin', '127.0.0.1', 'еҶ…зҪ‘IP', 'Chrome 14', 'Windows 10', '0', 'йҖҖеҮәжҲҗеҠҹ', '2025-11-11 02:56:47');
INSERT INTO `sys_logininfor` VALUES ('206', 'jigouuser', '127.0.0.1', 'еҶ…зҪ‘IP', 'Chrome 14', 'Windows 10', '0', 'зҷ»еҪ•жҲҗеҠҹ', '2025-11-11 02:56:53');
INSERT INTO `sys_logininfor` VALUES ('207', 'jigouuser', '127.0.0.1', 'еҶ…зҪ‘IP', 'Chrome 14', 'Windows 10', '0', 'йҖҖеҮәжҲҗеҠҹ', '2025-11-11 02:57:21');
INSERT INTO `sys_logininfor` VALUES ('208', 'admin', '127.0.0.1', 'еҶ…зҪ‘IP', 'Chrome 14', 'Windows 10', '0', 'зҷ»еҪ•жҲҗеҠҹ', '2025-11-11 02:57:25');
INSERT INTO `sys_logininfor` VALUES ('209', 'admin', '127.0.0.1', 'еҶ…зҪ‘IP', 'Chrome 14', 'Windows 10', '0', 'йҖҖеҮәжҲҗеҠҹ', '2025-11-11 03:04:39');
INSERT INTO `sys_logininfor` VALUES ('210', 'jigouuser', '127.0.0.1', 'еҶ…зҪ‘IP', 'Chrome 14', 'Windows 10', '0', 'зҷ»еҪ•жҲҗеҠҹ', '2025-11-11 03:04:52');
INSERT INTO `sys_logininfor` VALUES ('211', 'jigouuser', '127.0.0.1', 'еҶ…зҪ‘IP', 'Chrome 14', 'Windows 10', '0', 'йҖҖеҮәжҲҗеҠҹ', '2025-11-11 03:16:50');
INSERT INTO `sys_logininfor` VALUES ('212', 'admin', '127.0.0.1', 'еҶ…зҪ‘IP', 'Chrome 14', 'Windows 10', '0', 'зҷ»еҪ•жҲҗеҠҹ', '2025-11-11 03:16:53');
INSERT INTO `sys_logininfor` VALUES ('213', 'admin', '127.0.0.1', 'еҶ…зҪ‘IP', 'Chrome 14', 'Windows 10', '0', 'зҷ»еҪ•жҲҗеҠҹ', '2025-11-11 11:21:13');
INSERT INTO `sys_logininfor` VALUES ('214', 'admin', '127.0.0.1', 'еҶ…зҪ‘IP', 'Chrome 14', 'Windows 10', '1', 'йӘҢиҜҒз Ғе·ІеӨұж•Ҳ', '2025-11-11 14:42:56');
INSERT INTO `sys_logininfor` VALUES ('215', 'admin', '127.0.0.1', 'еҶ…зҪ‘IP', 'Chrome 14', 'Windows 10', '0', 'зҷ»еҪ•жҲҗеҠҹ', '2025-11-11 14:42:59');
INSERT INTO `sys_logininfor` VALUES ('216', 'admin', '127.0.0.1', 'еҶ…зҪ‘IP', 'Chrome 14', 'Windows 10', '0', 'зҷ»еҪ•жҲҗеҠҹ', '2025-11-11 21:23:25');
INSERT INTO `sys_logininfor` VALUES ('217', 'admin', '127.0.0.1', 'еҶ…зҪ‘IP', 'Chrome 14', 'Windows 10', '0', 'зҷ»еҪ•жҲҗеҠҹ', '2025-11-12 01:32:11');
INSERT INTO `sys_logininfor` VALUES ('218', 'admin', '127.0.0.1', 'еҶ…зҪ‘IP', 'Chrome 14', 'Windows 10', '0', 'зҷ»еҪ•жҲҗеҠҹ', '2025-11-12 02:24:01');
INSERT INTO `sys_logininfor` VALUES ('219', 'admin', '127.0.0.1', 'еҶ…зҪ‘IP', 'Chrome 14', 'Windows 10', '0', 'зҷ»еҪ•жҲҗеҠҹ', '2025-11-12 11:20:03');
INSERT INTO `sys_logininfor` VALUES ('220', 'admin', '127.0.0.1', 'еҶ…зҪ‘IP', 'Chrome 14', 'Windows 10', '0', 'зҷ»еҪ•жҲҗеҠҹ', '2025-11-12 12:16:34');
INSERT INTO `sys_logininfor` VALUES ('221', 'admin', '127.0.0.1', 'еҶ…зҪ‘IP', 'Chrome 14', 'Windows 10', '0', 'зҷ»еҪ•жҲҗеҠҹ', '2025-11-12 15:32:07');
INSERT INTO `sys_logininfor` VALUES ('222', 'admin', '127.0.0.1', 'еҶ…зҪ‘IP', 'Chrome 14', 'Windows 10', '0', 'зҷ»еҪ•жҲҗеҠҹ', '2025-11-12 20:40:15');
INSERT INTO `sys_logininfor` VALUES ('223', 'admin', '127.0.0.1', 'еҶ…зҪ‘IP', 'Chrome 14', 'Windows 10', '0', 'зҷ»еҪ•жҲҗеҠҹ', '2025-11-12 22:39:34');
INSERT INTO `sys_logininfor` VALUES ('224', 'admin', '127.0.0.1', 'еҶ…зҪ‘IP', 'Chrome 14', 'Windows 10', '0', 'зҷ»еҪ•жҲҗеҠҹ', '2025-11-13 02:37:55');
INSERT INTO `sys_logininfor` VALUES ('225', 'admin', '127.0.0.1', 'еҶ…зҪ‘IP', 'Chrome 14', 'Windows 10', '0', 'зҷ»еҪ•жҲҗеҠҹ', '2025-11-13 22:05:12');
INSERT INTO `sys_logininfor` VALUES ('226', 'admin', '127.0.0.1', 'еҶ…зҪ‘IP', 'Chrome 14', 'Windows 10', '0', 'зҷ»еҪ•жҲҗеҠҹ', '2025-11-14 11:44:36');
INSERT INTO `sys_logininfor` VALUES ('227', 'admin', '127.0.0.1', 'еҶ…зҪ‘IP', 'Chrome 14', 'Windows 10', '1', 'йӘҢиҜҒз Ғй”ҷиҜҜ', '2025-11-14 13:15:47');
INSERT INTO `sys_logininfor` VALUES ('228', 'admin', '127.0.0.1', 'еҶ…зҪ‘IP', 'Chrome 14', 'Windows 10', '1', 'йӘҢиҜҒз Ғй”ҷиҜҜ', '2025-11-14 13:15:50');
INSERT INTO `sys_logininfor` VALUES ('229', 'admin', '127.0.0.1', 'еҶ…зҪ‘IP', 'Chrome 14', 'Windows 10', '0', 'зҷ»еҪ•жҲҗеҠҹ', '2025-11-14 13:15:52');
INSERT INTO `sys_logininfor` VALUES ('230', 'admin', '127.0.0.1', 'еҶ…зҪ‘IP', 'Chrome 14', 'Windows 10', '0', 'зҷ»еҪ•жҲҗеҠҹ', '2025-11-14 16:44:09');
INSERT INTO `sys_logininfor` VALUES ('231', 'admin', '127.0.0.1', 'еҶ…зҪ‘IP', 'Chrome 14', 'Windows 10', '0', 'зҷ»еҪ•жҲҗеҠҹ', '2025-11-16 00:18:36');
INSERT INTO `sys_logininfor` VALUES ('232', 'admin', '127.0.0.1', 'еҶ…зҪ‘IP', 'Chrome 14', 'Windows 10', '0', 'йҖҖеҮәжҲҗеҠҹ', '2025-11-16 00:25:18');
INSERT INTO `sys_logininfor` VALUES ('233', 'admin', '127.0.0.1', 'еҶ…зҪ‘IP', 'Chrome 14', 'Windows 10', '0', 'зҷ»еҪ•жҲҗеҠҹ', '2025-11-16 00:25:23');
INSERT INTO `sys_logininfor` VALUES ('234', 'admin', '127.0.0.1', 'еҶ…зҪ‘IP', 'Chrome 14', 'Windows 10', '0', 'йҖҖеҮәжҲҗеҠҹ', '2025-11-16 00:25:46');
INSERT INTO `sys_logininfor` VALUES ('235', 'admin', '127.0.0.1', 'еҶ…зҪ‘IP', 'Chrome 14', 'Windows 10', '0', 'зҷ»еҪ•жҲҗеҠҹ', '2025-11-16 00:25:48');
INSERT INTO `sys_logininfor` VALUES ('236', 'jg666666', '192.168.31.217', 'еҶ…зҪ‘IP', 'Chrome 13', 'Mac OS X', '1', 'з”ЁжҲ·дёҚеӯҳеңЁ/еҜҶз Ғй”ҷиҜҜ', '2025-11-16 01:00:13');
INSERT INTO `sys_logininfor` VALUES ('237', 'jg666666', '192.168.31.217', 'еҶ…зҪ‘IP', 'Chrome 13', 'Mac OS X', '0', 'зҷ»еҪ•жҲҗеҠҹ', '2025-11-16 01:00:21');
INSERT INTO `sys_logininfor` VALUES ('238', 'jg666666', '192.168.31.217', 'еҶ…зҪ‘IP', 'Chrome 13', 'Mac OS X', '0', 'йҖҖеҮәжҲҗеҠҹ', '2025-11-16 01:27:01');
INSERT INTO `sys_logininfor` VALUES ('239', 'admin', '192.168.31.217', 'еҶ…зҪ‘IP', 'Chrome 13', 'Mac OS X', '0', 'зҷ»еҪ•жҲҗеҠҹ', '2025-11-16 01:27:03');
INSERT INTO `sys_logininfor` VALUES ('240', 'admin', '192.168.31.217', 'еҶ…зҪ‘IP', 'Chrome 13', 'Mac OS X', '0', 'йҖҖеҮәжҲҗеҠҹ', '2025-11-16 01:37:18');
INSERT INTO `sys_logininfor` VALUES ('241', 'jg666666', '192.168.31.217', 'еҶ…зҪ‘IP', 'Chrome 13', 'Mac OS X', '0', 'зҷ»еҪ•жҲҗеҠҹ', '2025-11-16 01:37:22');
INSERT INTO `sys_logininfor` VALUES ('242', 'jg666666', '192.168.31.217', 'еҶ…зҪ‘IP', 'Chrome 13', 'Mac OS X', '0', 'йҖҖеҮәжҲҗеҠҹ', '2025-11-16 01:38:15');
INSERT INTO `sys_logininfor` VALUES ('243', 'jg666666', '192.168.31.217', 'еҶ…зҪ‘IP', 'Chrome 13', 'Mac OS X', '0', 'зҷ»еҪ•жҲҗеҠҹ', '2025-11-16 01:38:19');
INSERT INTO `sys_logininfor` VALUES ('244', 'admin', '192.168.31.217', 'еҶ…зҪ‘IP', 'Chrome 13', 'Mac OS X', '0', 'зҷ»еҪ•жҲҗеҠҹ', '2025-11-16 01:41:51');
INSERT INTO `sys_logininfor` VALUES ('245', 'admin', '192.168.31.217', 'еҶ…зҪ‘IP', 'Chrome 13', 'Mac OS X', '0', 'йҖҖеҮәжҲҗеҠҹ', '2025-11-16 01:42:03');
INSERT INTO `sys_logininfor` VALUES ('246', 'jg666666', '192.168.31.217', 'еҶ…зҪ‘IP', 'Chrome 13', 'Mac OS X', '0', 'зҷ»еҪ•жҲҗеҠҹ', '2025-11-16 01:42:07');
INSERT INTO `sys_logininfor` VALUES ('247', 'admin', '127.0.0.1', 'еҶ…зҪ‘IP', 'Chrome 14', 'Windows 10', '0', 'йҖҖеҮәжҲҗеҠҹ', '2025-11-17 01:16:28');
INSERT INTO `sys_logininfor` VALUES ('248', 'admin', '127.0.0.1', 'еҶ…зҪ‘IP', 'Chrome 14', 'Windows 10', '0', 'зҷ»еҪ•жҲҗеҠҹ', '2025-11-17 01:16:35');

-- ----------------------------
-- Table structure for sys_menu
-- ----------------------------
DROP TABLE IF EXISTS `sys_menu`;
CREATE TABLE `sys_menu` (
  `menu_id` bigint(20) NOT NULL AUTO_INCREMENT COMMENT 'иҸңеҚ•ID',
  `menu_name` varchar(50) COLLATE utf8mb4_general_ci NOT NULL COMMENT 'иҸңеҚ•еҗҚз§°',
  `parent_id` bigint(20) DEFAULT '0' COMMENT 'зҲ¶иҸңеҚ•ID',
  `order_num` int(4) DEFAULT '0' COMMENT 'жҳҫзӨәйЎәеәҸ',
  `path` varchar(200) COLLATE utf8mb4_general_ci DEFAULT '' COMMENT 'и·Ҝз”ұең°еқҖ',
  `component` varchar(255) COLLATE utf8mb4_general_ci DEFAULT NULL COMMENT 'з»„д»¶и·Ҝеҫ„',
  `query` varchar(255) COLLATE utf8mb4_general_ci DEFAULT NULL COMMENT 'и·Ҝз”ұеҸӮж•°',
  `route_name` varchar(50) COLLATE utf8mb4_general_ci DEFAULT '' COMMENT 'и·Ҝз”ұеҗҚз§°',
  `is_frame` int(1) DEFAULT '1' COMMENT 'жҳҜеҗҰдёәеӨ–й“ҫпјҲ0жҳҜ 1еҗҰпјү',
  `is_cache` int(1) DEFAULT '0' COMMENT 'жҳҜеҗҰзј“еӯҳпјҲ0зј“еӯҳ 1дёҚзј“еӯҳпјү',
  `menu_type` char(1) COLLATE utf8mb4_general_ci DEFAULT '' COMMENT 'иҸңеҚ•зұ»еһӢпјҲMзӣ®еҪ• CиҸңеҚ• FжҢүй’®пјү',
  `visible` char(1) COLLATE utf8mb4_general_ci DEFAULT '0' COMMENT 'иҸңеҚ•зҠ¶жҖҒпјҲ0жҳҫзӨә 1йҡҗи—Ҹпјү',
  `status` char(1) COLLATE utf8mb4_general_ci DEFAULT '0' COMMENT 'иҸңеҚ•зҠ¶жҖҒпјҲ0жӯЈеёё 1еҒңз”Ёпјү',
  `perms` varchar(100) COLLATE utf8mb4_general_ci DEFAULT NULL COMMENT 'жқғйҷҗж ҮиҜҶ',
  `icon` varchar(100) COLLATE utf8mb4_general_ci DEFAULT '#' COMMENT 'иҸңеҚ•еӣҫж Ү',
  `create_by` varchar(64) COLLATE utf8mb4_general_ci DEFAULT '' COMMENT 'еҲӣе»әиҖ…',
  `create_time` datetime DEFAULT NULL COMMENT 'еҲӣе»әж—¶й—ҙ',
  `update_by` varchar(64) COLLATE utf8mb4_general_ci DEFAULT '' COMMENT 'жӣҙж–°иҖ…',
  `update_time` datetime DEFAULT NULL COMMENT 'жӣҙж–°ж—¶й—ҙ',
  `remark` varchar(500) COLLATE utf8mb4_general_ci DEFAULT '' COMMENT 'еӨҮжіЁ',
  PRIMARY KEY (`menu_id`)
) ENGINE=InnoDB AUTO_INCREMENT=4051 DEFAULT CHARSET=utf8mb4 COLLATE=utf8mb4_general_ci COMMENT='иҸңеҚ•жқғйҷҗиЎЁ';

-- ----------------------------
-- Records of sys_menu
-- ----------------------------
INSERT INTO `sys_menu` VALUES ('1', 'зі»з»ҹз®ЎзҗҶ', '0', '1', 'system', null, '', '', '1', '0', 'M', '0', '0', '', 'system', 'admin', '2025-10-28 02:47:08', '', null, 'зі»з»ҹз®ЎзҗҶзӣ®еҪ•');
INSERT INTO `sys_menu` VALUES ('2', 'зі»з»ҹзӣ‘жҺ§', '0', '2', 'monitor', null, '', '', '1', '0', 'M', '0', '0', '', 'monitor', 'admin', '2025-10-28 02:47:08', '', null, 'зі»з»ҹзӣ‘жҺ§зӣ®еҪ•');
INSERT INTO `sys_menu` VALUES ('3', 'зі»з»ҹе·Ҙе…·', '0', '3', 'tool', null, '', '', '1', '0', 'M', '0', '0', '', 'tool', 'admin', '2025-10-28 02:47:08', '', null, 'зі»з»ҹе·Ҙе…·зӣ®еҪ•');
INSERT INTO `sys_menu` VALUES ('100', 'з”ЁжҲ·з®ЎзҗҶ', '1', '1', 'user', 'system/user/index', '', '', '1', '0', 'C', '0', '0', 'system:user:list', 'user', 'admin', '2025-10-28 02:47:08', '', null, 'з”ЁжҲ·з®ЎзҗҶиҸңеҚ•');
INSERT INTO `sys_menu` VALUES ('101', 'и§’иүІз®ЎзҗҶ', '1', '2', 'role', 'system/role/index', '', '', '1', '0', 'C', '0', '0', 'system:role:list', 'peoples', 'admin', '2025-10-28 02:47:08', '', null, 'и§’иүІз®ЎзҗҶиҸңеҚ•');
INSERT INTO `sys_menu` VALUES ('102', 'иҸңеҚ•з®ЎзҗҶ', '1', '3', 'menu', 'system/menu/index', '', '', '1', '0', 'C', '0', '0', 'system:menu:list', 'tree-table', 'admin', '2025-10-28 02:47:08', '', null, 'иҸңеҚ•з®ЎзҗҶиҸңеҚ•');
INSERT INTO `sys_menu` VALUES ('103', 'йғЁй—Ёз®ЎзҗҶ', '1', '4', 'dept', 'system/dept/index', '', '', '1', '0', 'C', '0', '0', 'system:dept:list', 'tree', 'admin', '2025-10-28 02:47:08', '', null, 'йғЁй—Ёз®ЎзҗҶиҸңеҚ•');
INSERT INTO `sys_menu` VALUES ('104', 'еІ—дҪҚз®ЎзҗҶ', '1', '5', 'post', 'system/post/index', '', '', '1', '0', 'C', '0', '0', 'system:post:list', 'post', 'admin', '2025-10-28 02:47:08', '', null, 'еІ—дҪҚз®ЎзҗҶиҸңеҚ•');
INSERT INTO `sys_menu` VALUES ('105', 'еӯ—е…ёз®ЎзҗҶ', '1', '6', 'dict', 'system/dict/index', '', '', '1', '0', 'C', '0', '0', 'system:dict:list', 'dict', 'admin', '2025-10-28 02:47:08', '', null, 'еӯ—е…ёз®ЎзҗҶиҸңеҚ•');
INSERT INTO `sys_menu` VALUES ('106', 'еҸӮж•°и®ҫзҪ®', '1', '7', 'config', 'system/config/index', '', '', '1', '0', 'C', '0', '0', 'system:config:list', 'edit', 'admin', '2025-10-28 02:47:08', '', null, 'еҸӮж•°и®ҫзҪ®иҸңеҚ•');
INSERT INTO `sys_menu` VALUES ('107', 'йҖҡзҹҘе…¬е‘Ҡ', '1', '8', 'notice', 'system/notice/index', '', '', '1', '0', 'C', '0', '0', 'system:notice:list', 'message', 'admin', '2025-10-28 02:47:08', '', null, 'йҖҡзҹҘе…¬е‘ҠиҸңеҚ•');
INSERT INTO `sys_menu` VALUES ('108', 'ж—Ҙеҝ—з®ЎзҗҶ', '1', '9', 'log', '', '', '', '1', '0', 'M', '0', '0', '', 'log', 'admin', '2025-10-28 02:47:08', '', null, 'ж—Ҙеҝ—з®ЎзҗҶиҸңеҚ•');
INSERT INTO `sys_menu` VALUES ('109', 'еңЁзәҝз”ЁжҲ·', '2', '1', 'online', 'monitor/online/index', '', '', '1', '0', 'C', '0', '0', 'monitor:online:list', 'online', 'admin', '2025-10-28 02:47:08', '', null, 'еңЁзәҝз”ЁжҲ·иҸңеҚ•');
INSERT INTO `sys_menu` VALUES ('110', 'е®ҡж—¶д»»еҠЎ', '2', '2', 'job', 'monitor/job/index', '', '', '1', '0', 'C', '0', '0', 'monitor:job:list', 'job', 'admin', '2025-10-28 02:47:08', '', null, 'е®ҡж—¶д»»еҠЎиҸңеҚ•');
INSERT INTO `sys_menu` VALUES ('111', 'ж•°жҚ®зӣ‘жҺ§', '2', '3', 'druid', 'monitor/druid/index', '', '', '1', '0', 'C', '0', '0', 'monitor:druid:list', 'druid', 'admin', '2025-10-28 02:47:08', '', null, 'ж•°жҚ®зӣ‘жҺ§иҸңеҚ•');
INSERT INTO `sys_menu` VALUES ('112', 'жңҚеҠЎзӣ‘жҺ§', '2', '4', 'server', 'monitor/server/index', '', '', '1', '0', 'C', '0', '0', 'monitor:server:list', 'server', 'admin', '2025-10-28 02:47:08', '', null, 'жңҚеҠЎзӣ‘жҺ§иҸңеҚ•');
INSERT INTO `sys_menu` VALUES ('113', 'зј“еӯҳзӣ‘жҺ§', '2', '5', 'cache', 'monitor/cache/index', '', '', '1', '0', 'C', '0', '0', 'monitor:cache:list', 'redis', 'admin', '2025-10-28 02:47:08', '', null, 'зј“еӯҳзӣ‘жҺ§иҸңеҚ•');
INSERT INTO `sys_menu` VALUES ('114', 'зј“еӯҳеҲ—иЎЁ', '2', '6', 'cacheList', 'monitor/cache/list', '', '', '1', '0', 'C', '0', '0', 'monitor:cache:list', 'redis-list', 'admin', '2025-10-28 02:47:08', '', null, 'зј“еӯҳеҲ—иЎЁиҸңеҚ•');
INSERT INTO `sys_menu` VALUES ('115', 'иЎЁеҚ•жһ„е»ә', '3', '1', 'build', 'tool/build/index', '', '', '1', '0', 'C', '0', '0', 'tool:build:list', 'build', 'admin', '2025-10-28 02:47:08', '', null, 'иЎЁеҚ•жһ„е»әиҸңеҚ•');
INSERT INTO `sys_menu` VALUES ('116', 'д»Јз Ғз”ҹжҲҗ', '3', '2', 'gen', 'tool/gen/index', '', '', '1', '0', 'C', '0', '0', 'tool:gen:list', 'code', 'admin', '2025-10-28 02:47:08', '', null, 'д»Јз Ғз”ҹжҲҗиҸңеҚ•');
INSERT INTO `sys_menu` VALUES ('117', 'зі»з»ҹжҺҘеҸЈ', '3', '3', 'swagger', 'tool/swagger/index', '', '', '1', '0', 'C', '0', '0', 'tool:swagger:list', 'swagger', 'admin', '2025-10-28 02:47:08', '', null, 'зі»з»ҹжҺҘеҸЈиҸңеҚ•');
INSERT INTO `sys_menu` VALUES ('500', 'ж“ҚдҪңж—Ҙеҝ—', '108', '1', 'operlog', 'monitor/operlog/index', '', '', '1', '0', 'C', '0', '0', 'monitor:operlog:list', 'form', 'admin', '2025-10-28 02:47:08', '', null, 'ж“ҚдҪңж—Ҙеҝ—иҸңеҚ•');
INSERT INTO `sys_menu` VALUES ('501', 'зҷ»еҪ•ж—Ҙеҝ—', '108', '2', 'logininfor', 'monitor/logininfor/index', '', '', '1', '0', 'C', '0', '0', 'monitor:logininfor:list', 'logininfor', 'admin', '2025-10-28 02:47:08', '', null, 'зҷ»еҪ•ж—Ҙеҝ—иҸңеҚ•');
INSERT INTO `sys_menu` VALUES ('1000', 'з”ЁжҲ·жҹҘиҜў', '100', '1', '', '', '', '', '1', '0', 'F', '0', '0', 'system:user:query', '#', 'admin', '2025-10-28 02:47:08', '', null, '');
INSERT INTO `sys_menu` VALUES ('1001', 'з”ЁжҲ·ж–°еўһ', '100', '2', '', '', '', '', '1', '0', 'F', '0', '0', 'system:user:add', '#', 'admin', '2025-10-28 02:47:08', '', null, '');
INSERT INTO `sys_menu` VALUES ('1002', 'з”ЁжҲ·дҝ®ж”№', '100', '3', '', '', '', '', '1', '0', 'F', '0', '0', 'system:user:edit', '#', 'admin', '2025-10-28 02:47:08', '', null, '');
INSERT INTO `sys_menu` VALUES ('1003', 'з”ЁжҲ·еҲ йҷӨ', '100', '4', '', '', '', '', '1', '0', 'F', '0', '0', 'system:user:remove', '#', 'admin', '2025-10-28 02:47:08', '', null, '');
INSERT INTO `sys_menu` VALUES ('1004', 'з”ЁжҲ·еҜјеҮә', '100', '5', '', '', '', '', '1', '0', 'F', '0', '0', 'system:user:export', '#', 'admin', '2025-10-28 02:47:08', '', null, '');
INSERT INTO `sys_menu` VALUES ('1005', 'з”ЁжҲ·еҜје…Ҙ', '100', '6', '', '', '', '', '1', '0', 'F', '0', '0', 'system:user:import', '#', 'admin', '2025-10-28 02:47:08', '', null, '');
INSERT INTO `sys_menu` VALUES ('1006', 'йҮҚзҪ®еҜҶз Ғ', '100', '7', '', '', '', '', '1', '0', 'F', '0', '0', 'system:user:resetPwd', '#', 'admin', '2025-10-28 02:47:08', '', null, '');
INSERT INTO `sys_menu` VALUES ('1007', 'и§’иүІжҹҘиҜў', '101', '1', '', '', '', '', '1', '0', 'F', '0', '0', 'system:role:query', '#', 'admin', '2025-10-28 02:47:08', '', null, '');
INSERT INTO `sys_menu` VALUES ('1008', 'и§’иүІж–°еўһ', '101', '2', '', '', '', '', '1', '0', 'F', '0', '0', 'system:role:add', '#', 'admin', '2025-10-28 02:47:08', '', null, '');
INSERT INTO `sys_menu` VALUES ('1009', 'и§’иүІдҝ®ж”№', '101', '3', '', '', '', '', '1', '0', 'F', '0', '0', 'system:role:edit', '#', 'admin', '2025-10-28 02:47:08', '', null, '');
INSERT INTO `sys_menu` VALUES ('1010', 'и§’иүІеҲ йҷӨ', '101', '4', '', '', '', '', '1', '0', 'F', '0', '0', 'system:role:remove', '#', 'admin', '2025-10-28 02:47:08', '', null, '');
INSERT INTO `sys_menu` VALUES ('1011', 'и§’иүІеҜјеҮә', '101', '5', '', '', '', '', '1', '0', 'F', '0', '0', 'system:role:export', '#', 'admin', '2025-10-28 02:47:08', '', null, '');
INSERT INTO `sys_menu` VALUES ('1012', 'иҸңеҚ•жҹҘиҜў', '102', '1', '', '', '', '', '1', '0', 'F', '0', '0', 'system:menu:query', '#', 'admin', '2025-10-28 02:47:08', '', null, '');
INSERT INTO `sys_menu` VALUES ('1013', 'иҸңеҚ•ж–°еўһ', '102', '2', '', '', '', '', '1', '0', 'F', '0', '0', 'system:menu:add', '#', 'admin', '2025-10-28 02:47:08', '', null, '');
INSERT INTO `sys_menu` VALUES ('1014', 'иҸңеҚ•дҝ®ж”№', '102', '3', '', '', '', '', '1', '0', 'F', '0', '0', 'system:menu:edit', '#', 'admin', '2025-10-28 02:47:08', '', null, '');
INSERT INTO `sys_menu` VALUES ('1015', 'иҸңеҚ•еҲ йҷӨ', '102', '4', '', '', '', '', '1', '0', 'F', '0', '0', 'system:menu:remove', '#', 'admin', '2025-10-28 02:47:08', '', null, '');
INSERT INTO `sys_menu` VALUES ('1016', 'йғЁй—ЁжҹҘиҜў', '103', '1', '', '', '', '', '1', '0', 'F', '0', '0', 'system:dept:query', '#', 'admin', '2025-10-28 02:47:08', '', null, '');
INSERT INTO `sys_menu` VALUES ('1017', 'йғЁй—Ёж–°еўһ', '103', '2', '', '', '', '', '1', '0', 'F', '0', '0', 'system:dept:add', '#', 'admin', '2025-10-28 02:47:08', '', null, '');
INSERT INTO `sys_menu` VALUES ('1018', 'йғЁй—Ёдҝ®ж”№', '103', '3', '', '', '', '', '1', '0', 'F', '0', '0', 'system:dept:edit', '#', 'admin', '2025-10-28 02:47:08', '', null, '');
INSERT INTO `sys_menu` VALUES ('1019', 'йғЁй—ЁеҲ йҷӨ', '103', '4', '', '', '', '', '1', '0', 'F', '0', '0', 'system:dept:remove', '#', 'admin', '2025-10-28 02:47:08', '', null, '');
INSERT INTO `sys_menu` VALUES ('1020', 'еІ—дҪҚжҹҘиҜў', '104', '1', '', '', '', '', '1', '0', 'F', '0', '0', 'system:post:query', '#', 'admin', '2025-10-28 02:47:08', '', null, '');
INSERT INTO `sys_menu` VALUES ('1021', 'еІ—дҪҚж–°еўһ', '104', '2', '', '', '', '', '1', '0', 'F', '0', '0', 'system:post:add', '#', 'admin', '2025-10-28 02:47:08', '', null, '');
INSERT INTO `sys_menu` VALUES ('1022', 'еІ—дҪҚдҝ®ж”№', '104', '3', '', '', '', '', '1', '0', 'F', '0', '0', 'system:post:edit', '#', 'admin', '2025-10-28 02:47:08', '', null, '');
INSERT INTO `sys_menu` VALUES ('1023', 'еІ—дҪҚеҲ йҷӨ', '104', '4', '', '', '', '', '1', '0', 'F', '0', '0', 'system:post:remove', '#', 'admin', '2025-10-28 02:47:08', '', null, '');
INSERT INTO `sys_menu` VALUES ('1024', 'еІ—дҪҚеҜјеҮә', '104', '5', '', '', '', '', '1', '0', 'F', '0', '0', 'system:post:export', '#', 'admin', '2025-10-28 02:47:08', '', null, '');
INSERT INTO `sys_menu` VALUES ('1025', 'еӯ—е…ёжҹҘиҜў', '105', '1', '#', '', '', '', '1', '0', 'F', '0', '0', 'system:dict:query', '#', 'admin', '2025-10-28 02:47:08', '', null, '');
INSERT INTO `sys_menu` VALUES ('1026', 'еӯ—е…ёж–°еўһ', '105', '2', '#', '', '', '', '1', '0', 'F', '0', '0', 'system:dict:add', '#', 'admin', '2025-10-28 02:47:08', '', null, '');
INSERT INTO `sys_menu` VALUES ('1027', 'еӯ—е…ёдҝ®ж”№', '105', '3', '#', '', '', '', '1', '0', 'F', '0', '0', 'system:dict:edit', '#', 'admin', '2025-10-28 02:47:08', '', null, '');
INSERT INTO `sys_menu` VALUES ('1028', 'еӯ—е…ёеҲ йҷӨ', '105', '4', '#', '', '', '', '1', '0', 'F', '0', '0', 'system:dict:remove', '#', 'admin', '2025-10-28 02:47:08', '', null, '');
INSERT INTO `sys_menu` VALUES ('1029', 'еӯ—е…ёеҜјеҮә', '105', '5', '#', '', '', '', '1', '0', 'F', '0', '0', 'system:dict:export', '#', 'admin', '2025-10-28 02:47:08', '', null, '');
INSERT INTO `sys_menu` VALUES ('1030', 'еҸӮж•°жҹҘиҜў', '106', '1', '#', '', '', '', '1', '0', 'F', '0', '0', 'system:config:query', '#', 'admin', '2025-10-28 02:47:08', '', null, '');
INSERT INTO `sys_menu` VALUES ('1031', 'еҸӮж•°ж–°еўһ', '106', '2', '#', '', '', '', '1', '0', 'F', '0', '0', 'system:config:add', '#', 'admin', '2025-10-28 02:47:08', '', null, '');
INSERT INTO `sys_menu` VALUES ('1032', 'еҸӮж•°дҝ®ж”№', '106', '3', '#', '', '', '', '1', '0', 'F', '0', '0', 'system:config:edit', '#', 'admin', '2025-10-28 02:47:08', '', null, '');
INSERT INTO `sys_menu` VALUES ('1033', 'еҸӮж•°еҲ йҷӨ', '106', '4', '#', '', '', '', '1', '0', 'F', '0', '0', 'system:config:remove', '#', 'admin', '2025-10-28 02:47:08', '', null, '');
INSERT INTO `sys_menu` VALUES ('1034', 'еҸӮж•°еҜјеҮә', '106', '5', '#', '', '', '', '1', '0', 'F', '0', '0', 'system:config:export', '#', 'admin', '2025-10-28 02:47:08', '', null, '');
INSERT INTO `sys_menu` VALUES ('1035', 'е…¬е‘ҠжҹҘиҜў', '107', '1', '#', '', '', '', '1', '0', 'F', '0', '0', 'system:notice:query', '#', 'admin', '2025-10-28 02:47:08', '', null, '');
INSERT INTO `sys_menu` VALUES ('1036', 'е…¬е‘Ҡж–°еўһ', '107', '2', '#', '', '', '', '1', '0', 'F', '0', '0', 'system:notice:add', '#', 'admin', '2025-10-28 02:47:08', '', null, '');
INSERT INTO `sys_menu` VALUES ('1037', 'е…¬е‘Ҡдҝ®ж”№', '107', '3', '#', '', '', '', '1', '0', 'F', '0', '0', 'system:notice:edit', '#', 'admin', '2025-10-28 02:47:08', '', null, '');
INSERT INTO `sys_menu` VALUES ('1038', 'е…¬е‘ҠеҲ йҷӨ', '107', '4', '#', '', '', '', '1', '0', 'F', '0', '0', 'system:notice:remove', '#', 'admin', '2025-10-28 02:47:08', '', null, '');
INSERT INTO `sys_menu` VALUES ('1039', 'ж“ҚдҪңжҹҘиҜў', '500', '1', '#', '', '', '', '1', '0', 'F', '0', '0', 'monitor:operlog:query', '#', 'admin', '2025-10-28 02:47:08', '', null, '');
INSERT INTO `sys_menu` VALUES ('1040', 'ж“ҚдҪңеҲ йҷӨ', '500', '2', '#', '', '', '', '1', '0', 'F', '0', '0', 'monitor:operlog:remove', '#', 'admin', '2025-10-28 02:47:08', '', null, '');
INSERT INTO `sys_menu` VALUES ('1041', 'ж—Ҙеҝ—еҜјеҮә', '500', '3', '#', '', '', '', '1', '0', 'F', '0', '0', 'monitor:operlog:export', '#', 'admin', '2025-10-28 02:47:08', '', null, '');
INSERT INTO `sys_menu` VALUES ('1042', 'зҷ»еҪ•жҹҘиҜў', '501', '1', '#', '', '', '', '1', '0', 'F', '0', '0', 'monitor:logininfor:query', '#', 'admin', '2025-10-28 02:47:08', '', null, '');
INSERT INTO `sys_menu` VALUES ('1043', 'зҷ»еҪ•еҲ йҷӨ', '501', '2', '#', '', '', '', '1', '0', 'F', '0', '0', 'monitor:logininfor:remove', '#', 'admin', '2025-10-28 02:47:08', '', null, '');
INSERT INTO `sys_menu` VALUES ('1044', 'ж—Ҙеҝ—еҜјеҮә', '501', '3', '#', '', '', '', '1', '0', 'F', '0', '0', 'monitor:logininfor:export', '#', 'admin', '2025-10-28 02:47:08', '', null, '');
INSERT INTO `sys_menu` VALUES ('1045', 'иҙҰжҲ·и§Јй”Ғ', '501', '4', '#', '', '', '', '1', '0', 'F', '0', '0', 'monitor:logininfor:unlock', '#', 'admin', '2025-10-28 02:47:08', '', null, '');
INSERT INTO `sys_menu` VALUES ('1046', 'еңЁзәҝжҹҘиҜў', '109', '1', '#', '', '', '', '1', '0', 'F', '0', '0', 'monitor:online:query', '#', 'admin', '2025-10-28 02:47:08', '', null, '');
INSERT INTO `sys_menu` VALUES ('1047', 'жү№йҮҸејәйҖҖ', '109', '2', '#', '', '', '', '1', '0', 'F', '0', '0', 'monitor:online:batchLogout', '#', 'admin', '2025-10-28 02:47:08', '', null, '');
INSERT INTO `sys_menu` VALUES ('1048', 'еҚ•жқЎејәйҖҖ', '109', '3', '#', '', '', '', '1', '0', 'F', '0', '0', 'monitor:online:forceLogout', '#', 'admin', '2025-10-28 02:47:08', '', null, '');
INSERT INTO `sys_menu` VALUES ('1049', 'д»»еҠЎжҹҘиҜў', '110', '1', '#', '', '', '', '1', '0', 'F', '0', '0', 'monitor:job:query', '#', 'admin', '2025-10-28 02:47:08', '', null, '');
INSERT INTO `sys_menu` VALUES ('1050', 'д»»еҠЎж–°еўһ', '110', '2', '#', '', '', '', '1', '0', 'F', '0', '0', 'monitor:job:add', '#', 'admin', '2025-10-28 02:47:08', '', null, '');
INSERT INTO `sys_menu` VALUES ('1051', 'д»»еҠЎдҝ®ж”№', '110', '3', '#', '', '', '', '1', '0', 'F', '0', '0', 'monitor:job:edit', '#', 'admin', '2025-10-28 02:47:08', '', null, '');
INSERT INTO `sys_menu` VALUES ('1052', 'д»»еҠЎеҲ йҷӨ', '110', '4', '#', '', '', '', '1', '0', 'F', '0', '0', 'monitor:job:remove', '#', 'admin', '2025-10-28 02:47:08', '', null, '');
INSERT INTO `sys_menu` VALUES ('1053', 'зҠ¶жҖҒдҝ®ж”№', '110', '5', '#', '', '', '', '1', '0', 'F', '0', '0', 'monitor:job:changeStatus', '#', 'admin', '2025-10-28 02:47:08', '', null, '');
INSERT INTO `sys_menu` VALUES ('1054', 'д»»еҠЎеҜјеҮә', '110', '6', '#', '', '', '', '1', '0', 'F', '0', '0', 'monitor:job:export', '#', 'admin', '2025-10-28 02:47:08', '', null, '');
INSERT INTO `sys_menu` VALUES ('1055', 'з”ҹжҲҗжҹҘиҜў', '116', '1', '#', '', '', '', '1', '0', 'F', '0', '0', 'tool:gen:query', '#', 'admin', '2025-10-28 02:47:08', '', null, '');
INSERT INTO `sys_menu` VALUES ('1056', 'з”ҹжҲҗдҝ®ж”№', '116', '2', '#', '', '', '', '1', '0', 'F', '0', '0', 'tool:gen:edit', '#', 'admin', '2025-10-28 02:47:08', '', null, '');
INSERT INTO `sys_menu` VALUES ('1057', 'з”ҹжҲҗеҲ йҷӨ', '116', '3', '#', '', '', '', '1', '0', 'F', '0', '0', 'tool:gen:remove', '#', 'admin', '2025-10-28 02:47:08', '', null, '');
INSERT INTO `sys_menu` VALUES ('1058', 'еҜје…Ҙд»Јз Ғ', '116', '4', '#', '', '', '', '1', '0', 'F', '0', '0', 'tool:gen:import', '#', 'admin', '2025-10-28 02:47:08', '', null, '');
INSERT INTO `sys_menu` VALUES ('1059', 'йў„и§Ҳд»Јз Ғ', '116', '5', '#', '', '', '', '1', '0', 'F', '0', '0', 'tool:gen:preview', '#', 'admin', '2025-10-28 02:47:08', '', null, '');
INSERT INTO `sys_menu` VALUES ('1060', 'з”ҹжҲҗд»Јз Ғ', '116', '6', '#', '', '', '', '1', '0', 'F', '0', '0', 'tool:gen:code', '#', 'admin', '2025-10-28 02:47:08', '', null, '');
INSERT INTO `sys_menu` VALUES ('2000', 'е…»иҖҒжңәжһ„', '0', '2', 'pension', null, null, null, '1', '0', 'M', '0', '0', '', 'peoples', 'admin', '2025-11-03 16:03:36', '', null, 'е…»иҖҒжңәжһ„з®ЎзҗҶ');
INSERT INTO `sys_menu` VALUES ('2001', 'йҰ–йЎө', '2000', '1', 'dashboard', 'pension/dashboard/index', null, null, '1', '0', 'C', '0', '0', 'pension:dashboard:view', 'dashboard', 'admin', '2025-11-03 16:03:36', '', null, 'е…»иҖҒжңәжһ„йҰ–йЎө');
INSERT INTO `sys_menu` VALUES ('2010', 'жңәжһ„з®ЎзҗҶ', '2000', '2', 'institution', null, null, null, '1', '0', 'M', '0', '0', '', 'chart', 'admin', '2025-11-03 16:03:36', 'admin', '2025-11-03 16:11:43', 'е…»иҖҒжңәжһ„з®ЎзҗҶ');
INSERT INTO `sys_menu` VALUES ('2011', 'жңәжһ„е…Ҙй©»з”іиҜ·', '2010', '1', 'apply', 'pension/institution/apply', null, null, '1', '0', 'C', '0', '0', 'pension:institution:apply', 'edit', 'admin', '2025-11-03 16:03:36', '', null, '');
INSERT INTO `sys_menu` VALUES ('2012', 'жңәжһ„е…Ҙй©»еҲ—иЎЁ', '2010', '2', 'list', 'pension/institution/institutionApplyList', null, null, '1', '0', 'C', '0', '0', 'pension:institution:list', 'list', 'admin', '2025-11-03 16:03:36', '', null, 'еұ•зӨәе·ІжҸҗдәӨзҡ„е…Ҙй©»з”іиҜ·еҲ—иЎЁпјҢеҢ…жӢ¬еҗҚз§°гҖҒжіЁеҶҢиө„йҮ‘гҖҒжүҖеұһиЎ—йҒ“гҖҒзӨҫдјҡз»ҹдёҖдҝЎз”Ёд»Јз ҒгҖҒжңәжһ„еӨҮжЎҲеҸ·гҖҒжңәжһ„иҒ”зі»дәәгҖҒжҲҗз«Ӣж—ҘжңҹгҖҒе…ҙеҠһжңәжһ„зӯүгҖӮеҸҜд»Ҙз»ҙжҠӨзӣёе…ідҝЎжҒҜгҖҒз”іиҜ·и§ЈйҷӨзӣ‘з®Ў');
INSERT INTO `sys_menu` VALUES ('2013', 'е…¬зӨәдҝЎжҒҜз»ҙжҠӨ', '2010', '3', 'publicity', 'pension/institution/publicityManage', null, null, '1', '0', 'C', '0', '0', 'pension:publicity:list', 'documentation', 'admin', '2025-11-03 16:03:36', '', null, 'е…»иҖҒжңәжһ„е…Ҙй©»жҲҗеҠҹеҗҺпјҢз»ҙжҠӨе…¬зӨәдҝЎжҒҜз”ЁдәҺеҜ№еӨ–е…¬зӨәгҖӮеҢ…жӢ¬е…»иҖҒжңәжһ„еҗҚз§°гҖҒз»ҹдёҖдҝЎз”Ёд»Јз ҒгҖҒжңәжһ„еӨҮжЎҲеҸ·гҖҒең°еқҖгҖҒиҜ„зә§гҖҒеҚ ең°йқўз§ҜгҖҒе»әзӯ‘йқўз§ҜгҖҒеәҠдҪҚж•°гҖҒж”¶дҪҸеҜ№иұЎиғҪеҠӣиҰҒжұӮгҖҒж”¶иҙ№ж ҮеҮҶгҖҒзӣ‘з®ЎиҙҰжҲ·гҖҒжңәжһ„з®Җд»ӢгҖҒзү№иүІжңҚеҠЎгҖҒжңәжһ„еӣҫзүҮзӯү');
INSERT INTO `sys_menu` VALUES ('2014', 'query', '2012', '1', '', null, null, '', '1', '0', 'F', '0', '0', 'pension:institution:query', '#', 'admin', '2025-11-10 03:10:23', '', null, '');
INSERT INTO `sys_menu` VALUES ('2015', 'edit', '2012', '2', '', null, null, '', '1', '0', 'F', '0', '0', 'pension:institution:edit', '#', 'admin', '2025-11-10 03:10:23', '', null, '');
INSERT INTO `sys_menu` VALUES ('2016', 'add', '2012', '3', '', null, null, '', '1', '0', 'F', '0', '0', 'pension:institution:add', '#', 'admin', '2025-11-10 03:10:23', '', null, '');
INSERT INTO `sys_menu` VALUES ('2017', 'remove', '2012', '4', '', null, null, '', '1', '0', 'F', '0', '0', 'pension:institution:remove', '#', 'admin', '2025-11-10 03:10:23', '', null, '');
INSERT INTO `sys_menu` VALUES ('2018', 'export', '2012', '5', '', null, null, '', '1', '0', 'F', '0', '0', 'pension:institution:export', '#', 'admin', '2025-11-10 03:10:23', '', null, '');
INSERT INTO `sys_menu` VALUES ('2020', 'еәҠдҪҚз®ЎзҗҶ', '2000', '3', 'bed', null, null, null, '1', '0', 'M', '0', '0', '', 'people', 'admin', '2025-11-03 16:03:36', 'admin', '2025-11-03 16:12:01', 'еәҠдҪҚдҝЎжҒҜз®ЎзҗҶ');
INSERT INTO `sys_menu` VALUES ('2021', 'еәҠдҪҚеҲ—иЎЁ', '2020', '1', 'list', 'pension/bed/list', null, null, '1', '0', 'C', '0', '0', 'elder:bed:list', 'list', 'admin', '2025-11-03 16:03:36', '', null, '');
INSERT INTO `sys_menu` VALUES ('2030', 'е…ҘдҪҸз®ЎзҗҶ', '2000', '4', 'elder', null, null, null, '1', '0', 'M', '0', '0', '', 'user', 'admin', '2025-11-03 16:03:36', '', null, 'иҖҒдәәе…ҘдҪҸз®ЎзҗҶ');
INSERT INTO `sys_menu` VALUES ('2031', 'е…ҘдҪҸдәәеҲ—иЎЁ', '2030', '1', 'list', 'pension/elder/list', null, null, '1', '0', 'C', '0', '0', 'elder:resident:list', 'list', 'admin', '2025-11-03 16:03:36', '', null, '');
INSERT INTO `sys_menu` VALUES ('2032', 'ж–°еўһе…ҘдҪҸ', '2030', '2', 'checkin', 'pension/elder/checkin', null, null, '1', '0', 'C', '0', '0', 'elder:checkin:list', 'edit', 'admin', '2025-11-03 16:03:36', 'admin', '2025-11-11 12:24:44', '');
INSERT INTO `sys_menu` VALUES ('2040', 'и®ўеҚ•з®ЎзҗҶ', '2000', '5', 'order', null, null, null, '1', '0', 'M', '0', '0', '', 'job', 'admin', '2025-11-03 16:03:36', 'admin', '2025-11-03 16:12:15', 'и®ўеҚ•дҝЎжҒҜз®ЎзҗҶ');
INSERT INTO `sys_menu` VALUES ('2041', 'и®ўеҚ•еҲ—иЎЁ', '2040', '1', 'list', 'pension/order/orderInfo/index', null, null, '1', '0', 'C', '0', '0', 'order:info:list', 'list', 'admin', '2025-11-03 16:03:36', '', null, '');
INSERT INTO `sys_menu` VALUES ('2050', 'жҠјйҮ‘з®ЎзҗҶ', '2000', '6', 'deposit', null, null, null, '1', '0', 'M', '0', '0', '', 'money', 'admin', '2025-11-03 16:03:36', '', null, 'жҠјйҮ‘дҪҝз”Ёз®ЎзҗҶ');
INSERT INTO `sys_menu` VALUES ('2051', 'жҠјйҮ‘дҪҝз”Ёз”іиҜ·', '2050', '1', 'apply', 'pension/deposit/apply', null, null, '1', '0', 'C', '0', '0', 'pension:deposit:apply', 'edit', 'admin', '2025-11-03 16:03:36', '', null, '');
INSERT INTO `sys_menu` VALUES ('2052', 'жҠјйҮ‘дҪҝз”ЁеҲ—иЎЁ', '2050', '2', 'list', 'pension/deposit/list', null, null, '1', '0', 'C', '0', '0', 'pension:deposit:list', 'list', 'admin', '2025-11-03 16:03:36', '', null, '');
INSERT INTO `sys_menu` VALUES ('2060', 'иө„йҮ‘еҲ’жӢЁ', '2000', '7', 'fund', null, null, null, '1', '0', 'M', '0', '0', '', 'skill', 'admin', '2025-11-03 16:03:36', 'admin', '2025-11-03 16:12:31', 'иө„йҮ‘еҲ’жӢЁз®ЎзҗҶ');
INSERT INTO `sys_menu` VALUES ('2061', 'иө„йҮ‘еҲ’жӢЁз”іиҜ·', '2060', '1', 'apply', 'pension/fund/transfer/index', null, null, '1', '0', 'C', '0', '0', 'pension:fund:apply', 'edit', 'admin', '2025-11-03 16:03:36', '', null, '');
INSERT INTO `sys_menu` VALUES ('2062', 'иө„йҮ‘еҲ’жӢЁи®°еҪ•', '2060', '2', 'record', 'pension/fund/record/index', null, null, '1', '0', 'C', '0', '0', 'pension:fund:record', 'list', 'admin', '2025-11-03 16:03:36', '', null, '');
INSERT INTO `sys_menu` VALUES ('2070', 'й“¶иЎҢеҜ№иҙҰ', '2000', '8', 'bank', null, null, null, '1', '0', 'M', '0', '0', '', 'edit', 'admin', '2025-11-03 16:03:36', 'admin', '2025-11-03 16:12:49', 'й“¶иЎҢжөҒж°ҙеҜ№иҙҰ');
INSERT INTO `sys_menu` VALUES ('2071', 'зӣ‘з®ЎиҙҰжҲ·жөҒж°ҙ', '2070', '1', 'supervision', 'pension/bank/supervision', null, null, '1', '0', 'C', '0', '0', 'pension:bank:supervision', 'document', 'admin', '2025-11-03 16:03:36', '', null, '');
INSERT INTO `sys_menu` VALUES ('2072', 'ж”¶еҚ•дәӨжҳ“жөҒж°ҙ', '2070', '2', 'payment', 'pension/bank/payment', null, null, '1', '0', 'C', '0', '0', 'pension:bank:payment', 'document', 'admin', '2025-11-03 16:03:36', '', null, '');
INSERT INTO `sys_menu` VALUES ('2080', 'е…¬е‘ҠжҹҘиҜў', '2000', '9', 'announcement', 'pension/announcement/index', null, null, '1', '0', 'C', '0', '0', 'pension:announcement:view', 'button', 'admin', '2025-11-03 16:03:36', 'admin', '2025-11-03 16:13:00', 'жҹҘзңӢе…¬е‘ҠйҖҡзҹҘ');
INSERT INTO `sys_menu` VALUES ('2090', 'жҠ•иҜүе»әи®®', '2000', '10', 'feedback', 'pension/feedback/index', null, null, '1', '0', 'C', '0', '0', 'pension:feedback:view', 'message', 'admin', '2025-11-03 16:03:36', '', null, 'жҠ•иҜүе»әи®®з®ЎзҗҶ');
INSERT INTO `sys_menu` VALUES ('2100', 'иҖҒдәәз®ЎзҗҶ', '0', '9', 'elder', null, null, null, '1', '0', 'M', '0', '0', '', 'peoples', 'admin', '2025-10-28 16:00:00', '', null, 'иҖҒдәәз®ЎзҗҶеҠҹиғҪжЁЎеқ—');
INSERT INTO `sys_menu` VALUES ('2101', 'иҖҒдәәдҝЎжҒҜ', '2100', '1', 'info', 'elder/info/index', null, null, '1', '0', 'C', '0', '0', 'elder:info:list', 'user', 'admin', '2025-10-28 16:00:00', '', null, 'иҖҒдәәдҝЎжҒҜз®ЎзҗҶиҸңеҚ•');
INSERT INTO `sys_menu` VALUES ('2103', 'е…ҘдҪҸз”іиҜ·', '2100', '3', 'checkin', 'elder/checkin/index', null, null, '1', '0', 'C', '0', '0', 'elder:checkin:list', 'component', 'admin', '2025-10-28 16:00:00', '', null, 'е…ҘдҪҸз”іиҜ·з®ЎзҗҶиҸңеҚ•');
INSERT INTO `sys_menu` VALUES ('2111', 'иҖҒдәәдҝЎжҒҜжҹҘиҜў', '2101', '1', '', '', null, null, '1', '0', 'F', '0', '0', 'elder:info:query', '#', 'admin', '2025-10-28 16:00:00', '', null, '');
INSERT INTO `sys_menu` VALUES ('2112', 'иҖҒдәәдҝЎжҒҜж–°еўһ', '2101', '2', '', '', null, null, '1', '0', 'F', '0', '0', 'elder:info:add', '#', 'admin', '2025-10-28 16:00:00', '', null, '');
INSERT INTO `sys_menu` VALUES ('2113', 'иҖҒдәәдҝЎжҒҜдҝ®ж”№', '2101', '3', '', '', null, null, '1', '0', 'F', '0', '0', 'elder:info:edit', '#', 'admin', '2025-10-28 16:00:00', '', null, '');
INSERT INTO `sys_menu` VALUES ('2114', 'иҖҒдәәдҝЎжҒҜеҲ йҷӨ', '2101', '4', '', '', null, null, '1', '0', 'F', '0', '0', 'elder:info:remove', '#', 'admin', '2025-10-28 16:00:00', '', null, '');
INSERT INTO `sys_menu` VALUES ('2115', 'иҖҒдәәдҝЎжҒҜеҜјеҮә', '2101', '5', '', '', null, null, '1', '0', 'F', '0', '0', 'elder:info:export', '#', 'admin', '2025-10-28 16:00:00', '', null, '');
INSERT INTO `sys_menu` VALUES ('2121', 'еәҠдҪҚжҹҘиҜў', '2021', '1', '', '', null, null, '1', '0', 'F', '0', '0', 'elder:bed:query', '#', 'admin', '2025-10-28 16:00:00', '', null, '');
INSERT INTO `sys_menu` VALUES ('2122', 'еәҠдҪҚж–°еўһ', '2021', '2', '', '', null, null, '1', '0', 'F', '0', '0', 'elder:bed:add', '#', 'admin', '2025-10-28 16:00:00', '', null, '');
INSERT INTO `sys_menu` VALUES ('2123', 'еәҠдҪҚдҝ®ж”№', '2021', '3', '', '', null, null, '1', '0', 'F', '0', '0', 'elder:bed:edit', '#', 'admin', '2025-10-28 16:00:00', '', null, '');
INSERT INTO `sys_menu` VALUES ('2124', 'еәҠдҪҚеҲ йҷӨ', '2021', '4', '', '', null, null, '1', '0', 'F', '0', '0', 'elder:bed:remove', '#', 'admin', '2025-10-28 16:00:00', '', null, '');
INSERT INTO `sys_menu` VALUES ('2125', 'еәҠдҪҚеҜјеҮә', '2021', '5', '', '', null, null, '1', '0', 'F', '0', '0', 'elder:bed:export', '#', 'admin', '2025-10-28 16:00:00', '', null, '');
INSERT INTO `sys_menu` VALUES ('2131', 'е…ҘдҪҸз”іиҜ·жҹҘиҜў', '2103', '1', '', '', null, null, '1', '0', 'F', '0', '0', 'elder:checkin:query', '#', 'admin', '2025-10-28 16:00:00', '', null, '');
INSERT INTO `sys_menu` VALUES ('2132', 'е…ҘдҪҸз”іиҜ·ж–°еўһ', '2103', '2', '', '', null, null, '1', '0', 'F', '0', '0', 'elder:checkin:add', '#', 'admin', '2025-10-28 16:00:00', '', null, '');
INSERT INTO `sys_menu` VALUES ('2133', 'е…ҘдҪҸз”іиҜ·дҝ®ж”№', '2103', '3', '', '', null, null, '1', '0', 'F', '0', '0', 'elder:checkin:edit', '#', 'admin', '2025-10-28 16:00:00', '', null, '');
INSERT INTO `sys_menu` VALUES ('2134', 'е…ҘдҪҸз”іиҜ·еҲ йҷӨ', '2103', '4', '', '', null, null, '1', '0', 'F', '0', '0', 'elder:checkin:remove', '#', 'admin', '2025-10-28 16:00:00', '', null, '');
INSERT INTO `sys_menu` VALUES ('2135', 'е…ҘдҪҸз”іиҜ·е®Ўжү№', '2103', '5', '', '', null, null, '1', '0', 'F', '0', '0', 'elder:checkin:approve', '#', 'admin', '2025-10-28 16:00:00', '', null, '');
INSERT INTO `sys_menu` VALUES ('2136', 'е…ҘдҪҸз”іиҜ·еҜјеҮә', '2103', '6', '', '', null, null, '1', '0', 'F', '0', '0', 'elder:checkin:export', '#', 'admin', '2025-10-28 16:00:00', '', null, '');
INSERT INTO `sys_menu` VALUES ('2137', 'и®ўеҚ•з®ЎзҗҶ', '0', '5', 'order', null, null, '', '1', '0', 'M', '0', '0', null, 'shopping', 'admin', '2025-10-28 22:20:15', '', null, 'и®ўеҚ•з®ЎзҗҶзӣ®еҪ•');
INSERT INTO `sys_menu` VALUES ('2138', 'и®ўеҚ•еҲ—иЎЁ', '2137', '1', 'orderInfo', 'order/orderInfo/index', null, '', '1', '0', 'C', '0', '0', 'order:info:list', 'list', 'admin', '2025-10-28 22:20:15', '', null, 'и®ўеҚ•з®ЎзҗҶиҸңеҚ•');
INSERT INTO `sys_menu` VALUES ('2139', 'и®ўеҚ•жҹҘиҜў', '2138', '1', '#', '', null, '', '1', '0', 'F', '0', '0', 'order:info:query', '#', 'admin', '2025-10-28 22:20:15', '', null, '');
INSERT INTO `sys_menu` VALUES ('2140', 'и®ўеҚ•ж–°еўһ', '2138', '2', '#', '', null, '', '1', '0', 'F', '0', '0', 'order:info:add', '#', 'admin', '2025-10-28 22:20:15', '', null, '');
INSERT INTO `sys_menu` VALUES ('2141', 'и®ўеҚ•дҝ®ж”№', '2138', '3', '#', '', null, '', '1', '0', 'F', '0', '0', 'order:info:edit', '#', 'admin', '2025-10-28 22:20:15', '', null, '');
INSERT INTO `sys_menu` VALUES ('2142', 'и®ўеҚ•еҲ йҷӨ', '2138', '4', '#', '', null, '', '1', '0', 'F', '0', '0', 'order:info:remove', '#', 'admin', '2025-10-28 22:20:15', '', null, '');
INSERT INTO `sys_menu` VALUES ('2143', 'и®ўеҚ•еҜјеҮә', '2138', '5', '#', '', null, '', '1', '0', 'F', '0', '0', 'order:info:export', '#', 'admin', '2025-10-28 22:20:15', '', null, '');
INSERT INTO `sys_menu` VALUES ('2144', 'и®ўеҚ•ж”Ҝд»ҳ', '2138', '6', '#', '', null, '', '1', '0', 'F', '0', '0', 'order:info:pay', '#', 'admin', '2025-10-28 22:20:15', '', null, '');
INSERT INTO `sys_menu` VALUES ('2145', 'и®ўеҚ•еҸ–ж¶Ҳ', '2138', '7', '#', '', null, '', '1', '0', 'F', '0', '0', 'order:info:cancel', '#', 'admin', '2025-10-28 22:20:15', '', null, '');
INSERT INTO `sys_menu` VALUES ('2146', 'ж”Ҝд»ҳи®°еҪ•', '2137', '2', 'paymentRecord', 'order/paymentRecord/index', null, '', '1', '0', 'C', '0', '0', 'payment:record:list', 'money', 'admin', '2025-10-28 22:20:15', '', null, 'ж”Ҝд»ҳи®°еҪ•иҸңеҚ•');
INSERT INTO `sys_menu` VALUES ('2147', 'ж”Ҝд»ҳжҹҘиҜў', '2146', '1', '#', '', null, '', '1', '0', 'F', '0', '0', 'payment:record:query', '#', 'admin', '2025-10-28 22:20:15', '', null, '');
INSERT INTO `sys_menu` VALUES ('2148', 'ж”Ҝд»ҳж–°еўһ', '2146', '2', '#', '', null, '', '1', '0', 'F', '0', '0', 'payment:record:add', '#', 'admin', '2025-10-28 22:20:15', '', null, '');
INSERT INTO `sys_menu` VALUES ('2149', 'ж”Ҝд»ҳдҝ®ж”№', '2146', '3', '#', '', null, '', '1', '0', 'F', '0', '0', 'payment:record:edit', '#', 'admin', '2025-10-28 22:20:15', '', null, '');
INSERT INTO `sys_menu` VALUES ('2150', 'ж”Ҝд»ҳеҲ йҷӨ', '2146', '4', '#', '', null, '', '1', '0', 'F', '0', '0', 'payment:record:remove', '#', 'admin', '2025-10-28 22:20:15', '', null, '');
INSERT INTO `sys_menu` VALUES ('2151', 'ж”Ҝд»ҳеҜјеҮә', '2146', '5', '#', '', null, '', '1', '0', 'F', '0', '0', 'payment:record:export', '#', 'admin', '2025-10-28 22:20:15', '', null, '');
INSERT INTO `sys_menu` VALUES ('2152', 'ж”Ҝд»ҳзҠ¶жҖҒ', '2146', '6', '#', '', null, '', '1', '0', 'F', '0', '0', 'payment:record:status', '#', 'admin', '2025-10-28 22:20:15', '', null, '');
INSERT INTO `sys_menu` VALUES ('2153', 'ж”Ҝд»ҳз»ҹи®Ў', '2146', '7', '#', '', null, '', '1', '0', 'F', '0', '0', 'payment:record:statistics', '#', 'admin', '2025-10-28 22:20:15', '', null, '');
INSERT INTO `sys_menu` VALUES ('2154', 'и®ўеҚ•жҳҺз»Ҷ', '2137', '3', 'orderItem', 'order/orderItem/index', null, '', '1', '0', 'C', '0', '0', 'order:item:list', 'form', 'admin', '2025-10-28 22:20:15', '', null, 'и®ўеҚ•жҳҺз»ҶиҸңеҚ•');
INSERT INTO `sys_menu` VALUES ('2155', 'жҳҺз»ҶжҹҘиҜў', '2154', '1', '#', '', null, '', '1', '0', 'F', '0', '0', 'order:item:query', '#', 'admin', '2025-10-28 22:20:15', '', null, '');
INSERT INTO `sys_menu` VALUES ('2156', 'жҳҺз»Ҷж–°еўһ', '2154', '2', '#', '', null, '', '1', '0', 'F', '0', '0', 'order:item:add', '#', 'admin', '2025-10-28 22:20:15', '', null, '');
INSERT INTO `sys_menu` VALUES ('2157', 'жҳҺз»Ҷдҝ®ж”№', '2154', '3', '#', '', null, '', '1', '0', 'F', '0', '0', 'order:item:edit', '#', 'admin', '2025-10-28 22:20:15', '', null, '');
INSERT INTO `sys_menu` VALUES ('2158', 'жҳҺз»ҶеҲ йҷӨ', '2154', '4', '#', '', null, '', '1', '0', 'F', '0', '0', 'order:item:remove', '#', 'admin', '2025-10-28 22:20:15', '', null, '');
INSERT INTO `sys_menu` VALUES ('2159', 'жҳҺз»ҶеҜјеҮә', '2154', '5', '#', '', null, '', '1', '0', 'F', '0', '0', 'order:item:export', '#', 'admin', '2025-10-28 22:20:15', '', null, '');
INSERT INTO `sys_menu` VALUES ('2161', 'иҙҰжҲ·иө„йҮ‘з®ЎзҗҶ', '0', '5', 'account', null, null, '', '1', '0', 'M', '0', '0', '', 'money', 'admin', '2025-10-29 01:35:22', '', null, 'иҙҰжҲ·иө„йҮ‘з®ЎзҗҶзӣ®еҪ•');
INSERT INTO `sys_menu` VALUES ('2162', 'иҖҒдәәиҙҰжҲ·з®ЎзҗҶ', '2161', '1', 'accountInfo', 'pension/account/index', null, '', '1', '0', 'C', '0', '0', 'pension:account:list', 'user', 'admin', '2025-10-29 01:35:22', '', null, 'иҖҒдәәиҙҰжҲ·з®ЎзҗҶиҸңеҚ•');
INSERT INTO `sys_menu` VALUES ('2163', 'иҖҒдәәиҙҰжҲ·жҹҘиҜў', '2162', '1', '#', '', null, '', '1', '0', 'F', '0', '0', 'pension:account:query', '#', 'admin', '2025-10-29 01:35:22', '', null, '');
INSERT INTO `sys_menu` VALUES ('2164', 'иҖҒдәәиҙҰжҲ·ж–°еўһ', '2162', '2', '#', '', null, '', '1', '0', 'F', '0', '0', 'pension:account:add', '#', 'admin', '2025-10-29 01:35:22', '', null, '');
INSERT INTO `sys_menu` VALUES ('2165', 'иҖҒдәәиҙҰжҲ·дҝ®ж”№', '2162', '3', '#', '', null, '', '1', '0', 'F', '0', '0', 'pension:account:edit', '#', 'admin', '2025-10-29 01:35:22', '', null, '');
INSERT INTO `sys_menu` VALUES ('2166', 'иҖҒдәәиҙҰжҲ·еҲ йҷӨ', '2162', '4', '#', '', null, '', '1', '0', 'F', '0', '0', 'pension:account:remove', '#', 'admin', '2025-10-29 01:35:22', '', null, '');
INSERT INTO `sys_menu` VALUES ('2167', 'иҖҒдәәиҙҰжҲ·еҜјеҮә', '2162', '5', '#', '', null, '', '1', '0', 'F', '0', '0', 'pension:account:export', '#', 'admin', '2025-10-29 01:35:22', '', null, '');
INSERT INTO `sys_menu` VALUES ('2168', 'иҙҰжҲ·еҶ»з»“', '2162', '6', '#', '', null, '', '1', '0', 'F', '0', '0', 'pension:account:freeze', '#', 'admin', '2025-10-29 01:35:22', '', null, '');
INSERT INTO `sys_menu` VALUES ('2169', 'иҙҰжҲ·и§ЈеҶ»', '2162', '7', '#', '', null, '', '1', '0', 'F', '0', '0', 'pension:account:unfreeze', '#', 'admin', '2025-10-29 01:35:22', '', null, '');
INSERT INTO `sys_menu` VALUES ('2170', 'иө„йҮ‘еҲ’жӢЁз®ЎзҗҶ', '2161', '2', 'fundTransfer', 'pension/fundTransfer/index', null, '', '1', '0', 'C', '0', '0', 'pension:fundTransfer:list', 'money', 'admin', '2025-10-29 01:35:22', '', null, 'иө„йҮ‘еҲ’жӢЁз®ЎзҗҶиҸңеҚ•');
INSERT INTO `sys_menu` VALUES ('2171', 'иө„йҮ‘еҲ’жӢЁжҹҘиҜў', '2170', '1', '#', '', null, '', '1', '0', 'F', '0', '0', 'pension:fundTransfer:query', '#', 'admin', '2025-10-29 01:35:22', '', null, '');
INSERT INTO `sys_menu` VALUES ('2172', 'з”ҹжҲҗеҲ’жӢЁеҚ•', '2170', '2', '#', '', null, '', '1', '0', 'F', '0', '0', 'pension:fundTransfer:generate', '#', 'admin', '2025-10-29 01:35:22', '', null, '');
INSERT INTO `sys_menu` VALUES ('2173', 'е®Ўжү№еҲ’жӢЁеҚ•', '2170', '3', '#', '', null, '', '1', '0', 'F', '0', '0', 'pension:fundTransfer:approve', '#', 'admin', '2025-10-29 01:35:22', '', null, '');
INSERT INTO `sys_menu` VALUES ('2174', 'жү§иЎҢеҲ’жӢЁ', '2170', '4', '#', '', null, '', '1', '0', 'F', '0', '0', 'pension:fundTransfer:execute', '#', 'admin', '2025-10-29 01:35:22', '', null, '');
INSERT INTO `sys_menu` VALUES ('2175', 'иө„йҮ‘еҲ’жӢЁеҜјеҮә', '2170', '5', '#', '', null, '', '1', '0', 'F', '0', '0', 'pension:fundTransfer:export', '#', 'admin', '2025-10-29 01:35:22', '', null, '');
INSERT INTO `sys_menu` VALUES ('2176', 'дәӨжҳ“и®°еҪ•жҹҘиҜў', '2161', '3', 'transactionRecord', 'pension/transactionRecord/index', null, '', '1', '0', 'C', '0', '0', 'pension:transaction:list', 'list', 'admin', '2025-10-29 01:35:22', '', null, 'дәӨжҳ“и®°еҪ•жҹҘиҜўиҸңеҚ•');
INSERT INTO `sys_menu` VALUES ('2177', 'дәӨжҳ“и®°еҪ•жҹҘиҜўжқғйҷҗ', '2176', '1', '#', '', null, '', '1', '0', 'F', '0', '0', 'pension:transaction:query', '#', 'admin', '2025-10-29 01:35:22', '', null, '');
INSERT INTO `sys_menu` VALUES ('2178', 'дәӨжҳ“и®°еҪ•еҜјеҮә', '2176', '2', '#', '', null, '', '1', '0', 'F', '0', '0', 'pension:transaction:export', '#', 'admin', '2025-10-29 01:35:22', '', null, '');
INSERT INTO `sys_menu` VALUES ('2179', 'дҪҷйўқйў„иӯҰ', '2161', '4', 'balanceWarning', 'pension/balanceWarning/index', null, '', '1', '0', 'C', '0', '0', 'pension:warning:list', 'bell', 'admin', '2025-10-29 01:35:22', '', null, 'дҪҷйўқйў„иӯҰиҸңеҚ•');
INSERT INTO `sys_menu` VALUES ('2180', 'дҪҷйўқйў„иӯҰжҹҘиҜў', '2179', '1', '#', '', null, '', '1', '0', 'F', '0', '0', 'pension:warning:query', '#', 'admin', '2025-10-29 01:35:22', '', null, '');
INSERT INTO `sys_menu` VALUES ('3000', 'ж°‘ж”ҝзӣ‘з®Ў', '0', '2', 'supervision', null, '', '', '1', '0', 'M', '0', '0', '', 'monitor', 'admin', '2025-11-03 16:51:30', '', null, 'ж°‘ж”ҝзӣ‘з®Ўзӣ®еҪ•');
INSERT INTO `sys_menu` VALUES ('3100', 'жңәжһ„з®ЎзҗҶ', '3000', '1', 'institution', null, '', '', '1', '0', 'M', '0', '0', '', 'build', 'admin', '2025-11-03 16:51:30', '', null, 'жңәжһ„з®ЎзҗҶзӣ®еҪ•');
INSERT INTO `sys_menu` VALUES ('3101', 'жү№йҮҸеҜје…Ҙ', '3100', '1', 'batchImport', 'supervision/institution/batchImport', '', '', '1', '0', 'C', '0', '0', 'supervision:institution:batchImport', 'upload', 'admin', '2025-11-03 16:51:30', '', null, 'жңәжһ„жү№йҮҸеҜје…Ҙ');
INSERT INTO `sys_menu` VALUES ('3102', 'жңәжһ„жҹҘиҜў', '3100', '4', 'queryList', 'supervision/institution/queryList', '', '', '1', '0', 'C', '0', '0', 'supervision:institution:query', 'search', 'admin', '2025-11-03 16:51:30', '', null, 'жңәжһ„дҝЎжҒҜжҹҘиҜўеҠҹиғҪпјҢеұ•зӨәжҜҸдёӘжңәжһ„зҡ„еҪ“еүҚдҝЎжҒҜпјҢеҢ…жӢ¬еҗҚз§°гҖҒйў„ж”¶жңҚеҠЎиҙ№гҖҒйў„ж”¶жҠјйҮ‘гҖҒйў„ж”¶дјҡе‘ҳиҙ№гҖҒзӣ‘з®ЎејҖжҲ·дҝЎжҒҜгҖҒе…Ҙй©»зҠ¶жҖҒзӯү');
INSERT INTO `sys_menu` VALUES ('3103', 'жңәжһ„и§ЈйҷӨзӣ‘з®Ўе®Ўжү№', '3100', '5', 'releaseSupervision', 'supervision/institution/releaseSupervision', '', '', '1', '0', 'C', '0', '0', 'supervision:release:list', 'money', 'admin', '2025-11-03 16:51:30', '', null, 'ж°‘ж”ҝйғЁй—Ёе®Ўжү№жңәжһ„и§ЈйҷӨзӣ‘з®Ўз”іиҜ·пјҢжү№еҮҶеҗҺй“¶иЎҢе°Ҷзӣ‘з®Ўиө„йҮ‘еҲ’жӢЁиҮіжңәжһ„еҹәжң¬иҙҰжҲ·');
INSERT INTO `sys_menu` VALUES ('3104', 'жңәжһ„иҜ„зә§', '3100', '6', 'ratingList', 'supervision/institution/ratingList', '', '', '1', '0', 'C', '0', '0', 'supervision:institution:rating', 'star', 'admin', '2025-11-03 16:51:30', '', null, 'жңәжһ„иҜ„зә§з®ЎзҗҶ');
INSERT INTO `sys_menu` VALUES ('3105', 'й»‘еҗҚеҚ•з®ЎзҗҶ', '3100', '7', 'blacklistList', 'supervision/institution/blacklistList', '', '', '1', '0', 'C', '0', '0', 'supervision:institution:blacklist', 'bug', 'admin', '2025-11-03 16:51:30', 'admin', '2025-11-03 17:53:43', 'й»‘еҗҚеҚ•з®ЎзҗҶ');
INSERT INTO `sys_menu` VALUES ('3106', 'жңәжһ„е…Ҙй©»е®Ўжү№', '3100', '2', 'approval', 'supervision/institution/approval', null, '', '1', '0', 'C', '0', '0', 'supervision:institution:approval', 'form', 'admin', '2025-11-04 00:14:00', '', null, '');
INSERT INTO `sys_menu` VALUES ('3107', 'жңәжһ„дҝЎжҒҜз®ЎзҗҶ', '3100', '3', 'infoManage', 'supervision/institution/infoManage', null, '', '1', '0', 'C', '1', '0', 'supervision:institution:info', 'list', 'admin', '2025-11-04 00:16:35', 'admin', '2025-11-04 00:20:58', 'жңәжһ„дҝЎжҒҜз®ЎзҗҶеҠҹиғҪ');
INSERT INTO `sys_menu` VALUES ('3200', 'йў„иӯҰж ёйӘҢ', '3000', '2', 'warning', null, '', '', '1', '0', 'M', '0', '0', '', 'bug', 'admin', '2025-11-03 16:51:30', 'admin', '2025-11-03 17:53:08', 'йў„иӯҰж ёйӘҢзӣ®еҪ•');
INSERT INTO `sys_menu` VALUES ('3201', 'йў„иӯҰеҲ—иЎЁ', '3200', '1', 'index', 'supervision/warning/index', '', '', '1', '0', 'C', '0', '0', 'supervision:warning:list', 'list', 'admin', '2025-11-03 16:51:30', '', null, 'йў„иӯҰеҲ—иЎЁ');
INSERT INTO `sys_menu` VALUES ('3202', 'иҙ№з”Ёи¶…йўқйў„иӯҰ', '3200', '2', 'feeExcess', 'supervision/warning/feeExcess', '', '', '1', '0', 'C', '0', '0', 'supervision:warning:feeExcess', 'money', 'admin', '2025-11-03 16:51:30', '', null, 'иҙ№з”Ёи¶…йўқйў„иӯҰ');
INSERT INTO `sys_menu` VALUES ('3203', 'жҠјйҮ‘и¶…йўқйў„иӯҰ', '3200', '3', 'depositExcess', 'supervision/warning/depositExcess', '', '', '1', '0', 'C', '0', '0', 'supervision:warning:depositExcess', 'drag', 'admin', '2025-11-03 16:51:30', 'admin', '2025-11-03 17:53:55', 'жҠјйҮ‘и¶…йўқйў„иӯҰ');
INSERT INTO `sys_menu` VALUES ('3204', 'е…Ҙй©»и¶…йўқйў„иӯҰ', '3200', '4', 'checkinExcess', 'supervision/warning/checkinExcess', '', '', '1', '0', 'C', '0', '0', 'supervision:warning:checkinExcess', 'peoples', 'admin', '2025-11-03 16:51:30', '', null, 'е…Ҙй©»и¶…йўқйў„иӯҰ');
INSERT INTO `sys_menu` VALUES ('3205', 'зӣ‘з®Ўи¶…йўқйў„иӯҰ', '3200', '5', 'supervisionExcess', 'supervision/warning/supervisionExcess', '', '', '1', '0', 'C', '0', '0', 'supervision:warning:supervisionExcess', 'druid', 'admin', '2025-11-03 16:51:30', 'admin', '2025-11-03 17:54:03', 'зӣ‘з®Ўи¶…йўқйў„иӯҰ');
INSERT INTO `sys_menu` VALUES ('3206', 'йЈҺйҷ©дҝқиҜҒйҮ‘йў„иӯҰ', '3200', '6', 'riskDepositExcess', 'supervision/warning/riskDepositExcess', '', '', '1', '0', 'C', '0', '0', 'supervision:warning:riskDepositExcess', 'date', 'admin', '2025-11-03 16:51:30', 'admin', '2025-11-03 17:54:12', 'йЈҺйҷ©дҝқиҜҒйҮ‘йў„иӯҰ');
INSERT INTO `sys_menu` VALUES ('3207', 'еӨ§йўқж”Ҝд»ҳйў„иӯҰ', '3200', '7', 'largePayment', 'supervision/warning/largePayment', '', '', '1', '0', 'C', '0', '0', 'supervision:warning:largePayment', 'download', 'admin', '2025-11-03 16:51:30', 'admin', '2025-11-03 17:54:19', 'еӨ§йўқж”Ҝд»ҳйў„иӯҰ');
INSERT INTO `sys_menu` VALUES ('3208', 'зӘҒеҸ‘йЈҺйҷ©йў„иӯҰ', '3200', '8', 'emergencyRisk', 'supervision/warning/emergencyRisk', '', '', '1', '0', 'C', '0', '0', 'supervision:warning:emergencyRisk', 'bug', 'admin', '2025-11-03 16:51:30', '', null, 'зӘҒеҸ‘йЈҺйҷ©йў„иӯҰ');
INSERT INTO `sys_menu` VALUES ('3300', 'иҙҰжҲ·з®ЎзҗҶ', '3000', '3', 'account', null, '', '', '1', '0', 'M', '0', '0', '', 'money', 'admin', '2025-11-03 16:51:30', 'admin', '2025-11-03 17:53:20', 'иҙҰжҲ·з®ЎзҗҶзӣ®еҪ•');
INSERT INTO `sys_menu` VALUES ('3301', 'жңәжһ„иҙҰжҲ·жҹҘиҜў', '3300', '1', 'institutionAccount', 'supervision/account/institutionAccount', '', '', '1', '0', 'C', '0', '0', 'supervision:account:institution', 'list', 'admin', '2025-11-03 16:51:30', '', null, 'жңәжһ„иҙҰжҲ·жҹҘиҜў');
INSERT INTO `sys_menu` VALUES ('3302', 'дјҡе‘ҳиҙ№з®ЎзҗҶ', '3300', '2', 'memberFee', 'supervision/account/memberFee', '', '', '1', '0', 'C', '0', '0', 'supervision:account:memberFee', 'money', 'admin', '2025-11-03 16:51:30', '', null, 'дјҡе‘ҳиҙ№з®ЎзҗҶ');
INSERT INTO `sys_menu` VALUES ('3303', 'зӣ‘з®ЎиҙҰжҲ·з»ҙжҠӨ', '3300', '3', 'supervisionAccount', 'supervision/account/supervisionAccount', '', '', '1', '0', 'C', '0', '0', 'supervision:account:supervision', 'dict', 'admin', '2025-11-03 16:51:30', 'admin', '2025-11-03 17:54:29', 'зӣ‘з®ЎиҙҰжҲ·з»ҙжҠӨ');
INSERT INTO `sys_menu` VALUES ('3304', 'и®ўеҚ•з®ЎзҗҶ', '3300', '4', 'orderList', 'supervision/account/orderList', '', '', '1', '0', 'C', '0', '0', 'supervision:account:order', 'list', 'admin', '2025-11-03 16:51:30', 'admin', '2025-11-03 17:54:38', 'и®ўеҚ•з®ЎзҗҶ');
INSERT INTO `sys_menu` VALUES ('3305', 'иҙҰжҲ·дҪҷйўқ', '3300', '5', 'balanceList', 'supervision/account/balanceList', '', '', '1', '0', 'C', '0', '0', 'supervision:account:balance', 'question', 'admin', '2025-11-03 16:51:30', 'admin', '2025-11-03 17:54:45', 'иҙҰжҲ·дҪҷйўқжҹҘиҜў');
INSERT INTO `sys_menu` VALUES ('3400', 'иө„йҮ‘з®ЎзҗҶ', '3000', '4', 'fund', null, '', '', '1', '0', 'M', '0', '0', '', 'money', 'admin', '2025-11-03 16:51:30', '', null, 'иө„йҮ‘з®ЎзҗҶзӣ®еҪ•');
INSERT INTO `sys_menu` VALUES ('3401', 'иө„йҮ‘и®°еҪ•', '3400', '1', 'recordList', 'supervision/fund/recordList', '', '', '1', '0', 'C', '0', '0', 'supervision:fund:record', 'list', 'admin', '2025-11-03 16:51:30', '', null, 'иө„йҮ‘и®°еҪ•жҹҘзңӢ');
INSERT INTO `sys_menu` VALUES ('3402', 'иө„йҮ‘жөҒеҠЁжҳҺз»Ҷ', '3400', '2', 'flowDetail', 'supervision/fund/flowDetail', '', '', '1', '0', 'C', '0', '0', 'supervision:fund:flow', 'chart', 'admin', '2025-11-03 16:51:30', '', null, 'иө„йҮ‘жөҒеҠЁжҳҺз»Ҷ');
INSERT INTO `sys_menu` VALUES ('3403', 'еҲҶй…Қи§„еҲҷ', '3400', '3', 'allocationRule', 'supervision/fund/allocationRule', '', '', '1', '0', 'C', '0', '0', 'supervision:fund:allocation', 'email', 'admin', '2025-11-03 16:51:30', 'admin', '2025-11-03 17:54:56', 'еҲҶй…Қи§„еҲҷй…ҚзҪ®');
INSERT INTO `sys_menu` VALUES ('3404', 'иө„йҮ‘з»ҹи®Ў', '3400', '4', 'statistics', 'supervision/fund/statistics', '', '', '1', '0', 'C', '0', '0', 'supervision:fund:statistics', 'chart', 'admin', '2025-11-03 16:51:30', '', null, 'иө„йҮ‘з»ҹи®ЎжҰӮи§Ҳ');
INSERT INTO `sys_menu` VALUES ('3500', 'е…¬е‘Ҡз®ЎзҗҶ', '3000', '5', 'announcement', null, '', '', '1', '0', 'M', '0', '0', '', 'message', 'admin', '2025-11-03 16:51:30', '', null, 'е…¬е‘Ҡз®ЎзҗҶзӣ®еҪ•');
INSERT INTO `sys_menu` VALUES ('3501', 'е…¬е‘ҠеҲ—иЎЁ', '3500', '1', 'list', 'supervision/announcement/list', '', '', '1', '0', 'C', '0', '0', 'supervision:announcement:list', 'list', 'admin', '2025-11-03 16:51:30', '', null, 'е…¬е‘ҠеҲ—иЎЁ');
INSERT INTO `sys_menu` VALUES ('3502', 'еҸ‘еёғе…¬е‘Ҡ', '3500', '2', 'add', 'supervision/announcement/add', '', '', '1', '0', 'C', '0', '0', 'supervision:announcement:add', 'edit', 'admin', '2025-11-03 16:51:30', '', null, 'еҸ‘еёғе…¬е‘Ҡ');
INSERT INTO `sys_menu` VALUES ('3503', 'е…¬е‘ҠжЁЎжқҝ', '3500', '3', 'template', 'supervision/announcement/template', '', '', '1', '0', 'C', '0', '0', 'supervision:announcement:template', 'button', 'admin', '2025-11-03 16:51:30', 'admin', '2025-11-03 17:55:07', 'е…¬е‘ҠжЁЎжқҝз®ЎзҗҶ');
INSERT INTO `sys_menu` VALUES ('3504', 'йҳ…иҜ»з»ҹи®Ў', '3500', '4', 'statistics', 'supervision/announcement/statistics', '', '', '1', '0', 'C', '0', '0', 'supervision:announcement:statistics', 'chart', 'admin', '2025-11-03 16:51:30', '', null, 'е…¬е‘Ҡйҳ…иҜ»з»ҹи®Ў');
INSERT INTO `sys_menu` VALUES ('3600', 'еҸҚйҰҲз®ЎзҗҶ', '3000', '6', 'feedback', null, '', '', '1', '0', 'M', '0', '0', '', 'question', 'admin', '2025-11-03 16:51:30', '', null, 'еҸҚйҰҲз®ЎзҗҶзӣ®еҪ•');
INSERT INTO `sys_menu` VALUES ('3601', 'еҸҚйҰҲеҲ—иЎЁ', '3600', '1', 'list', 'supervision/feedback/list', '', '', '1', '0', 'C', '0', '0', 'supervision:feedback:list', 'list', 'admin', '2025-11-03 16:51:30', '', null, 'еҸҚйҰҲеҲ—иЎЁ');
INSERT INTO `sys_menu` VALUES ('3602', 'еҸҚйҰҲз»ҹи®Ў', '3600', '2', 'statistics', 'supervision/feedback/statistics', '', '', '1', '0', 'C', '0', '0', 'supervision:feedback:statistics', 'chart', 'admin', '2025-11-03 16:51:30', '', null, 'еҸҚйҰҲз»ҹи®Ў');
INSERT INTO `sys_menu` VALUES ('3603', 'зғӯзӮ№еҸҚйҰҲ', '3600', '3', 'hot', 'supervision/feedback/hot', '', '', '1', '0', 'C', '0', '0', 'supervision:feedback:hot', 'star', 'admin', '2025-11-03 16:51:30', '', null, 'зғӯзӮ№еҸҚйҰҲ');
INSERT INTO `sys_menu` VALUES ('3604', 'ж»Ўж„ҸеәҰиҜ„д»·', '3600', '4', 'satisfaction', 'supervision/feedback/satisfaction', '', '', '1', '0', 'C', '0', '0', 'supervision:feedback:satisfaction', 'education', 'admin', '2025-11-03 16:51:30', 'admin', '2025-11-03 17:55:19', 'ж»Ўж„ҸеәҰиҜ„д»·');
INSERT INTO `sys_menu` VALUES ('4000', 'ж•°жҚ®еӨ§еұҸ', '0', '8', 'bigscreen', null, null, '', '1', '0', 'M', '0', '0', null, 'chart', 'admin', '2025-10-29 22:21:46', '', null, 'ж•°жҚ®еӨ§еұҸиҸңеҚ•');
INSERT INTO `sys_menu` VALUES ('4001', 'жңәжһ„еҲҶеёғеӨ§еұҸ', '4000', '1', 'http://localhost:8080/screen/institution-distribution.html', 'bigscreen/institution-distribution', null, '', '0', '0', 'C', '0', '0', 'bigscreen:institution:view', 'chart', 'admin', '2025-10-29 22:21:46', 'admin', '2025-10-30 01:15:20', 'е…»иҖҒжңәжһ„еҲҶеёғеӨ§еұҸ');
INSERT INTO `sys_menu` VALUES ('4002', 'иө„йҮ‘зӣ‘з®ЎеӨ§еұҸ', '4000', '2', 'http://localhost:8080/screen/fund-supervision.html', 'bigscreen/fund-supervision', null, '', '0', '0', 'C', '0', '0', 'bigscreen:fund:view', 'money', 'admin', '2025-10-30 00:41:01', 'admin', '2025-10-30 01:15:59', '');
INSERT INTO `sys_menu` VALUES ('4003', 'йў„иӯҰзӣ‘жҺ§еӨ§еұҸ', '4000', '3', 'http://localhost:8080/screen/warning-monitor.html', 'bigscreen/warning-monitor', null, '', '0', '0', 'C', '0', '0', 'bigscreen:warning:view', 'user', 'admin', '2025-10-30 01:20:52', 'admin', '2025-10-30 01:48:48', '');
INSERT INTO `sys_menu` VALUES ('4004', 'List', '3106', '1', '', null, null, '', '1', '0', 'F', '0', '0', 'supervision:institution:list', '#', '', '2025-11-10 12:13:24', '', null, '');
INSERT INTO `sys_menu` VALUES ('4005', 'Query', '3106', '2', '', null, null, '', '1', '0', 'F', '0', '0', 'supervision:institution:query', '#', '', '2025-11-10 12:13:24', '', null, '');
INSERT INTO `sys_menu` VALUES ('4006', 'Approve', '3106', '3', '', null, null, '', '1', '0', 'F', '0', '0', 'supervision:institution:approve', '#', '', '2025-11-10 12:13:24', '', null, '');
INSERT INTO `sys_menu` VALUES ('4007', 'Reject', '3106', '4', '', null, null, '', '1', '0', 'F', '0', '0', 'supervision:institution:reject', '#', '', '2025-11-10 12:13:24', '', null, '');
INSERT INTO `sys_menu` VALUES ('4008', 'Export', '3106', '5', '', null, null, '', '1', '0', 'F', '0', '0', 'supervision:institution:export', '#', '', '2025-11-10 12:13:24', '', null, '');
INSERT INTO `sys_menu` VALUES ('4009', 'е…¬зӨәдҝЎжҒҜжҹҘиҜў', '2013', '1', '', null, null, '', '1', '0', 'F', '0', '0', 'pension:publicity:query', '#', 'admin', '2025-11-11 02:37:21', '', null, '');
INSERT INTO `sys_menu` VALUES ('4010', 'е…¬зӨәдҝЎжҒҜж–°еўһ', '2013', '2', '', null, null, '', '1', '0', 'F', '0', '0', 'pension:publicity:add', '#', 'admin', '2025-11-11 02:37:50', '', null, '');
INSERT INTO `sys_menu` VALUES ('4012', 'е…¬зӨәдҝЎжҒҜдҝ®ж”№', '2013', '3', '#', '', null, '', '1', '0', 'F', '0', '0', 'pension:publicity:edit', '#', 'admin', '2025-11-11 02:45:20', '', null, '');
INSERT INTO `sys_menu` VALUES ('4013', 'е…¬зӨәдҝЎжҒҜеҲ йҷӨ', '2013', '4', '#', '', null, '', '1', '0', 'F', '0', '0', 'pension:publicity:remove', '#', 'admin', '2025-11-11 02:45:20', '', null, '');
INSERT INTO `sys_menu` VALUES ('4014', 'е…¬зӨәдҝЎжҒҜеҜјеҮә', '2013', '5', '#', '', null, '', '1', '0', 'F', '0', '0', 'pension:publicity:export', '#', 'admin', '2025-11-11 02:45:20', '', null, '');
INSERT INTO `sys_menu` VALUES ('4015', 'еҸ‘еёғе…¬зӨә', '2013', '6', '#', '', null, '', '1', '0', 'F', '0', '0', 'pension:publicity:publish', '#', 'admin', '2025-11-11 02:45:20', '', null, '');
INSERT INTO `sys_menu` VALUES ('4016', 'еҸ–ж¶Ҳе…¬зӨә', '2013', '7', '#', '', null, '', '1', '0', 'F', '0', '0', 'pension:publicity:unpublish', '#', 'admin', '2025-11-11 02:45:20', '', null, '');
INSERT INTO `sys_menu` VALUES ('4017', 'еәҠдҪҚеҜје…Ҙ', '2021', '6', '#', '', null, '', '1', '0', 'F', '0', '0', 'elder:bed:import', '#', 'admin', '2025-11-11 02:45:20', '', null, '');
INSERT INTO `sys_menu` VALUES ('4018', 'жҠјйҮ‘дҪҝз”Ёз”іиҜ·жҹҘиҜў', '2051', '1', '#', '', null, '', '1', '0', 'F', '0', '0', 'pension:deposit:query', '#', 'admin', '2025-11-16 01:09:43', '', null, '');
INSERT INTO `sys_menu` VALUES ('4019', 'жҠјйҮ‘дҪҝз”Ёз”іиҜ·ж–°еўһ', '2051', '2', '#', '', null, '', '1', '0', 'F', '0', '0', 'pension:deposit:add', '#', 'admin', '2025-11-16 01:09:43', '', null, '');
INSERT INTO `sys_menu` VALUES ('4020', 'жҠјйҮ‘дҪҝз”Ёз”іиҜ·дҝ®ж”№', '2051', '3', '#', '', null, '', '1', '0', 'F', '0', '0', 'pension:deposit:edit', '#', 'admin', '2025-11-16 01:09:43', '', null, '');
INSERT INTO `sys_menu` VALUES ('4021', 'жҠјйҮ‘дҪҝз”Ёз”іиҜ·еҲ йҷӨ', '2051', '4', '#', '', null, '', '1', '0', 'F', '0', '0', 'pension:deposit:remove', '#', 'admin', '2025-11-16 01:09:43', '', null, '');
INSERT INTO `sys_menu` VALUES ('4022', 'жҠјйҮ‘дҪҝз”Ёз”іиҜ·еҜјеҮә', '2051', '5', '#', '', null, '', '1', '0', 'F', '0', '0', 'pension:deposit:export', '#', 'admin', '2025-11-16 01:09:43', '', null, '');
INSERT INTO `sys_menu` VALUES ('4023', 'жҠјйҮ‘дҪҝз”Ёз”іиҜ·е®Ўжү№', '2051', '6', '#', '', null, '', '1', '0', 'F', '0', '0', 'pension:deposit:approve', '#', 'admin', '2025-11-16 01:09:43', '', null, '');
INSERT INTO `sys_menu` VALUES ('4024', 'жҠјйҮ‘дҪҝз”Ёз”іиҜ·ж’Өеӣһ', '2051', '7', '#', '', null, '', '1', '0', 'F', '0', '0', 'pension:deposit:withdraw', '#', 'admin', '2025-11-16 01:09:43', '', null, '');
INSERT INTO `sys_menu` VALUES ('4025', 'жҠјйҮ‘дҪҝз”ЁеҲ—иЎЁжҹҘиҜў', '2052', '1', '#', '', null, '', '1', '0', 'F', '0', '0', 'pension:deposit:query', '#', 'admin', '2025-11-16 01:10:31', '', null, '');
INSERT INTO `sys_menu` VALUES ('4026', 'жҠјйҮ‘дҪҝз”ЁеҲ—иЎЁеҜјеҮә', '2052', '2', '#', '', null, '', '1', '0', 'F', '0', '0', 'pension:deposit:export', '#', 'admin', '2025-11-16 01:10:31', '', null, '');
INSERT INTO `sys_menu` VALUES ('4027', 'и®ўеҚ•еҲ—иЎЁжҹҘиҜў', '2041', '1', '#', '', null, '', '1', '0', 'F', '0', '0', 'order:info:query', '#', 'admin', '2025-11-16 01:21:22', '', null, '');
INSERT INTO `sys_menu` VALUES ('4028', 'и®ўеҚ•еҲ—иЎЁж–°еўһ', '2041', '2', '#', '', null, '', '1', '0', 'F', '0', '0', 'order:info:add', '#', 'admin', '2025-11-16 01:21:22', '', null, '');
INSERT INTO `sys_menu` VALUES ('4029', 'и®ўеҚ•еҲ—иЎЁдҝ®ж”№', '2041', '3', '#', '', null, '', '1', '0', 'F', '0', '0', 'order:info:edit', '#', 'admin', '2025-11-16 01:21:22', '', null, '');
INSERT INTO `sys_menu` VALUES ('4030', 'и®ўеҚ•еҲ—иЎЁеҲ йҷӨ', '2041', '4', '#', '', null, '', '1', '0', 'F', '0', '0', 'order:info:remove', '#', 'admin', '2025-11-16 01:21:22', '', null, '');
INSERT INTO `sys_menu` VALUES ('4031', 'и®ўеҚ•еҲ—иЎЁеҜјеҮә', '2041', '5', '#', '', null, '', '1', '0', 'F', '0', '0', 'order:info:export', '#', 'admin', '2025-11-16 01:21:22', '', null, '');
INSERT INTO `sys_menu` VALUES ('4032', 'и®ўеҚ•ж”Ҝд»ҳ', '2041', '6', '#', '', null, '', '1', '0', 'F', '0', '0', 'order:info:pay', '#', 'admin', '2025-11-16 01:21:22', '', null, '');
INSERT INTO `sys_menu` VALUES ('4033', 'и®ўеҚ•еҸ–ж¶Ҳ', '2041', '7', '#', '', null, '', '1', '0', 'F', '0', '0', 'order:info:cancel', '#', 'admin', '2025-11-16 01:21:22', '', null, '');
INSERT INTO `sys_menu` VALUES ('4034', 'з”ҹжҲҗи®ўеҚ•', '2041', '8', '#', '', null, '', '1', '0', 'F', '0', '0', 'order:info:generate', '#', 'admin', '2025-11-16 01:21:22', '', null, '');
INSERT INTO `sys_menu` VALUES ('4035', 'е…ҘдҪҸдәәеҲ—иЎЁжҹҘиҜў', '2031', '1', '#', '', null, '', '1', '0', 'F', '0', '0', 'elder:resident:query', '#', 'admin', '2025-11-16 01:21:35', '', null, '');
INSERT INTO `sys_menu` VALUES ('4036', 'е…ҘдҪҸдәәж–°еўһ', '2031', '2', '#', '', null, '', '1', '0', 'F', '0', '0', 'elder:resident:add', '#', 'admin', '2025-11-16 01:21:35', '', null, '');
INSERT INTO `sys_menu` VALUES ('4037', 'е…ҘдҪҸдәәеҲ йҷӨ', '2031', '3', '#', '', null, '', '1', '0', 'F', '0', '0', 'elder:resident:remove', '#', 'admin', '2025-11-16 01:21:35', '', null, '');
INSERT INTO `sys_menu` VALUES ('4038', 'е…ҘдҪҸдәәеҜјеҮә', '2031', '4', '#', '', null, '', '1', '0', 'F', '0', '0', 'elder:resident:export', '#', 'admin', '2025-11-16 01:21:35', '', null, '');
INSERT INTO `sys_menu` VALUES ('4039', 'е…ҘдҪҸдәәз»ӯиҙ№', '2031', '5', '#', '', null, '', '1', '0', 'F', '0', '0', 'elder:resident:renew', '#', 'admin', '2025-11-16 01:21:35', '', null, '');
INSERT INTO `sys_menu` VALUES ('4040', 'е…ҘдҪҸдәәж”Ҝд»ҳ', '2031', '6', '#', '', null, '', '1', '0', 'F', '0', '0', 'elder:resident:payment', '#', 'admin', '2025-11-16 01:21:35', '', null, '');
INSERT INTO `sys_menu` VALUES ('4041', 'е…ҘдҪҸдәәеҜје…Ҙ', '2031', '7', '#', '', null, '', '1', '0', 'F', '0', '0', 'elder:resident:import', '#', 'admin', '2025-11-16 01:21:35', '', null, '');
INSERT INTO `sys_menu` VALUES ('4042', 'е…ҘдҪҸз”іиҜ·жҹҘиҜў', '2032', '1', '#', '', null, '', '1', '0', 'F', '0', '0', 'elder:checkin:query', '#', 'admin', '2025-11-16 01:23:02', '', null, '');
INSERT INTO `sys_menu` VALUES ('4043', 'е…ҘдҪҸз”іиҜ·ж–°еўһ', '2032', '2', '#', '', null, '', '1', '0', 'F', '0', '0', 'elder:checkin:add', '#', 'admin', '2025-11-16 01:23:02', '', null, '');
INSERT INTO `sys_menu` VALUES ('4044', 'е…ҘдҪҸз”іиҜ·дҝ®ж”№', '2032', '3', '#', '', null, '', '1', '0', 'F', '0', '0', 'elder:checkin:edit', '#', 'admin', '2025-11-16 01:23:02', '', null, '');
INSERT INTO `sys_menu` VALUES ('4045', 'е…ҘдҪҸз”іиҜ·еҲ йҷӨ', '2032', '4', '#', '', null, '', '1', '0', 'F', '0', '0', 'elder:checkin:remove', '#', 'admin', '2025-11-16 01:23:02', '', null, '');
INSERT INTO `sys_menu` VALUES ('4046', 'е…ҘдҪҸз”іиҜ·еҜјеҮә', '2032', '5', '#', '', null, '', '1', '0', 'F', '0', '0', 'elder:checkin:export', '#', 'admin', '2025-11-16 01:23:02', '', null, '');
INSERT INTO `sys_menu` VALUES ('4047', 'е…ҘдҪҸз”іиҜ·е®Ўжү№', '2032', '6', '#', '', null, '', '1', '0', 'F', '0', '0', 'elder:checkin:approve', '#', 'admin', '2025-11-16 01:23:02', '', null, '');
INSERT INTO `sys_menu` VALUES ('4048', 'е…ҘдҪҸдәәеҲ—иЎЁжқғйҷҗ', '2031', '0', '#', '', null, '', '1', '0', 'F', '0', '0', 'elder:resident:list', '#', 'admin', '2025-11-16 01:46:11', '', null, '');
INSERT INTO `sys_menu` VALUES ('4049', 'е…ҘдҪҸз”іиҜ·еҲ—иЎЁжқғйҷҗ', '2032', '0', '#', '', null, '', '1', '0', 'F', '0', '0', 'elder:checkin:list', '#', 'admin', '2025-11-16 01:46:57', '', null, '');
INSERT INTO `sys_menu` VALUES ('4050', 'и®ўеҚ•еҲ—иЎЁжқғйҷҗ', '2041', '0', '#', '', null, '', '1', '0', 'F', '0', '0', 'order:info:list', '#', 'admin', '2025-11-16 01:47:15', '', null, '');

-- ----------------------------
-- Table structure for sys_notice
-- ----------------------------
DROP TABLE IF EXISTS `sys_notice`;
CREATE TABLE `sys_notice` (
  `notice_id` int(4) NOT NULL AUTO_INCREMENT COMMENT 'е…¬е‘ҠID',
  `notice_title` varchar(50) COLLATE utf8mb4_general_ci NOT NULL COMMENT 'е…¬е‘Ҡж Үйўҳ',
  `notice_type` char(1) COLLATE utf8mb4_general_ci NOT NULL COMMENT 'е…¬е‘Ҡзұ»еһӢпјҲ1йҖҡзҹҘ 2е…¬е‘Ҡпјү',
  `notice_content` longblob COMMENT 'е…¬е‘ҠеҶ…е®№',
  `status` char(1) COLLATE utf8mb4_general_ci DEFAULT '0' COMMENT 'е…¬е‘ҠзҠ¶жҖҒпјҲ0жӯЈеёё 1е…ій—ӯпјү',
  `create_by` varchar(64) COLLATE utf8mb4_general_ci DEFAULT '' COMMENT 'еҲӣе»әиҖ…',
  `create_time` datetime DEFAULT NULL COMMENT 'еҲӣе»әж—¶й—ҙ',
  `update_by` varchar(64) COLLATE utf8mb4_general_ci DEFAULT '' COMMENT 'жӣҙж–°иҖ…',
  `update_time` datetime DEFAULT NULL COMMENT 'жӣҙж–°ж—¶й—ҙ',
  `remark` varchar(255) COLLATE utf8mb4_general_ci DEFAULT NULL COMMENT 'еӨҮжіЁ',
  PRIMARY KEY (`notice_id`)
) ENGINE=InnoDB AUTO_INCREMENT=10 DEFAULT CHARSET=utf8mb4 COLLATE=utf8mb4_general_ci COMMENT='йҖҡзҹҘе…¬е‘ҠиЎЁ';

-- ----------------------------
-- Records of sys_notice
-- ----------------------------
INSERT INTO `sys_notice` VALUES ('1', 'жё©йҰЁжҸҗйҶ’пјҡ2018-07-01 иӢҘдҫқж–°зүҲжң¬еҸ‘еёғе•Ұ', '2', 0xE696B0E78988E69CACE58685E5AEB9, '0', 'admin', '2025-10-28 02:47:08', '', null, 'з®ЎзҗҶе‘ҳ');
INSERT INTO `sys_notice` VALUES ('2', 'з»ҙжҠӨйҖҡзҹҘпјҡ2018-07-01 иӢҘдҫқзі»з»ҹеҮҢжҷЁз»ҙжҠӨ', '1', 0xE7BBB4E68AA4E58685E5AEB9, '0', 'admin', '2025-10-28 02:47:08', '', null, 'з®ЎзҗҶе‘ҳ');

-- ----------------------------
-- Table structure for sys_oper_log
-- ----------------------------
DROP TABLE IF EXISTS `sys_oper_log`;
CREATE TABLE `sys_oper_log` (
  `oper_id` bigint(20) NOT NULL AUTO_INCREMENT COMMENT 'ж—Ҙеҝ—дё»й”®',
  `title` varchar(50) COLLATE utf8mb4_general_ci DEFAULT '' COMMENT 'жЁЎеқ—ж Үйўҳ',
  `business_type` int(2) DEFAULT '0' COMMENT 'дёҡеҠЎзұ»еһӢпјҲ0е…¶е®ғ 1ж–°еўһ 2дҝ®ж”№ 3еҲ йҷӨпјү',
  `method` varchar(200) COLLATE utf8mb4_general_ci DEFAULT '' COMMENT 'ж–№жі•еҗҚз§°',
  `request_method` varchar(10) COLLATE utf8mb4_general_ci DEFAULT '' COMMENT 'иҜ·жұӮж–№ејҸ',
  `operator_type` int(1) DEFAULT '0' COMMENT 'ж“ҚдҪңзұ»еҲ«пјҲ0е…¶е®ғ 1еҗҺеҸ°з”ЁжҲ· 2жүӢжңәз«Ҝз”ЁжҲ·пјү',
  `oper_name` varchar(50) COLLATE utf8mb4_general_ci DEFAULT '' COMMENT 'ж“ҚдҪңдәәе‘ҳ',
  `dept_name` varchar(50) COLLATE utf8mb4_general_ci DEFAULT '' COMMENT 'йғЁй—ЁеҗҚз§°',
  `oper_url` varchar(255) COLLATE utf8mb4_general_ci DEFAULT '' COMMENT 'иҜ·жұӮURL',
  `oper_ip` varchar(128) COLLATE utf8mb4_general_ci DEFAULT '' COMMENT 'дё»жңәең°еқҖ',
  `oper_location` varchar(255) COLLATE utf8mb4_general_ci DEFAULT '' COMMENT 'ж“ҚдҪңең°зӮ№',
  `oper_param` varchar(2000) COLLATE utf8mb4_general_ci DEFAULT '' COMMENT 'иҜ·жұӮеҸӮж•°',
  `json_result` varchar(2000) COLLATE utf8mb4_general_ci DEFAULT '' COMMENT 'иҝ”еӣһеҸӮж•°',
  `status` int(1) DEFAULT '0' COMMENT 'ж“ҚдҪңзҠ¶жҖҒпјҲ0жӯЈеёё 1ејӮеёёпјү',
  `error_msg` varchar(2000) COLLATE utf8mb4_general_ci DEFAULT '' COMMENT 'й”ҷиҜҜж¶ҲжҒҜ',
  `oper_time` datetime DEFAULT NULL COMMENT 'ж“ҚдҪңж—¶й—ҙ',
  `cost_time` bigint(20) DEFAULT '0' COMMENT 'ж¶ҲиҖ—ж—¶й—ҙ',
  PRIMARY KEY (`oper_id`),
  KEY `idx_sys_oper_log_bt` (`business_type`),
  KEY `idx_sys_oper_log_s` (`status`),
  KEY `idx_sys_oper_log_ot` (`oper_time`)
) ENGINE=InnoDB AUTO_INCREMENT=283 DEFAULT CHARSET=utf8mb4 COLLATE=utf8mb4_general_ci COMMENT='ж“ҚдҪңж—Ҙеҝ—и®°еҪ•';

-- ----------------------------
-- Records of sys_oper_log
-- ----------------------------
INSERT INTO `sys_oper_log` VALUES ('100', 'е…»иҖҒжңәжһ„дҝЎжҒҜ', '1', 'com.ruoyi.web.controller.PensionInstitutionController.add()', 'POST', '1', 'admin', 'з ”еҸ‘йғЁй—Ё', '/pension/institution', '127.0.0.1', 'еҶ…зҪ‘IP', '{\"actualAddress\":\"йҳҝж–Ҝи’ӮиҠ¬\",\"applyTime\":\"2025-10-28 16:59:21\",\"bedCount\":0,\"contactPerson\":\"йҳҝж–Ҝи’ӮиҠ¬\",\"contactPhone\":\"18539279011\",\"createTime\":\"2025-10-28 16:59:21\",\"creditCode\":\"12123123123\",\"fixedAssets\":0.0,\"institutionId\":2,\"institutionName\":\"жөӢиҜ•жңҚеҠЎжңәжһ„\",\"institutionType\":\"2\",\"params\":{},\"registeredAddress\":\"йҳҝж–Ҝи’ӮиҠ¬\",\"registeredCapital\":15.0,\"status\":\"0\"}', '{\"msg\":\"ж“ҚдҪңжҲҗеҠҹ\",\"code\":200}', '0', null, '2025-10-28 16:59:21', '17');
INSERT INTO `sys_oper_log` VALUES ('101', 'е…»иҖҒжңәжһ„дҝЎжҒҜ', '2', 'com.ruoyi.web.controller.PensionInstitutionController.edit()', 'PUT', '1', 'admin', 'з ”еҸ‘йғЁй—Ё', '/pension/institution', '127.0.0.1', 'еҶ…зҪ‘IP', '{\"actualAddress\":\"йҳҝж–Ҝи’ӮиҠ¬\",\"applyTime\":\"2025-10-28 16:59:21\",\"bedCount\":0,\"blacklistFlag\":\"0\",\"contactPerson\":\"йҳҝж–Ҝи’ӮиҠ¬\",\"contactPhone\":\"18539279011\",\"createBy\":\"\",\"createTime\":\"2025-10-28 16:59:21\",\"creditCode\":\"12123123123\",\"fixedAssets\":0.0,\"institutionId\":2,\"institutionName\":\"жөӢиҜ•жңҚеҠЎжңәжһ„\",\"institutionType\":\"3\",\"params\":{},\"registeredAddress\":\"йҳҝж–Ҝи’ӮиҠ¬\",\"registeredCapital\":15.0,\"status\":\"0\",\"updateBy\":\"\",\"updateTime\":\"2025-10-28 17:00:59\"}', '{\"msg\":\"ж“ҚдҪңжҲҗеҠҹ\",\"code\":200}', '0', null, '2025-10-28 17:00:59', '19');
INSERT INTO `sys_oper_log` VALUES ('102', 'е…»иҖҒжңәжһ„дҝЎжҒҜ', '1', 'com.ruoyi.web.controller.PensionInstitutionController.add()', 'POST', '1', 'admin', 'з ”еҸ‘йғЁй—Ё', '/pension/institution', '127.0.0.1', 'еҶ…зҪ‘IP', '{\"applyTime\":\"2025-10-28 17:50:42\",\"bedCount\":0,\"contactPerson\":\"123\",\"contactPhone\":\"18539279011\",\"createTime\":\"2025-10-28 17:50:42\",\"creditCode\":\"123123\",\"fixedAssets\":0.0,\"institutionId\":3,\"institutionName\":\"123123\",\"institutionType\":\"3\",\"params\":{},\"registeredAddress\":\"жөӢиҜ•ең°еқҖ\",\"registeredCapital\":0.0,\"status\":\"0\"}', '{\"msg\":\"ж“ҚдҪңжҲҗеҠҹ\",\"code\":200}', '0', null, '2025-10-28 17:50:42', '31');
INSERT INTO `sys_oper_log` VALUES ('103', 'е®Ўжү№жңәжһ„е…Ҙй©»з”іиҜ·', '2', 'com.ruoyi.web.controller.PensionInstitutionController.approve()', 'PUT', '1', 'admin', 'з ”еҸ‘йғЁй—Ё', '/pension/institution/approve', '127.0.0.1', 'еҶ…зҪ‘IP', '{\"approveRemark\":\"0\",\"approveTime\":\"2025-10-28 18:05:19\",\"approveUser\":\"admin\",\"fixedAssets\":null,\"institutionId\":3,\"institutionName\":\"123123\",\"params\":{},\"registeredCapital\":null,\"status\":\"1\"}', '{\"msg\":\"ж“ҚдҪңжҲҗеҠҹ\",\"code\":200}', '0', null, '2025-10-28 18:05:19', '4');
INSERT INTO `sys_oper_log` VALUES ('104', 'и®ўеҚ•дё»иЎЁ', '1', 'com.ruoyi.web.controller.OrderInfoController.add()', 'POST', '1', 'admin', 'з ”еҸ‘йғЁй—Ё', '/order/info', '127.0.0.1', 'еҶ…зҪ‘IP', '{\"createTime\":\"2025-10-28 22:39:59\",\"orderAmount\":3,\"orderStatus\":\"0\",\"orderType\":\"1\",\"paidAmount\":0,\"params\":{},\"paymentMethod\":\"wechat\",\"unpaidAmount\":3}', null, '1', '\r\n### Error updating database.  Cause: java.sql.SQLException: Field \'order_no\' doesn\'t have a default value\r\n### The error may exist in file [D:\\newhm\\newzijin\\ruoyi-admin\\target\\classes\\mapper\\OrderInfoMapper.xml]\r\n### The error may involve com.ruoyi.mapper.OrderInfoMapper.insertOrderInfo-Inline\r\n### The error occurred while setting parameters\r\n### SQL: insert into order_info          ( order_type,                                                                 order_amount,             paid_amount,             order_status,             payment_method,                                                                                                        create_time )           values ( ?,                                                                 ?,             ?,             ?,             ?,                                                                                                        ? )\r\n### Cause: java.sql.SQLException: Field \'order_no\' doesn\'t have a default value\n; Field \'order_no\' doesn\'t have a default value; nested exception is java.sql.SQLException: Field \'order_no\' doesn\'t have a default value', '2025-10-28 22:39:59', '22');
INSERT INTO `sys_oper_log` VALUES ('105', 'и®ўеҚ•дё»иЎЁ', '1', 'com.ruoyi.web.controller.OrderInfoController.add()', 'POST', '1', 'admin', 'з ”еҸ‘йғЁй—Ё', '/order/info', '127.0.0.1', 'еҶ…зҪ‘IP', '{\"createTime\":\"2025-10-28 22:41:01\",\"orderAmount\":4,\"orderStatus\":\"0\",\"orderType\":\"1\",\"paidAmount\":0,\"params\":{},\"paymentMethod\":\"wechat\",\"unpaidAmount\":4}', null, '1', '\r\n### Error updating database.  Cause: java.sql.SQLException: Field \'order_no\' doesn\'t have a default value\r\n### The error may exist in file [D:\\newhm\\newzijin\\ruoyi-admin\\target\\classes\\mapper\\OrderInfoMapper.xml]\r\n### The error may involve com.ruoyi.mapper.OrderInfoMapper.insertOrderInfo-Inline\r\n### The error occurred while setting parameters\r\n### SQL: insert into order_info          ( order_type,                                                                 order_amount,             paid_amount,             order_status,             payment_method,                                                                                                        create_time )           values ( ?,                                                                 ?,             ?,             ?,             ?,                                                                                                        ? )\r\n### Cause: java.sql.SQLException: Field \'order_no\' doesn\'t have a default value\n; Field \'order_no\' doesn\'t have a default value; nested exception is java.sql.SQLException: Field \'order_no\' doesn\'t have a default value', '2025-10-28 22:41:01', '109');
INSERT INTO `sys_oper_log` VALUES ('106', 'и®ўеҚ•дё»иЎЁ', '1', 'com.ruoyi.web.controller.OrderInfoController.add()', 'POST', '1', 'admin', 'з ”еҸ‘йғЁй—Ё', '/order/info', '127.0.0.1', 'еҶ…зҪ‘IP', '{\"createTime\":\"2025-10-28 22:43:56\",\"orderAmount\":4,\"orderNo\":\"ORD17616626368936569\",\"orderStatus\":\"1\",\"orderType\":\"1\",\"paidAmount\":0,\"params\":{},\"paymentMethod\":\"wechat\",\"unpaidAmount\":4}', null, '1', '\r\n### Error updating database.  Cause: java.sql.SQLException: Field \'elder_id\' doesn\'t have a default value\r\n### The error may exist in file [D:\\newhm\\newzijin\\ruoyi-admin\\target\\classes\\mapper\\OrderInfoMapper.xml]\r\n### The error may involve com.ruoyi.mapper.OrderInfoMapper.insertOrderInfo-Inline\r\n### The error occurred while setting parameters\r\n### SQL: insert into order_info          ( order_no,             order_type,                                                                 order_amount,             paid_amount,             order_status,             payment_method,                                                                                                        create_time )           values ( ?,             ?,                                                                 ?,             ?,             ?,             ?,                                                                                                        ? )\r\n### Cause: java.sql.SQLException: Field \'elder_id\' doesn\'t have a default value\n; Field \'elder_id\' doesn\'t have a default value; nested exception is java.sql.SQLException: Field \'elder_id\' doesn\'t have a default value', '2025-10-28 22:43:56', '42');
INSERT INTO `sys_oper_log` VALUES ('107', 'и®ўеҚ•дё»иЎЁ', '1', 'com.ruoyi.web.controller.OrderInfoController.add()', 'POST', '1', 'admin', 'з ”еҸ‘йғЁй—Ё', '/order/info', '127.0.0.1', 'еҶ…зҪ‘IP', '{\"createTime\":\"2025-10-28 22:46:40\",\"orderAmount\":3,\"orderNo\":\"ORD17616628009325067\",\"orderStatus\":\"1\",\"orderType\":\"2\",\"paidAmount\":0,\"params\":{},\"paymentMethod\":\"wechat\",\"unpaidAmount\":3}', null, '1', '\r\n### Error updating database.  Cause: java.sql.SQLException: Field \'order_date\' doesn\'t have a default value\r\n### The error may exist in file [D:\\newhm\\newzijin\\ruoyi-admin\\target\\classes\\mapper\\OrderInfoMapper.xml]\r\n### The error may involve com.ruoyi.mapper.OrderInfoMapper.insertOrderInfo-Inline\r\n### The error occurred while setting parameters\r\n### SQL: insert into order_info          ( order_no,             order_type,                                                                 order_amount,             paid_amount,             order_status,             payment_method,                                                                                                        create_time )           values ( ?,             ?,                                                                 ?,             ?,             ?,             ?,                                                                                                        ? )\r\n### Cause: java.sql.SQLException: Field \'order_date\' doesn\'t have a default value\n; Field \'order_date\' doesn\'t have a default value; nested exception is java.sql.SQLException: Field \'order_date\' doesn\'t have a default value', '2025-10-28 22:46:40', '6');
INSERT INTO `sys_oper_log` VALUES ('108', 'еәҠдҪҚдҝЎжҒҜ', '1', 'com.ruoyi.web.controller.BedInfoController.add()', 'POST', '1', 'admin', 'з ”еҸ‘йғЁй—Ё', '/elder/bed', '127.0.0.1', 'еҶ…зҪ‘IP', '{\"bedId\":7,\"bedNumber\":\"10\",\"bedStatus\":\"0\",\"bedType\":\"1\",\"createTime\":\"2025-10-28 23:27:05\",\"facilities\":\"з”өи§Ҷжңә\",\"floorNumber\":1,\"hasBalcony\":\"Y\",\"hasBathroom\":\"Y\",\"institutionId\":3,\"params\":{},\"roomArea\":50,\"roomNumber\":\"101\"}', '{\"msg\":\"ж“ҚдҪңжҲҗеҠҹ\",\"code\":200}', '0', null, '2025-10-28 23:27:05', '105');
INSERT INTO `sys_oper_log` VALUES ('109', 'иҖҒдәәе…ҘдҪҸз”іиҜ·', '1', 'com.ruoyi.web.controller.ElderCheckInController.add()', 'POST', '1', 'admin', 'з ”еҸ‘йғЁй—Ё', '/elder/checkin', '127.0.0.1', 'еҶ…зҪ‘IP', '{\"applyDate\":\"2025-10-28 23:27:43\",\"bedId\":7,\"careLevel\":\"1\",\"checkInId\":1,\"checkInStatus\":\"0\",\"elderId\":1,\"expectedCheckInDate\":\"2025-10-15\",\"institutionId\":3,\"params\":{}}', '{\"msg\":\"ж“ҚдҪңжҲҗеҠҹ\",\"code\":200}', '0', null, '2025-10-28 23:27:43', '32');
INSERT INTO `sys_oper_log` VALUES ('110', 'иҖҒдәәе…ҘдҪҸз”іиҜ·е®Ўжү№', '2', 'com.ruoyi.web.controller.ElderCheckInController.approve()', 'PUT', '1', 'admin', 'з ”еҸ‘йғЁй—Ё', '/elder/checkin/approve', '127.0.0.1', 'еҶ…зҪ‘IP', '{\"approvalRemark\":\"0\",\"checkInId\":1,\"checkInStatus\":\"1\",\"params\":{}}', null, '1', 'nested exception is org.apache.ibatis.binding.BindingException: Parameter \'bedStatus\' not found. Available parameters are [arg1, arg0, param1, param2]', '2025-10-28 23:49:09', '17');
INSERT INTO `sys_oper_log` VALUES ('111', 'иҖҒдәәе…ҘдҪҸз”іиҜ·е®Ўжү№', '2', 'com.ruoyi.web.controller.ElderCheckInController.approve()', 'PUT', '1', 'admin', 'з ”еҸ‘йғЁй—Ё', '/elder/checkin/approve', '127.0.0.1', 'еҶ…зҪ‘IP', '{\"approvalRemark\":\"0\",\"checkInId\":1,\"checkInStatus\":\"1\",\"params\":{}}', null, '1', 'nested exception is org.apache.ibatis.binding.BindingException: Parameter \'bedStatus\' not found. Available parameters are [arg1, arg0, param1, param2]', '2025-10-28 23:49:34', '20');
INSERT INTO `sys_oper_log` VALUES ('112', 'иҖҒдәәе…ҘдҪҸз”іиҜ·е®Ўжү№', '2', 'com.ruoyi.web.controller.ElderCheckInController.approve()', 'PUT', '1', 'admin', 'з ”еҸ‘йғЁй—Ё', '/elder/checkin/approve', '127.0.0.1', 'еҶ…зҪ‘IP', '{\"approvalRemark\":\"0\",\"checkInId\":1,\"checkInStatus\":\"1\",\"params\":{}}', null, '1', 'nested exception is org.apache.ibatis.binding.BindingException: Parameter \'checkInStatus\' not found. Available parameters are [arg3, arg2, arg1, arg0, param3, param4, param1, param2]', '2025-10-28 23:58:44', '46');
INSERT INTO `sys_oper_log` VALUES ('113', 'иҖҒдәәе…ҘдҪҸз”іиҜ·е®Ўжү№', '2', 'com.ruoyi.web.controller.ElderCheckInController.approve()', 'PUT', '1', 'admin', 'з ”еҸ‘йғЁй—Ё', '/elder/checkin/approve', '127.0.0.1', 'еҶ…зҪ‘IP', '{\"approvalRemark\":\"0\",\"checkInId\":1,\"checkInStatus\":\"1\",\"params\":{}}', null, '1', 'nested exception is org.apache.ibatis.binding.BindingException: Parameter \'checkInStatus\' not found. Available parameters are [arg3, arg2, arg1, arg0, param3, param4, param1, param2]', '2025-10-28 23:58:50', '14');
INSERT INTO `sys_oper_log` VALUES ('114', 'иҖҒдәәе…ҘдҪҸз”іиҜ·е®Ўжү№', '2', 'com.ruoyi.web.controller.ElderCheckInController.approve()', 'PUT', '1', 'admin', 'з ”еҸ‘йғЁй—Ё', '/elder/checkin/approve', '127.0.0.1', 'еҶ…зҪ‘IP', '{\"approvalRemark\":\"0\",\"checkInId\":1,\"checkInStatus\":\"1\",\"params\":{}}', null, '1', 'nested exception is org.apache.ibatis.binding.BindingException: Parameter \'checkInStatus\' not found. Available parameters are [arg3, arg2, arg1, arg0, param3, param4, param1, param2]', '2025-10-28 23:59:02', '16');
INSERT INTO `sys_oper_log` VALUES ('115', 'иҖҒдәәе…ҘдҪҸз”іиҜ·е®Ўжү№', '2', 'com.ruoyi.web.controller.ElderCheckInController.approve()', 'PUT', '1', 'admin', 'з ”еҸ‘йғЁй—Ё', '/elder/checkin/approve', '127.0.0.1', 'еҶ…зҪ‘IP', '{\"approvalRemark\":\"0\",\"checkInId\":1,\"checkInStatus\":\"1\",\"params\":{}}', null, '1', 'nested exception is org.apache.ibatis.binding.BindingException: Parameter \'checkInStatus\' not found. Available parameters are [arg3, arg2, arg1, arg0, param3, param4, param1, param2]', '2025-10-28 23:59:19', '11');
INSERT INTO `sys_oper_log` VALUES ('116', 'иҖҒдәәе…ҘдҪҸз”іиҜ·е®Ўжү№', '2', 'com.ruoyi.web.controller.ElderCheckInController.approve()', 'PUT', '1', 'admin', 'з ”еҸ‘йғЁй—Ё', '/elder/checkin/approve', '127.0.0.1', 'еҶ…зҪ‘IP', '{\"approvalRemark\":\"3\\n\",\"checkInId\":1,\"checkInStatus\":\"1\",\"params\":{}}', null, '1', 'nested exception is org.apache.ibatis.binding.BindingException: Parameter \'checkInStatus\' not found. Available parameters are [arg3, arg2, arg1, arg0, param3, param4, param1, param2]', '2025-10-29 00:00:18', '20');
INSERT INTO `sys_oper_log` VALUES ('117', 'иҖҒдәәе…ҘдҪҸз”іиҜ·е®Ўжү№', '2', 'com.ruoyi.web.controller.ElderCheckInController.approve()', 'PUT', '1', 'admin', 'з ”еҸ‘йғЁй—Ё', '/elder/checkin/approve', '127.0.0.1', 'еҶ…зҪ‘IP', '{\"approvalRemark\":\"0\",\"checkInId\":1,\"checkInStatus\":\"1\",\"params\":{}}', null, '1', 'nested exception is org.apache.ibatis.binding.BindingException: Parameter \'checkInStatus\' not found. Available parameters are [arg3, arg2, arg1, arg0, param3, param4, param1, param2]', '2025-10-29 00:00:55', '16');
INSERT INTO `sys_oper_log` VALUES ('118', 'иҖҒдәәе…ҘдҪҸз”іиҜ·е®Ўжү№', '2', 'com.ruoyi.web.controller.ElderCheckInController.approve()', 'PUT', '1', 'admin', 'з ”еҸ‘йғЁй—Ё', '/elder/checkin/approve', '127.0.0.1', 'еҶ…зҪ‘IP', '{\"approvalRemark\":\"0\",\"checkInId\":1,\"checkInStatus\":\"1\",\"params\":{}}', '{\"msg\":\"ж“ҚдҪңжҲҗеҠҹ\",\"code\":200}', '0', null, '2025-10-29 00:05:51', '41');
INSERT INTO `sys_oper_log` VALUES ('119', 'з”ҹжҲҗи®ўеҚ•', '1', 'com.ruoyi.web.controller.OrderInfoController.generateOrders()', 'POST', '1', 'admin', 'з ”еҸ‘йғЁй—Ё', '/order/info/generate/1', '127.0.0.1', 'еҶ…зҪ‘IP', '1', null, '1', '\r\n### Error updating database.  Cause: java.sql.SQLException: Field \'order_amount\' doesn\'t have a default value\r\n### The error may exist in file [D:\\newhm\\newzijin\\ruoyi-admin\\target\\classes\\mapper\\OrderInfoMapper.xml]\r\n### The error may involve com.ruoyi.mapper.OrderInfoMapper.insertOrderInfo-Inline\r\n### The error occurred while setting parameters\r\n### SQL: insert into order_info          ( order_no,             order_type,             elder_id,             institution_id,             check_in_id,             bed_id,                                                                              order_date,                                       billing_cycle,                          create_by )           values ( ?,             ?,             ?,             ?,             ?,             ?,                                                                              ?,                                       ?,                          ? )\r\n### Cause: java.sql.SQLException: Field \'order_amount\' doesn\'t have a default value\n; Field \'order_amount\' doesn\'t have a default value; nested exception is java.sql.SQLException: Field \'order_amount\' doesn\'t have a default value', '2025-10-29 00:05:58', '59');
INSERT INTO `sys_oper_log` VALUES ('120', 'з”ҹжҲҗи®ўеҚ•', '1', 'com.ruoyi.web.controller.OrderInfoController.generateOrders()', 'POST', '1', 'admin', 'з ”еҸ‘йғЁй—Ё', '/order/info/generate/1', '127.0.0.1', 'еҶ…зҪ‘IP', '1', null, '1', '\r\n### Error updating database.  Cause: java.sql.SQLException: Field \'order_amount\' doesn\'t have a default value\r\n### The error may exist in file [D:\\newhm\\newzijin\\ruoyi-admin\\target\\classes\\mapper\\OrderInfoMapper.xml]\r\n### The error may involve com.ruoyi.mapper.OrderInfoMapper.insertOrderInfo-Inline\r\n### The error occurred while setting parameters\r\n### SQL: insert into order_info          ( order_no,             order_type,             elder_id,             institution_id,             check_in_id,             bed_id,                                                                              order_date,                                       billing_cycle,                          create_by )           values ( ?,             ?,             ?,             ?,             ?,             ?,                                                                              ?,                                       ?,                          ? )\r\n### Cause: java.sql.SQLException: Field \'order_amount\' doesn\'t have a default value\n; Field \'order_amount\' doesn\'t have a default value; nested exception is java.sql.SQLException: Field \'order_amount\' doesn\'t have a default value', '2025-10-29 00:06:35', '7');
INSERT INTO `sys_oper_log` VALUES ('121', 'еәҠдҪҚдҝЎжҒҜ', '1', 'com.ruoyi.web.controller.BedInfoController.add()', 'POST', '1', 'admin', 'з ”еҸ‘йғЁй—Ё', '/elder/bed', '127.0.0.1', 'еҶ…зҪ‘IP', '{\"bedId\":8,\"bedNumber\":\"103\",\"bedStatus\":\"0\",\"bedType\":\"1\",\"createTime\":\"2025-10-29 00:10:14\",\"floorNumber\":2,\"hasBalcony\":\"Y\",\"hasBathroom\":\"Y\",\"institutionId\":3,\"params\":{},\"price\":5000,\"roomArea\":100,\"roomNumber\":\"202\"}', '{\"msg\":\"ж“ҚдҪңжҲҗеҠҹ\",\"code\":200}', '0', null, '2025-10-29 00:10:14', '50');
INSERT INTO `sys_oper_log` VALUES ('122', 'иҖҒдәәе…ҘдҪҸз”іиҜ·', '1', 'com.ruoyi.web.controller.ElderCheckInController.add()', 'POST', '1', 'admin', 'з ”еҸ‘йғЁй—Ё', '/elder/checkin', '127.0.0.1', 'еҶ…зҪ‘IP', '{\"applyDate\":\"2025-10-29 00:11:17\",\"bedId\":8,\"careLevel\":\"3\",\"checkInId\":2,\"checkInStatus\":\"0\",\"depositAmount\":10000,\"elderId\":1,\"expectedCheckInDate\":\"2025-10-15\",\"institutionId\":3,\"interviewDate\":\"2025-10-30 00:00:00\",\"monthlyFee\":6000,\"params\":{},\"paymentMethod\":\"зҺ°еңә\"}', '{\"msg\":\"ж“ҚдҪңжҲҗеҠҹ\",\"code\":200}', '0', null, '2025-10-29 00:11:17', '26');
INSERT INTO `sys_oper_log` VALUES ('123', 'иҖҒдәәе…ҘдҪҸз”іиҜ·е®Ўжү№', '2', 'com.ruoyi.web.controller.ElderCheckInController.approve()', 'PUT', '1', 'admin', 'з ”еҸ‘йғЁй—Ё', '/elder/checkin/approve', '127.0.0.1', 'еҶ…зҪ‘IP', '{\"approvalRemark\":\"0\",\"checkInId\":2,\"checkInStatus\":\"1\",\"params\":{}}', '{\"msg\":\"ж“ҚдҪңжҲҗеҠҹ\",\"code\":200}', '0', null, '2025-10-29 00:11:33', '29');
INSERT INTO `sys_oper_log` VALUES ('124', 'з”ҹжҲҗи®ўеҚ•', '1', 'com.ruoyi.web.controller.OrderInfoController.generateOrders()', 'POST', '1', 'admin', 'з ”еҸ‘йғЁй—Ё', '/order/info/generate/2', '127.0.0.1', 'еҶ…зҪ‘IP', '2', '{\"msg\":\"ж“ҚдҪңжҲҗеҠҹ\",\"code\":200}', '0', null, '2025-10-29 00:11:40', '34');
INSERT INTO `sys_oper_log` VALUES ('125', 'иҖҒдәәе…ҘдҪҸз”іиҜ·', '1', 'com.ruoyi.web.controller.ElderCheckInController.add()', 'POST', '1', 'admin', 'з ”еҸ‘йғЁй—Ё', '/elder/checkin', '127.0.0.1', 'еҶ…зҪ‘IP', '{\"applyDate\":\"2025-10-29 00:24:11\",\"careLevel\":\"1\",\"checkInId\":3,\"checkInStatus\":\"0\",\"depositAmount\":15000,\"elderId\":1,\"expectedCheckInDate\":\"2025-10-29\",\"institutionId\":3,\"monthlyFee\":10000,\"params\":{}}', '{\"msg\":\"ж“ҚдҪңжҲҗеҠҹ\",\"code\":200}', '0', null, '2025-10-29 00:24:12', '42');
INSERT INTO `sys_oper_log` VALUES ('126', 'еәҠдҪҚдҝЎжҒҜ', '1', 'com.ruoyi.web.controller.BedInfoController.add()', 'POST', '1', 'admin', 'з ”еҸ‘йғЁй—Ё', '/elder/bed', '127.0.0.1', 'еҶ…зҪ‘IP', '{\"bedId\":9,\"bedNumber\":\"8\",\"bedStatus\":\"0\",\"bedType\":\"1\",\"createTime\":\"2025-10-29 00:25:37\",\"hasBalcony\":\"Y\",\"hasBathroom\":\"Y\",\"institutionId\":3,\"params\":{},\"price\":1000,\"roomNumber\":\"302\"}', '{\"msg\":\"ж“ҚдҪңжҲҗеҠҹ\",\"code\":200}', '0', null, '2025-10-29 00:25:37', '13');
INSERT INTO `sys_oper_log` VALUES ('127', 'иҖҒдәәе…ҘдҪҸз”іиҜ·', '2', 'com.ruoyi.web.controller.ElderCheckInController.edit()', 'PUT', '1', 'admin', 'з ”еҸ‘йғЁй—Ё', '/elder/checkin', '127.0.0.1', 'еҶ…зҪ‘IP', '{\"applyDate\":\"2025-10-29 00:24:12\",\"bedId\":9,\"careLevel\":\"1\",\"checkInId\":3,\"checkInStatus\":\"0\",\"createBy\":\"\",\"depositAmount\":15000,\"elderId\":1,\"elderName\":\"еј дёү\",\"expectedCheckInDate\":\"2025-10-29\",\"institutionId\":3,\"institutionName\":\"123123\",\"monthlyFee\":10000,\"params\":{},\"updateBy\":\"\",\"updateTime\":\"2025-10-29 00:25:46\"}', '{\"msg\":\"ж“ҚдҪңжҲҗеҠҹ\",\"code\":200}', '0', null, '2025-10-29 00:25:46', '38');
INSERT INTO `sys_oper_log` VALUES ('128', 'иҖҒдәәе…ҘдҪҸз”іиҜ·е®Ўжү№', '2', 'com.ruoyi.web.controller.ElderCheckInController.approve()', 'PUT', '1', 'admin', 'з ”еҸ‘йғЁй—Ё', '/elder/checkin/approve', '127.0.0.1', 'еҶ…зҪ‘IP', '{\"approvalRemark\":\"00\",\"checkInId\":3,\"checkInStatus\":\"2\",\"params\":{}}', '{\"msg\":\"ж“ҚдҪңжҲҗеҠҹ\",\"code\":200}', '0', null, '2025-10-29 00:25:54', '40');
INSERT INTO `sys_oper_log` VALUES ('129', 'иҸңеҚ•з®ЎзҗҶ', '2', 'com.ruoyi.web.controller.system.SysMenuController.edit()', 'PUT', '1', 'admin', 'з ”еҸ‘йғЁй—Ё', '/system/menu', '127.0.0.1', 'еҶ…зҪ‘IP', '{\"children\":[],\"component\":\"bigscreen/institution-distribution\",\"createTime\":\"2025-10-29 22:21:46\",\"icon\":\"chart\",\"isCache\":\"0\",\"isFrame\":\"0\",\"menuId\":4001,\"menuName\":\"жңәжһ„еҲҶеёғеӨ§еұҸ\",\"menuType\":\"C\",\"orderNum\":1,\"params\":{},\"parentId\":4000,\"path\":\"http://localhost:8080/screen/institution-distribution.html\",\"perms\":\"bigscreen:institution:view\",\"routeName\":\"\",\"status\":\"0\",\"updateBy\":\"admin\",\"visible\":\"0\"}', '{\"msg\":\"ж“ҚдҪңжҲҗеҠҹ\",\"code\":200}', '0', null, '2025-10-30 01:15:20', '26');
INSERT INTO `sys_oper_log` VALUES ('130', 'иҸңеҚ•з®ЎзҗҶ', '2', 'com.ruoyi.web.controller.system.SysMenuController.edit()', 'PUT', '1', 'admin', 'з ”еҸ‘йғЁй—Ё', '/system/menu', '127.0.0.1', 'еҶ…зҪ‘IP', '{\"children\":[],\"component\":\"bigscreen/fund-supervision\",\"createTime\":\"2025-10-30 00:41:01\",\"icon\":\"money\",\"isCache\":\"0\",\"isFrame\":\"0\",\"menuId\":4002,\"menuName\":\"иө„йҮ‘зӣ‘з®ЎеӨ§еұҸ\",\"menuType\":\"C\",\"orderNum\":2,\"params\":{},\"parentId\":4000,\"path\":\"http://localhost:8080/screen/fund-supervision.html\",\"perms\":\"bigscreen:fund:view\",\"routeName\":\"\",\"status\":\"0\",\"updateBy\":\"admin\",\"visible\":\"0\"}', '{\"msg\":\"ж“ҚдҪңжҲҗеҠҹ\",\"code\":200}', '0', null, '2025-10-30 01:15:59', '23');
INSERT INTO `sys_oper_log` VALUES ('131', 'иҸңеҚ•з®ЎзҗҶ', '2', 'com.ruoyi.web.controller.system.SysMenuController.edit()', 'PUT', '1', 'admin', 'з ”еҸ‘йғЁй—Ё', '/system/menu', '127.0.0.1', 'еҶ…зҪ‘IP', '{\"children\":[],\"component\":\"bigscreen/warning-monitor\",\"createTime\":\"2025-10-30 01:20:52\",\"icon\":\"user\",\"isCache\":\"0\",\"isFrame\":\"0\",\"menuId\":4003,\"menuName\":\"йў„иӯҰзӣ‘жҺ§еӨ§еұҸ\",\"menuType\":\"C\",\"orderNum\":3,\"params\":{},\"parentId\":4000,\"path\":\"http://localhost:8080/screen/warning-monitor.html\",\"perms\":\"bigscreen:warning:view\",\"routeName\":\"\",\"status\":\"0\",\"updateBy\":\"admin\",\"visible\":\"0\"}', '{\"msg\":\"ж“ҚдҪңжҲҗеҠҹ\",\"code\":200}', '0', null, '2025-10-30 01:48:48', '51');
INSERT INTO `sys_oper_log` VALUES ('132', 'иҸңеҚ•з®ЎзҗҶ', '2', 'com.ruoyi.web.controller.system.SysMenuController.edit()', 'PUT', '1', 'admin', 'з ”еҸ‘йғЁй—Ё', '/system/menu', '127.0.0.1', 'еҶ…зҪ‘IP', '{\"children\":[],\"createTime\":\"2025-11-03 16:03:36\",\"icon\":\"chart\",\"isCache\":\"0\",\"isFrame\":\"1\",\"menuId\":2010,\"menuName\":\"жңәжһ„з®ЎзҗҶ\",\"menuType\":\"M\",\"orderNum\":2,\"params\":{},\"parentId\":2000,\"path\":\"institution\",\"perms\":\"\",\"status\":\"0\",\"updateBy\":\"admin\",\"visible\":\"0\"}', '{\"msg\":\"ж“ҚдҪңжҲҗеҠҹ\",\"code\":200}', '0', null, '2025-11-03 16:11:43', '35');
INSERT INTO `sys_oper_log` VALUES ('133', 'иҸңеҚ•з®ЎзҗҶ', '2', 'com.ruoyi.web.controller.system.SysMenuController.edit()', 'PUT', '1', 'admin', 'з ”еҸ‘йғЁй—Ё', '/system/menu', '127.0.0.1', 'еҶ…зҪ‘IP', '{\"children\":[],\"createTime\":\"2025-11-03 16:03:36\",\"icon\":\"people\",\"isCache\":\"0\",\"isFrame\":\"1\",\"menuId\":2020,\"menuName\":\"еәҠдҪҚз®ЎзҗҶ\",\"menuType\":\"M\",\"orderNum\":3,\"params\":{},\"parentId\":2000,\"path\":\"bed\",\"perms\":\"\",\"status\":\"0\",\"updateBy\":\"admin\",\"visible\":\"0\"}', '{\"msg\":\"ж“ҚдҪңжҲҗеҠҹ\",\"code\":200}', '0', null, '2025-11-03 16:12:01', '26');
INSERT INTO `sys_oper_log` VALUES ('134', 'иҸңеҚ•з®ЎзҗҶ', '2', 'com.ruoyi.web.controller.system.SysMenuController.edit()', 'PUT', '1', 'admin', 'з ”еҸ‘йғЁй—Ё', '/system/menu', '127.0.0.1', 'еҶ…зҪ‘IP', '{\"children\":[],\"createTime\":\"2025-11-03 16:03:36\",\"icon\":\"job\",\"isCache\":\"0\",\"isFrame\":\"1\",\"menuId\":2040,\"menuName\":\"и®ўеҚ•з®ЎзҗҶ\",\"menuType\":\"M\",\"orderNum\":5,\"params\":{},\"parentId\":2000,\"path\":\"order\",\"perms\":\"\",\"status\":\"0\",\"updateBy\":\"admin\",\"visible\":\"0\"}', '{\"msg\":\"ж“ҚдҪңжҲҗеҠҹ\",\"code\":200}', '0', null, '2025-11-03 16:12:16', '21');
INSERT INTO `sys_oper_log` VALUES ('135', 'иҸңеҚ•з®ЎзҗҶ', '2', 'com.ruoyi.web.controller.system.SysMenuController.edit()', 'PUT', '1', 'admin', 'з ”еҸ‘йғЁй—Ё', '/system/menu', '127.0.0.1', 'еҶ…зҪ‘IP', '{\"children\":[],\"createTime\":\"2025-11-03 16:03:36\",\"icon\":\"skill\",\"isCache\":\"0\",\"isFrame\":\"1\",\"menuId\":2060,\"menuName\":\"иө„йҮ‘еҲ’жӢЁ\",\"menuType\":\"M\",\"orderNum\":7,\"params\":{},\"parentId\":2000,\"path\":\"fund\",\"perms\":\"\",\"status\":\"0\",\"updateBy\":\"admin\",\"visible\":\"0\"}', '{\"msg\":\"ж“ҚдҪңжҲҗеҠҹ\",\"code\":200}', '0', null, '2025-11-03 16:12:31', '30');
INSERT INTO `sys_oper_log` VALUES ('136', 'иҸңеҚ•з®ЎзҗҶ', '2', 'com.ruoyi.web.controller.system.SysMenuController.edit()', 'PUT', '1', 'admin', 'з ”еҸ‘йғЁй—Ё', '/system/menu', '127.0.0.1', 'еҶ…зҪ‘IP', '{\"children\":[],\"createTime\":\"2025-11-03 16:03:36\",\"icon\":\"edit\",\"isCache\":\"0\",\"isFrame\":\"1\",\"menuId\":2070,\"menuName\":\"й“¶иЎҢеҜ№иҙҰ\",\"menuType\":\"M\",\"orderNum\":8,\"params\":{},\"parentId\":2000,\"path\":\"bank\",\"perms\":\"\",\"status\":\"0\",\"updateBy\":\"admin\",\"visible\":\"0\"}', '{\"msg\":\"ж“ҚдҪңжҲҗеҠҹ\",\"code\":200}', '0', null, '2025-11-03 16:12:49', '24');
INSERT INTO `sys_oper_log` VALUES ('137', 'иҸңеҚ•з®ЎзҗҶ', '2', 'com.ruoyi.web.controller.system.SysMenuController.edit()', 'PUT', '1', 'admin', 'з ”еҸ‘йғЁй—Ё', '/system/menu', '127.0.0.1', 'еҶ…зҪ‘IP', '{\"children\":[],\"component\":\"pension/announcement/index\",\"createTime\":\"2025-11-03 16:03:36\",\"icon\":\"button\",\"isCache\":\"0\",\"isFrame\":\"1\",\"menuId\":2080,\"menuName\":\"е…¬е‘ҠжҹҘиҜў\",\"menuType\":\"C\",\"orderNum\":9,\"params\":{},\"parentId\":2000,\"path\":\"announcement\",\"perms\":\"pension:announcement:view\",\"status\":\"0\",\"updateBy\":\"admin\",\"visible\":\"0\"}', '{\"msg\":\"ж“ҚдҪңжҲҗеҠҹ\",\"code\":200}', '0', null, '2025-11-03 16:13:00', '21');
INSERT INTO `sys_oper_log` VALUES ('138', 'иҸңеҚ•з®ЎзҗҶ', '2', 'com.ruoyi.web.controller.system.SysMenuController.edit()', 'PUT', '1', 'admin', 'з ”еҸ‘йғЁй—Ё', '/system/menu', '127.0.0.1', 'еҶ…зҪ‘IP', '{\"children\":[],\"createTime\":\"2025-11-03 16:51:30\",\"icon\":\"bug\",\"isCache\":\"0\",\"isFrame\":\"1\",\"menuId\":3200,\"menuName\":\"йў„иӯҰж ёйӘҢ\",\"menuType\":\"M\",\"orderNum\":2,\"params\":{},\"parentId\":3000,\"path\":\"warning\",\"perms\":\"\",\"query\":\"\",\"routeName\":\"\",\"status\":\"0\",\"updateBy\":\"admin\",\"visible\":\"0\"}', '{\"msg\":\"ж“ҚдҪңжҲҗеҠҹ\",\"code\":200}', '0', null, '2025-11-03 17:53:08', '63');
INSERT INTO `sys_oper_log` VALUES ('139', 'иҸңеҚ•з®ЎзҗҶ', '2', 'com.ruoyi.web.controller.system.SysMenuController.edit()', 'PUT', '1', 'admin', 'з ”еҸ‘йғЁй—Ё', '/system/menu', '127.0.0.1', 'еҶ…зҪ‘IP', '{\"children\":[],\"createTime\":\"2025-11-03 16:51:30\",\"icon\":\"money\",\"isCache\":\"0\",\"isFrame\":\"1\",\"menuId\":3300,\"menuName\":\"иҙҰжҲ·з®ЎзҗҶ\",\"menuType\":\"M\",\"orderNum\":3,\"params\":{},\"parentId\":3000,\"path\":\"account\",\"perms\":\"\",\"query\":\"\",\"routeName\":\"\",\"status\":\"0\",\"updateBy\":\"admin\",\"visible\":\"0\"}', '{\"msg\":\"ж“ҚдҪңжҲҗеҠҹ\",\"code\":200}', '0', null, '2025-11-03 17:53:20', '11');
INSERT INTO `sys_oper_log` VALUES ('140', 'иҸңеҚ•з®ЎзҗҶ', '2', 'com.ruoyi.web.controller.system.SysMenuController.edit()', 'PUT', '1', 'admin', 'з ”еҸ‘йғЁй—Ё', '/system/menu', '127.0.0.1', 'еҶ…зҪ‘IP', '{\"children\":[],\"component\":\"supervision/institution/blacklistList\",\"createTime\":\"2025-11-03 16:51:30\",\"icon\":\"bug\",\"isCache\":\"0\",\"isFrame\":\"1\",\"menuId\":3105,\"menuName\":\"й»‘еҗҚеҚ•з®ЎзҗҶ\",\"menuType\":\"C\",\"orderNum\":5,\"params\":{},\"parentId\":3100,\"path\":\"blacklistList\",\"perms\":\"supervision:institution:blacklist\",\"query\":\"\",\"routeName\":\"\",\"status\":\"0\",\"updateBy\":\"admin\",\"visible\":\"0\"}', '{\"msg\":\"ж“ҚдҪңжҲҗеҠҹ\",\"code\":200}', '0', null, '2025-11-03 17:53:43', '20');
INSERT INTO `sys_oper_log` VALUES ('141', 'иҸңеҚ•з®ЎзҗҶ', '2', 'com.ruoyi.web.controller.system.SysMenuController.edit()', 'PUT', '1', 'admin', 'з ”еҸ‘йғЁй—Ё', '/system/menu', '127.0.0.1', 'еҶ…зҪ‘IP', '{\"children\":[],\"component\":\"supervision/warning/depositExcess\",\"createTime\":\"2025-11-03 16:51:30\",\"icon\":\"drag\",\"isCache\":\"0\",\"isFrame\":\"1\",\"menuId\":3203,\"menuName\":\"жҠјйҮ‘и¶…йўқйў„иӯҰ\",\"menuType\":\"C\",\"orderNum\":3,\"params\":{},\"parentId\":3200,\"path\":\"depositExcess\",\"perms\":\"supervision:warning:depositExcess\",\"query\":\"\",\"routeName\":\"\",\"status\":\"0\",\"updateBy\":\"admin\",\"visible\":\"0\"}', '{\"msg\":\"ж“ҚдҪңжҲҗеҠҹ\",\"code\":200}', '0', null, '2025-11-03 17:53:55', '26');
INSERT INTO `sys_oper_log` VALUES ('142', 'иҸңеҚ•з®ЎзҗҶ', '2', 'com.ruoyi.web.controller.system.SysMenuController.edit()', 'PUT', '1', 'admin', 'з ”еҸ‘йғЁй—Ё', '/system/menu', '127.0.0.1', 'еҶ…зҪ‘IP', '{\"children\":[],\"component\":\"supervision/warning/supervisionExcess\",\"createTime\":\"2025-11-03 16:51:30\",\"icon\":\"druid\",\"isCache\":\"0\",\"isFrame\":\"1\",\"menuId\":3205,\"menuName\":\"зӣ‘з®Ўи¶…йўқйў„иӯҰ\",\"menuType\":\"C\",\"orderNum\":5,\"params\":{},\"parentId\":3200,\"path\":\"supervisionExcess\",\"perms\":\"supervision:warning:supervisionExcess\",\"query\":\"\",\"routeName\":\"\",\"status\":\"0\",\"updateBy\":\"admin\",\"visible\":\"0\"}', '{\"msg\":\"ж“ҚдҪңжҲҗеҠҹ\",\"code\":200}', '0', null, '2025-11-03 17:54:03', '21');
INSERT INTO `sys_oper_log` VALUES ('143', 'иҸңеҚ•з®ЎзҗҶ', '2', 'com.ruoyi.web.controller.system.SysMenuController.edit()', 'PUT', '1', 'admin', 'з ”еҸ‘йғЁй—Ё', '/system/menu', '127.0.0.1', 'еҶ…зҪ‘IP', '{\"children\":[],\"component\":\"supervision/warning/riskDepositExcess\",\"createTime\":\"2025-11-03 16:51:30\",\"icon\":\"date\",\"isCache\":\"0\",\"isFrame\":\"1\",\"menuId\":3206,\"menuName\":\"йЈҺйҷ©дҝқиҜҒйҮ‘йў„иӯҰ\",\"menuType\":\"C\",\"orderNum\":6,\"params\":{},\"parentId\":3200,\"path\":\"riskDepositExcess\",\"perms\":\"supervision:warning:riskDepositExcess\",\"query\":\"\",\"routeName\":\"\",\"status\":\"0\",\"updateBy\":\"admin\",\"visible\":\"0\"}', '{\"msg\":\"ж“ҚдҪңжҲҗеҠҹ\",\"code\":200}', '0', null, '2025-11-03 17:54:12', '25');
INSERT INTO `sys_oper_log` VALUES ('144', 'иҸңеҚ•з®ЎзҗҶ', '2', 'com.ruoyi.web.controller.system.SysMenuController.edit()', 'PUT', '1', 'admin', 'з ”еҸ‘йғЁй—Ё', '/system/menu', '127.0.0.1', 'еҶ…зҪ‘IP', '{\"children\":[],\"component\":\"supervision/warning/largePayment\",\"createTime\":\"2025-11-03 16:51:30\",\"icon\":\"download\",\"isCache\":\"0\",\"isFrame\":\"1\",\"menuId\":3207,\"menuName\":\"еӨ§йўқж”Ҝд»ҳйў„иӯҰ\",\"menuType\":\"C\",\"orderNum\":7,\"params\":{},\"parentId\":3200,\"path\":\"largePayment\",\"perms\":\"supervision:warning:largePayment\",\"query\":\"\",\"routeName\":\"\",\"status\":\"0\",\"updateBy\":\"admin\",\"visible\":\"0\"}', '{\"msg\":\"ж“ҚдҪңжҲҗеҠҹ\",\"code\":200}', '0', null, '2025-11-03 17:54:19', '11');
INSERT INTO `sys_oper_log` VALUES ('145', 'иҸңеҚ•з®ЎзҗҶ', '2', 'com.ruoyi.web.controller.system.SysMenuController.edit()', 'PUT', '1', 'admin', 'з ”еҸ‘йғЁй—Ё', '/system/menu', '127.0.0.1', 'еҶ…зҪ‘IP', '{\"children\":[],\"component\":\"supervision/account/supervisionAccount\",\"createTime\":\"2025-11-03 16:51:30\",\"icon\":\"dict\",\"isCache\":\"0\",\"isFrame\":\"1\",\"menuId\":3303,\"menuName\":\"зӣ‘з®ЎиҙҰжҲ·з»ҙжҠӨ\",\"menuType\":\"C\",\"orderNum\":3,\"params\":{},\"parentId\":3300,\"path\":\"supervisionAccount\",\"perms\":\"supervision:account:supervision\",\"query\":\"\",\"routeName\":\"\",\"status\":\"0\",\"updateBy\":\"admin\",\"visible\":\"0\"}', '{\"msg\":\"ж“ҚдҪңжҲҗеҠҹ\",\"code\":200}', '0', null, '2025-11-03 17:54:29', '20');
INSERT INTO `sys_oper_log` VALUES ('146', 'иҸңеҚ•з®ЎзҗҶ', '2', 'com.ruoyi.web.controller.system.SysMenuController.edit()', 'PUT', '1', 'admin', 'з ”еҸ‘йғЁй—Ё', '/system/menu', '127.0.0.1', 'еҶ…зҪ‘IP', '{\"children\":[],\"component\":\"supervision/account/orderList\",\"createTime\":\"2025-11-03 16:51:30\",\"icon\":\"list\",\"isCache\":\"0\",\"isFrame\":\"1\",\"menuId\":3304,\"menuName\":\"и®ўеҚ•з®ЎзҗҶ\",\"menuType\":\"C\",\"orderNum\":4,\"params\":{},\"parentId\":3300,\"path\":\"orderList\",\"perms\":\"supervision:account:order\",\"query\":\"\",\"routeName\":\"\",\"status\":\"0\",\"updateBy\":\"admin\",\"visible\":\"0\"}', '{\"msg\":\"ж“ҚдҪңжҲҗеҠҹ\",\"code\":200}', '0', null, '2025-11-03 17:54:38', '14');
INSERT INTO `sys_oper_log` VALUES ('147', 'иҸңеҚ•з®ЎзҗҶ', '2', 'com.ruoyi.web.controller.system.SysMenuController.edit()', 'PUT', '1', 'admin', 'з ”еҸ‘йғЁй—Ё', '/system/menu', '127.0.0.1', 'еҶ…зҪ‘IP', '{\"children\":[],\"component\":\"supervision/account/balanceList\",\"createTime\":\"2025-11-03 16:51:30\",\"icon\":\"question\",\"isCache\":\"0\",\"isFrame\":\"1\",\"menuId\":3305,\"menuName\":\"иҙҰжҲ·дҪҷйўқ\",\"menuType\":\"C\",\"orderNum\":5,\"params\":{},\"parentId\":3300,\"path\":\"balanceList\",\"perms\":\"supervision:account:balance\",\"query\":\"\",\"routeName\":\"\",\"status\":\"0\",\"updateBy\":\"admin\",\"visible\":\"0\"}', '{\"msg\":\"ж“ҚдҪңжҲҗеҠҹ\",\"code\":200}', '0', null, '2025-11-03 17:54:45', '20');
INSERT INTO `sys_oper_log` VALUES ('148', 'иҸңеҚ•з®ЎзҗҶ', '2', 'com.ruoyi.web.controller.system.SysMenuController.edit()', 'PUT', '1', 'admin', 'з ”еҸ‘йғЁй—Ё', '/system/menu', '127.0.0.1', 'еҶ…зҪ‘IP', '{\"children\":[],\"component\":\"supervision/fund/allocationRule\",\"createTime\":\"2025-11-03 16:51:30\",\"icon\":\"email\",\"isCache\":\"0\",\"isFrame\":\"1\",\"menuId\":3403,\"menuName\":\"еҲҶй…Қи§„еҲҷ\",\"menuType\":\"C\",\"orderNum\":3,\"params\":{},\"parentId\":3400,\"path\":\"allocationRule\",\"perms\":\"supervision:fund:allocation\",\"query\":\"\",\"routeName\":\"\",\"status\":\"0\",\"updateBy\":\"admin\",\"visible\":\"0\"}', '{\"msg\":\"ж“ҚдҪңжҲҗеҠҹ\",\"code\":200}', '0', null, '2025-11-03 17:54:56', '21');
INSERT INTO `sys_oper_log` VALUES ('149', 'иҸңеҚ•з®ЎзҗҶ', '2', 'com.ruoyi.web.controller.system.SysMenuController.edit()', 'PUT', '1', 'admin', 'з ”еҸ‘йғЁй—Ё', '/system/menu', '127.0.0.1', 'еҶ…зҪ‘IP', '{\"children\":[],\"component\":\"supervision/announcement/template\",\"createTime\":\"2025-11-03 16:51:30\",\"icon\":\"button\",\"isCache\":\"0\",\"isFrame\":\"1\",\"menuId\":3503,\"menuName\":\"е…¬е‘ҠжЁЎжқҝ\",\"menuType\":\"C\",\"orderNum\":3,\"params\":{},\"parentId\":3500,\"path\":\"template\",\"perms\":\"supervision:announcement:template\",\"query\":\"\",\"routeName\":\"\",\"status\":\"0\",\"updateBy\":\"admin\",\"visible\":\"0\"}', '{\"msg\":\"ж“ҚдҪңжҲҗеҠҹ\",\"code\":200}', '0', null, '2025-11-03 17:55:07', '20');
INSERT INTO `sys_oper_log` VALUES ('150', 'иҸңеҚ•з®ЎзҗҶ', '2', 'com.ruoyi.web.controller.system.SysMenuController.edit()', 'PUT', '1', 'admin', 'з ”еҸ‘йғЁй—Ё', '/system/menu', '127.0.0.1', 'еҶ…зҪ‘IP', '{\"children\":[],\"component\":\"supervision/feedback/satisfaction\",\"createTime\":\"2025-11-03 16:51:30\",\"icon\":\"education\",\"isCache\":\"0\",\"isFrame\":\"1\",\"menuId\":3604,\"menuName\":\"ж»Ўж„ҸеәҰиҜ„д»·\",\"menuType\":\"C\",\"orderNum\":4,\"params\":{},\"parentId\":3600,\"path\":\"satisfaction\",\"perms\":\"supervision:feedback:satisfaction\",\"query\":\"\",\"routeName\":\"\",\"status\":\"0\",\"updateBy\":\"admin\",\"visible\":\"0\"}', '{\"msg\":\"ж“ҚдҪңжҲҗеҠҹ\",\"code\":200}', '0', null, '2025-11-03 17:55:19', '25');
INSERT INTO `sys_oper_log` VALUES ('151', 'иҸңеҚ•з®ЎзҗҶ', '2', 'com.ruoyi.web.controller.system.SysMenuController.edit()', 'PUT', '1', 'admin', 'з ”еҸ‘йғЁй—Ё', '/system/menu', '127.0.0.1', 'еҶ…зҪ‘IP', '{\"children\":[],\"component\":\"supervision/institution/infoManage\",\"createTime\":\"2025-11-04 00:16:35\",\"icon\":\"list\",\"isCache\":\"0\",\"isFrame\":\"1\",\"menuId\":3107,\"menuName\":\"жңәжһ„дҝЎжҒҜз®ЎзҗҶ\",\"menuType\":\"C\",\"orderNum\":3,\"params\":{},\"parentId\":3100,\"path\":\"infoManage\",\"perms\":\"supervision:institution:info\",\"routeName\":\"\",\"status\":\"0\",\"updateBy\":\"admin\",\"visible\":\"1\"}', '{\"msg\":\"ж“ҚдҪңжҲҗеҠҹ\",\"code\":200}', '0', null, '2025-11-04 00:20:58', '30');
INSERT INTO `sys_oper_log` VALUES ('152', 'е…»иҖҒжңәжһ„е…Ҙй©»з”іиҜ·', '2', 'com.ruoyi.web.controller.pension.SupervisionInstitutionController.approve()', 'PUT', '1', 'admin', 'з ”еҸ‘йғЁй—Ё', '/pension/supervision/institution/approval/approve/2', '127.0.0.1', 'еҶ…зҪ‘IP', '2', '{\"msg\":\"ж“ҚдҪңжҲҗеҠҹ\",\"code\":200}', '0', null, '2025-11-04 00:39:58', '33');
INSERT INTO `sys_oper_log` VALUES ('153', 'и®ўеҚ•дё»иЎЁ', '1', 'com.ruoyi.web.controller.OrderInfoController.add()', 'POST', '1', 'admin', 'з ”еҸ‘йғЁй—Ё', '/order/info', '127.0.0.1', 'еҶ…зҪ‘IP', '{\"createTime\":\"2025-11-04 12:30:56\",\"orderAmount\":0,\"orderNo\":\"ORD17622306567572028\",\"orderStatus\":\"1\",\"orderType\":\"е…ҘдҪҸиҙ№\",\"paidAmount\":0,\"params\":{},\"paymentMethod\":\"alipay\",\"unpaidAmount\":0}', null, '1', '\r\n### Error updating database.  Cause: com.mysql.cj.jdbc.exceptions.MysqlDataTruncation: Data truncation: Data too long for column \'order_type\' at row 1\r\n### The error may exist in file [D:\\newhm\\newzijin\\ruoyi-admin\\target\\classes\\mapper\\OrderInfoMapper.xml]\r\n### The error may involve com.ruoyi.mapper.OrderInfoMapper.insertOrderInfo-Inline\r\n### The error occurred while setting parameters\r\n### SQL: insert into order_info          ( order_no,             order_type,                                                                 order_amount,             paid_amount,             order_status,             payment_method,                                                                                                        create_time )           values ( ?,             ?,                                                                 ?,             ?,             ?,             ?,                                                                                                        ? )\r\n### Cause: com.mysql.cj.jdbc.exceptions.MysqlDataTruncation: Data truncation: Data too long for column \'order_type\' at row 1\n; Data truncation: Data too long for column \'order_type\' at row 1; nested exception is com.mysql.cj.jdbc.exceptions.MysqlDataTruncation: Data truncation: Data too long for column \'order_type\' at row 1', '2025-11-04 12:30:56', '107');
INSERT INTO `sys_oper_log` VALUES ('154', 'жҸҗдәӨжңәжһ„е…Ҙй©»з”іиҜ·', '1', 'com.ruoyi.web.controller.PensionInstitutionController.submitApply()', 'POST', '1', 'admin', 'з ”еҸ‘йғЁй—Ё', '/pension/institution/apply/submit', '127.0.0.1', 'еҶ…зҪ‘IP', '{\"actualAddress\":\"жөӢиҜ•ең°еқҖ\",\"applyTime\":\"2025-11-09 22:37:42\",\"bedCount\":3,\"contactPerson\":\"йҳҝж–Ҝи’ӮиҠ¬\",\"contactPhone\":\"18539279011\",\"createTime\":\"2025-11-09 22:37:42\",\"creditCode\":\"91410100MA46TE2X81\",\"fixedAssets\":5.0,\"institutionId\":4,\"institutionName\":\"йҳҝж–Ҝи’ӮиҠ¬\",\"institutionType\":\"nursing_home\",\"params\":{},\"recordNumber\":\"1231323\",\"registeredAddress\":\"йҳҝж–Ҝи’ӮиҠ¬\",\"registeredCapital\":4.0,\"status\":\"0\"}', '{\"msg\":\"ж“ҚдҪңжҲҗеҠҹ\",\"code\":200}', '0', null, '2025-11-09 22:37:42', '44');
INSERT INTO `sys_oper_log` VALUES ('155', 'дҝқеӯҳжңәжһ„з”іиҜ·иҚүзЁҝ', '1', 'com.ruoyi.web.controller.PensionInstitutionController.saveDraft()', 'POST', '1', 'admin', 'з ”еҸ‘йғЁй—Ё', '/pension/institution/apply/draft', '127.0.0.1', 'еҶ…зҪ‘IP', '{\"actualAddress\":\"\",\"applyTime\":\"2025-11-09 22:49:07\",\"bedCount\":0,\"contactPerson\":\"\",\"contactPhone\":\"\",\"createTime\":\"2025-11-09 22:49:07\",\"creditCode\":\"\",\"fixedAssets\":0.0,\"institutionName\":\"\",\"institutionType\":\"\",\"params\":{},\"recordNumber\":\"\",\"registeredAddress\":\"\",\"registeredCapital\":0.0,\"status\":\"0\"}', null, '1', '\r\n### Error updating database.  Cause: java.sql.SQLException: Field \'institution_name\' doesn\'t have a default value\r\n### The error may exist in file [D:\\newhm\\newzijin\\ruoyi-admin\\target\\classes\\mapper\\PensionInstitutionMapper.xml]\r\n### The error may involve com.ruoyi.mapper.PensionInstitutionMapper.insertPensionInstitution-Inline\r\n### The error occurred while setting parameters\r\n### SQL: insert into pension_institution          ( registered_capital,                                                                                                                     bed_count,                                       fixed_assets,                                       status,             apply_time,                                                                              create_time )           values ( ?,                                                                                                                     ?,                                       ?,                                       ?,             ?,                                                                              ? )\r\n### Cause: java.sql.SQLException: Field \'institution_name\' doesn\'t have a default value\n; Field \'institution_name\' doesn\'t have a default value; nested exception is java.sql.SQLException: Field \'institution_name\' doesn\'t have a default value', '2025-11-09 22:49:07', '128');
INSERT INTO `sys_oper_log` VALUES ('156', 'дҝқеӯҳжңәжһ„з”іиҜ·иҚүзЁҝ', '1', 'com.ruoyi.web.controller.PensionInstitutionController.saveDraft()', 'POST', '1', 'admin', 'з ”еҸ‘йғЁй—Ё', '/pension/institution/apply/draft', '127.0.0.1', 'еҶ…зҪ‘IP', '{\"actualAddress\":\"21213\",\"applyTime\":\"2025-11-09 22:55:53\",\"bedCount\":4,\"contactPerson\":\"ASD\",\"contactPhone\":\"18539279011\",\"createTime\":\"2025-11-09 22:55:53\",\"creditCode\":\"91410100MA45TE2X81\",\"fixedAssets\":4.0,\"institutionId\":5,\"institutionName\":\"йҳҝж–Ҝи’ӮиҠ¬\",\"institutionType\":\"nursing_home\",\"params\":{},\"recordNumber\":\"4564564\",\"registeredAddress\":\"йҳҝж–Ҝи’ӮиҠ¬\",\"registeredCapital\":3.0,\"status\":\"0\"}', '{\"msg\":\"ж“ҚдҪңжҲҗеҠҹ\",\"code\":200}', '0', null, '2025-11-09 22:55:53', '17');
INSERT INTO `sys_oper_log` VALUES ('157', 'жҸҗдәӨжңәжһ„е…Ҙй©»з”іиҜ·', '1', 'com.ruoyi.web.controller.PensionInstitutionController.submitApply()', 'POST', '1', 'admin', 'з ”еҸ‘йғЁй—Ё', '/pension/institution/apply/submit', '127.0.0.1', 'еҶ…зҪ‘IP', '{\"actualAddress\":\"йҳҝж–Ҝи’ӮиҠ¬\",\"applyTime\":\"2025-11-09 23:34:27\",\"approvalCertificate\":\"http://localhost:8080/profile/upload/2025/11/09/banner2_20251109233422A002.png\",\"bedCount\":8,\"businessLicense\":\"http://localhost:8080/profile/upload/2025/11/09/01_20251109233419A001.jpg\",\"contactPerson\":\"зЁҚзӯү\",\"contactPhone\":\"18539279011\",\"createTime\":\"2025-11-09 23:34:27\",\"creditCode\":\"91410100MA45TE2X81\",\"establishedDate\":\"2025-11-02\",\"feeRange\":\"2000\",\"fixedAssets\":6.0,\"institutionId\":6,\"institutionName\":\"жөӢиҜ•1\",\"institutionType\":\"nursing_home\",\"organizer\":\"йҳҝж–Ҝи’ӮиҠ¬\",\"params\":{},\"recordNumber\":\"54545566\",\"registeredAddress\":\"йҳҝж–Ҝи’ӮиҠ¬\",\"registeredCapital\":2.0,\"responsibleAddress\":\"йҳҝж–Ҝи’ӮиҠ¬\",\"responsibleIdCard\":\"412829198908160073\",\"responsibleName\":\"йҳҝж–Ҝи’ӮиҠ¬\",\"responsiblePhone\":\"18539279011\",\"status\":\"0\",\"street\":\"йҳҝж–Ҝи’ӮиҠ¬\",\"supervisionAgreement\":\"http://localhost:8080/profile/upload/2025/11/09/banner3_20251109233425A003.png\"}', '{\"msg\":\"ж“ҚдҪңжҲҗеҠҹ\",\"code\":200}', '0', null, '2025-11-09 23:34:27', '34');
INSERT INTO `sys_oper_log` VALUES ('158', 'дҝқеӯҳжңәжһ„з”іиҜ·иҚүзЁҝ', '1', 'com.ruoyi.web.controller.PensionInstitutionController.saveDraft()', 'POST', '1', 'admin', 'з ”еҸ‘йғЁй—Ё', '/pension/institution/apply/draft', '127.0.0.1', 'еҶ…зҪ‘IP', '{\"actualAddress\":\"йҳҝж–Ҝи’ӮиҠ¬\",\"applyTime\":\"2025-11-09 23:37:09\",\"approvalCertificate\":\"http://localhost:8080/profile/upload/2025/11/09/banner2_20251109233704A005.png\",\"bedCount\":9,\"businessLicense\":\"http://localhost:8080/profile/upload/2025/11/09/01_20251109233701A004.jpg\",\"contactPerson\":\"йҳҝж–Ҝи’ӮиҠ¬\",\"contactPhone\":\"18539279011\",\"createTime\":\"2025-11-09 23:37:09\",\"creditCode\":\"91410100MA45TE2X81\",\"establishedDate\":\"2025-11-02\",\"feeRange\":\"3000\",\"fixedAssets\":10.0,\"institutionId\":7,\"institutionName\":\"жЈ®еІӣеёҶй«ҳ\",\"institutionType\":\"nursing_home\",\"organizer\":\"йҳҝж–Ҝи’ӮиҠ¬\",\"params\":{},\"recordNumber\":\"456456465\",\"registeredAddress\":\"йҳҝж–Ҝи’ӮиҠ¬\",\"registeredCapital\":3.0,\"responsibleAddress\":\"ж°ҙз”өиҙ№\",\"responsibleIdCard\":\"412829198908160073\",\"responsibleName\":\"йҳҝж–Ҝи’ӮиҠ¬\",\"responsiblePhone\":\"18539279011\",\"status\":\"0\",\"street\":\"иүҫеёҲеӮ…\",\"supervisionAgreement\":\"http://localhost:8080/profile/upload/2025/11/09/banner3_20251109233707A006.png\"}', '{\"msg\":\"ж“ҚдҪңжҲҗеҠҹ\",\"code\":200}', '0', null, '2025-11-09 23:37:09', '17');
INSERT INTO `sys_oper_log` VALUES ('159', 'дҝқеӯҳжңәжһ„з”іиҜ·иҚүзЁҝ', '1', 'com.ruoyi.web.controller.PensionInstitutionController.saveDraft()', 'POST', '1', 'admin', 'з ”еҸ‘йғЁй—Ё', '/pension/institution/apply/draft', '127.0.0.1', 'еҶ…зҪ‘IP', '{\"actualAddress\":\"йҳҝж–Ҝи’ӮиҠ¬\",\"applyTime\":\"2025-11-09 23:55:49\",\"approvalCertificate\":\"http://localhost:8080/profile/upload/2025/11/09/banner2_20251109235543A002.png\",\"bedCount\":4,\"businessLicense\":\"http://localhost:8080/profile/upload/2025/11/09/01_20251109235540A001.jpg\",\"contactPerson\":\"йҳҝж–Ҝи’ӮиҠ¬\",\"contactPhone\":\"18539279011\",\"createTime\":\"2025-11-09 23:55:49\",\"creditCode\":\"91410100MA45TE2X81\",\"establishedDate\":\"2025-11-02\",\"feeRange\":\"2000\",\"fixedAssets\":3.0,\"institutionId\":8,\"institutionName\":\"д№°д№°д№°\",\"institutionType\":\"nursing_home\",\"organizer\":\"йҳҝж–Ҝи’ӮиҠ¬\",\"params\":{},\"recordNumber\":\"45646456\",\"registeredAddress\":\"йҳҝж–Ҝи’ӮиҠ¬\",\"registeredCapital\":4.0,\"responsibleAddress\":\"йҳҝж–Ҝи’ӮиҠ¬\",\"responsibleIdCard\":\"412829198908160073\",\"responsibleName\":\"йҳҝж–Ҝи’ӮиҠ¬\",\"responsiblePhone\":\"18539279011\",\"status\":\"0\",\"street\":\"йҳҝж–Ҝи’ӮиҠ¬\",\"supervisionAgreement\":\"http://localhost:8080/profile/upload/2025/11/09/banner3_20251109235546A003.png\"}', '{\"msg\":\"ж“ҚдҪңжҲҗеҠҹ\",\"code\":200}', '0', null, '2025-11-09 23:55:49', '24');
INSERT INTO `sys_oper_log` VALUES ('160', 'дҝқеӯҳжңәжһ„з”іиҜ·иҚүзЁҝ', '1', 'com.ruoyi.web.controller.PensionInstitutionController.saveDraft()', 'POST', '1', 'admin', 'з ”еҸ‘йғЁй—Ё', '/pension/institution/apply/draft', '127.0.0.1', 'еҶ…зҪ‘IP', '{\"actualAddress\":\"йҳҝж–Ҝи’ӮиҠ¬\",\"applyTime\":\"2025-11-10 00:30:36\",\"approvalCertificate\":\"http://localhost:8080/profile/upload/2025/11/10/banner2_20251110003027A002.png\",\"bedCount\":4,\"businessLicense\":\"http://localhost:8080/profile/upload/2025/11/10/01_20251110003022A001.jpg\",\"contactPerson\":\"йҳҝж–Ҝи’ӮиҠ¬\",\"contactPhone\":\"18539279011\",\"createTime\":\"2025-11-10 00:30:36\",\"creditCode\":\"91410100MA45TE2X81\",\"establishedDate\":\"2025-11-01\",\"feeRange\":\"2000\",\"fixedAssets\":5.0,\"institutionId\":9,\"institutionName\":\"121жқҘжқҘжқҘ\",\"institutionType\":\"nursing_home\",\"organizer\":\"йҳҝж–Ҝи’ӮиҠ¬\",\"params\":{},\"recordNumber\":\"456456\",\"registeredAddress\":\"йҳҝж–Ҝи’ӮиҠ¬йҳҝж–Ҝи’ӮиҠ¬\",\"registeredCapital\":12.0,\"responsibleAddress\":\"йҳҝж–Ҝи’ӮиҠ¬\",\"responsibleIdCard\":\"412829198908160073\",\"responsibleName\":\"йҳҝж–Ҝи’ӮиҠ¬\",\"responsiblePhone\":\"18539279011\",\"status\":\"0\",\"street\":\"йҳҝж–Ҝи’ӮиҠ¬\",\"supervisionAgreement\":\"http://localhost:8080/profile/upload/2025/11/10/banner3_20251110003031A003.png\"}', '{\"msg\":\"ж“ҚдҪңжҲҗеҠҹ\",\"code\":200}', '0', null, '2025-11-10 00:30:36', '103');
INSERT INTO `sys_oper_log` VALUES ('161', 'дҝқеӯҳжңәжһ„з”іиҜ·иҚүзЁҝ', '1', 'com.ruoyi.web.controller.PensionInstitutionController.saveDraft()', 'POST', '1', 'admin', 'з ”еҸ‘йғЁй—Ё', '/pension/institution/apply/draft', '127.0.0.1', 'еҶ…зҪ‘IP', '{\"actualAddress\":\"йҳҝж–Ҝи’ӮиҠ¬\",\"applyTime\":\"2025-11-10 00:36:32\",\"approvalCertificate\":\"http://localhost:8080/profile/upload/2025/11/10/banner2_20251110003027A002.png\",\"bedCount\":4,\"businessLicense\":\"http://localhost:8080/profile/upload/2025/11/10/01_20251110003022A001.jpg\",\"contactPerson\":\"йҳҝж–Ҝи’ӮиҠ¬\",\"contactPhone\":\"18539279011\",\"createTime\":\"2025-11-10 00:36:32\",\"creditCode\":\"91410100MA45TE2X81\",\"establishedDate\":\"2025-11-01\",\"feeRange\":\"2000\",\"fixedAssets\":5.0,\"institutionId\":10,\"institutionName\":\"121жқҘжқҘжқҘ\",\"institutionType\":\"nursing_home\",\"organizer\":\"йҳҝж–Ҝи’ӮиҠ¬\",\"params\":{},\"recordNumber\":\"456456\",\"registeredAddress\":\"йҳҝж–Ҝи’ӮиҠ¬йҳҝж–Ҝи’ӮиҠ¬\",\"registeredCapital\":12.0,\"responsibleAddress\":\"йҳҝж–Ҝи’ӮиҠ¬\",\"responsibleIdCard\":\"412829198908160073\",\"responsibleName\":\"йҳҝж–Ҝи’ӮиҠ¬\",\"responsiblePhone\":\"18539279011\",\"status\":\"0\",\"street\":\"йҳҝж–Ҝи’ӮиҠ¬\",\"supervisionAgreement\":\"http://localhost:8080/profile/upload/2025/11/10/banner3_20251110003031A003.png\"}', '{\"msg\":\"ж“ҚдҪңжҲҗеҠҹ\",\"code\":200}', '0', null, '2025-11-10 00:36:33', '15');
INSERT INTO `sys_oper_log` VALUES ('162', 'дҝқеӯҳжңәжһ„з”іиҜ·иҚүзЁҝ', '1', 'com.ruoyi.web.controller.PensionInstitutionController.saveDraft()', 'POST', '1', 'admin', 'з ”еҸ‘йғЁй—Ё', '/pension/institution/apply/draft', '127.0.0.1', 'еҶ…зҪ‘IP', '{\"actualAddress\":\"йҳҝж–Ҝи’ӮиҠ¬\",\"applyTime\":\"2025-11-10 00:42:22\",\"approvalCertificate\":\"http://localhost:8080/profile/upload/2025/11/10/banner2_20251110004216A002.png\",\"bedCount\":3,\"businessLicense\":\"http://localhost:8080/profile/upload/2025/11/10/01_20251110004213A001.jpg\",\"contactPerson\":\"жҡ—е®ӨйҖўзҒҜ\",\"contactPhone\":\"18539279011\",\"createTime\":\"2025-11-10 00:42:22\",\"creditCode\":\"91410100MA45TE2X81\",\"establishedDate\":\"2025-11-02\",\"feeRange\":\"2000\",\"fixedAssets\":6.0,\"institutionId\":11,\"institutionName\":\"жқҘдәҶжқҘдәҶ\",\"institutionType\":\"nursing_home\",\"organizer\":\"йҳҝж–Ҝи’ӮиҠ¬\",\"params\":{},\"recordNumber\":\"йҳҝж–Ҝи’ӮиҠ¬\",\"registeredAddress\":\"йҳҝж–Ҝи’ӮиҠ¬\",\"registeredCapital\":3.0,\"responsibleAddress\":\"йҳҝж–Ҝи’ӮиҠ¬\",\"responsibleIdCard\":\"412829198908160073\",\"responsibleName\":\"йҳҝж–Ҝи’ӮиҠ¬\",\"responsiblePhone\":\"18539279011\",\"status\":\"0\",\"street\":\"йҳҝж–Ҝи’ӮиҠ¬\",\"supervisionAgreement\":\"http://localhost:8080/profile/upload/2025/11/10/banner3_20251110004220A003.png\"}', '{\"msg\":\"ж“ҚдҪңжҲҗеҠҹ\",\"code\":200}', '0', null, '2025-11-10 00:42:22', '94');
INSERT INTO `sys_oper_log` VALUES ('163', 'дҝқеӯҳжңәжһ„з”іиҜ·иҚүзЁҝ', '1', 'com.ruoyi.web.controller.PensionInstitutionController.saveDraft()', 'POST', '1', 'admin', 'з ”еҸ‘йғЁй—Ё', '/pension/institution/apply/draft', '127.0.0.1', 'еҶ…зҪ‘IP', '{\"actualAddress\":\"йҳҝж–Ҝи’ӮиҠ¬\",\"applyTime\":\"2025-11-10 00:43:20\",\"approvalCertificate\":\"http://localhost:8080/profile/upload/2025/11/10/banner2_20251110004216A002.png\",\"bedCount\":3,\"businessLicense\":\"http://localhost:8080/profile/upload/2025/11/10/01_20251110004213A001.jpg\",\"contactPerson\":\"жҡ—е®ӨйҖўзҒҜ\",\"contactPhone\":\"18539279011\",\"createTime\":\"2025-11-10 00:43:20\",\"creditCode\":\"91410100MA45TE2X81\",\"establishedDate\":\"2025-11-02\",\"feeRange\":\"2000\",\"fixedAssets\":6.0,\"institutionId\":12,\"institutionName\":\"жқҘдәҶжқҘдәҶ\",\"institutionType\":\"nursing_home\",\"organizer\":\"йҳҝж–Ҝи’ӮиҠ¬\",\"params\":{},\"recordNumber\":\"йҳҝж–Ҝи’ӮиҠ¬\",\"registeredAddress\":\"йҳҝж–Ҝи’ӮиҠ¬\",\"registeredCapital\":3.0,\"responsibleAddress\":\"йҳҝж–Ҝи’ӮиҠ¬\",\"responsibleIdCard\":\"412829198908160073\",\"responsibleName\":\"йҳҝж–Ҝи’ӮиҠ¬\",\"responsiblePhone\":\"18539279011\",\"status\":\"0\",\"street\":\"йҳҝж–Ҝи’ӮиҠ¬\",\"supervisionAgreement\":\"http://localhost:8080/profile/upload/2025/11/10/banner3_20251110004220A003.png\"}', '{\"msg\":\"ж“ҚдҪңжҲҗеҠҹ\",\"code\":200}', '0', null, '2025-11-10 00:43:20', '28');
INSERT INTO `sys_oper_log` VALUES ('164', 'дҝқеӯҳжңәжһ„з”іиҜ·иҚүзЁҝ', '1', 'com.ruoyi.web.controller.PensionInstitutionController.saveDraft()', 'POST', '1', 'admin', 'з ”еҸ‘йғЁй—Ё', '/pension/institution/apply/draft', '127.0.0.1', 'еҶ…зҪ‘IP', '{\"actualAddress\":\"йҳҝж–Ҝи’ӮиҠ¬\",\"applyTime\":\"2025-11-10 00:44:43\",\"approvalCertificate\":\"http://localhost:8080/profile/upload/2025/11/10/banner2_20251110004439A005.png\",\"bedCount\":3,\"businessLicense\":\"http://localhost:8080/profile/upload/2025/11/10/01_20251110004437A004.jpg\",\"contactPerson\":\"йҳҝж–Ҝи’ӮиҠ¬\",\"contactPhone\":\"18539279011\",\"createTime\":\"2025-11-10 00:44:43\",\"creditCode\":\"91410100MA45TE2X81\",\"establishedDate\":\"2025-11-03\",\"feeRange\":\"2000\",\"fixedAssets\":3.0,\"institutionId\":13,\"institutionName\":\"з”·з”·еҘіеҘі\",\"institutionType\":\"service_center\",\"organizer\":\"йҳҝж–Ҝи’ӮиҠ¬\",\"params\":{},\"recordNumber\":\"2123132\",\"registeredAddress\":\"йҳҝж–Ҝи’ӮиҠ¬\",\"registeredCapital\":2.0,\"responsibleAddress\":\"йҳҝж–Ҝи’ӮиҠ¬\",\"responsibleIdCard\":\"412829198908160073\",\"responsibleName\":\"йҳҝж–Ҝи’ӮиҠ¬\",\"responsiblePhone\":\"18539279011\",\"status\":\"0\",\"street\":\"йҳҝж–Ҝи’ӮиҠ¬\",\"supervisionAgreement\":\"http://localhost:8080/profile/upload/2025/11/10/banner3_20251110004442A006.png\"}', '{\"msg\":\"ж“ҚдҪңжҲҗеҠҹ\",\"code\":200}', '0', null, '2025-11-10 00:44:43', '19');
INSERT INTO `sys_oper_log` VALUES ('165', 'дҝқеӯҳжңәжһ„з”іиҜ·иҚүзЁҝ', '1', 'com.ruoyi.web.controller.PensionInstitutionController.saveDraft()', 'POST', '1', 'admin', 'з ”еҸ‘йғЁй—Ё', '/pension/institution/apply/draft', '127.0.0.1', 'еҶ…зҪ‘IP', '{\"actualAddress\":\"йҳҝж–Ҝи’ӮиҠ¬\",\"approvalCertificate\":\"http://localhost:8080/profile/upload/2025/11/10/banner2_20251110005422A002.png\",\"bedCount\":6,\"businessLicense\":\"http://localhost:8080/profile/upload/2025/11/10/01_20251110005419A001.jpg\",\"contactPerson\":\"йҳҝж–Ҝи’ӮиҠ¬\",\"contactPhone\":\"18539279011\",\"createTime\":\"2025-11-10 00:54:27\",\"creditCode\":\"91410100MA45TE2X81\",\"establishedDate\":\"2025-11-02\",\"feeRange\":\"2000-5000\",\"fixedAssets\":7.0,\"institutionId\":14,\"institutionName\":\"е…«зҷҫж Үе…өеҘ”еҢ—еқЎ\",\"institutionType\":\"nursing_home\",\"organizer\":\"жҡ—е®ӨйҖўзҒҜ\",\"params\":{},\"recordNumber\":\"456456\",\"registeredAddress\":\"йҳҝж–Ҝи’ӮиҠ¬йҳҝж–Ҝи’ӮиҠ¬\",\"registeredCapital\":4.0,\"responsibleAddress\":\"ж°ҙз”өиҙ№\",\"responsibleIdCard\":\"412829198908160073\",\"responsibleName\":\"йҳҝж–Ҝи’ӮиҠ¬\",\"responsiblePhone\":\"18539279011\",\"status\":\"4\",\"street\":\"йҳҝж–Ҝи’ӮиҠ¬\",\"supervisionAgreement\":\"http://localhost:8080/profile/upload/2025/11/10/banner3_20251110005425A003.png\"}', '{\"msg\":\"ж“ҚдҪңжҲҗеҠҹ\",\"code\":200}', '0', null, '2025-11-10 00:54:28', '105');
INSERT INTO `sys_oper_log` VALUES ('166', 'дҝқеӯҳжңәжһ„з”іиҜ·иҚүзЁҝ', '1', 'com.ruoyi.web.controller.PensionInstitutionController.saveDraft()', 'POST', '1', 'admin', 'з ”еҸ‘йғЁй—Ё', '/pension/institution/apply/draft', '127.0.0.1', 'еҶ…зҪ‘IP', '{\"actualAddress\":\"йҳҝж–Ҝи’ӮиҠ¬\",\"approvalCertificate\":\"http://localhost:8080/profile/upload/2025/11/10/banner2_20251110005422A002.png\",\"bedCount\":6,\"businessLicense\":\"http://localhost:8080/profile/upload/2025/11/10/01_20251110005419A001.jpg\",\"contactPerson\":\"йҳҝж–Ҝи’ӮиҠ¬\",\"contactPhone\":\"18539279011\",\"creditCode\":\"91410100MA45TE2X81\",\"establishedDate\":\"2025-11-02\",\"feeRange\":\"2000-5000\",\"fixedAssets\":7.0,\"institutionId\":14,\"institutionName\":\"е…«зҷҫж Үе…өеҘ”еҢ—еқЎ\",\"institutionType\":\"nursing_home\",\"organizer\":\"жҡ—е®ӨйҖўзҒҜ\",\"params\":{},\"recordNumber\":\"456456\",\"registeredAddress\":\"йҳҝж–Ҝи’ӮиҠ¬йҳҝж–Ҝи’ӮиҠ¬\",\"registeredCapital\":4.0,\"responsibleAddress\":\"ж°ҙз”өиҙ№\",\"responsibleIdCard\":\"412829198908160073\",\"responsibleName\":\"йҳҝж–Ҝи’ӮиҠ¬\",\"responsiblePhone\":\"18539279011\",\"status\":\"4\",\"street\":\"йҳҝж–Ҝи’ӮиҠ¬\",\"supervisionAgreement\":\"http://localhost:8080/profile/upload/2025/11/10/banner3_20251110005425A003.png\",\"updateTime\":\"2025-11-10 01:01:23\"}', '{\"msg\":\"ж“ҚдҪңжҲҗеҠҹ\",\"code\":200}', '0', null, '2025-11-10 01:01:23', '31');
INSERT INTO `sys_oper_log` VALUES ('167', 'дҝқеӯҳжңәжһ„з”іиҜ·иҚүзЁҝ', '1', 'com.ruoyi.web.controller.PensionInstitutionController.saveDraft()', 'POST', '1', 'admin', 'з ”еҸ‘йғЁй—Ё', '/pension/institution/apply/draft', '127.0.0.1', 'еҶ…зҪ‘IP', '{\"actualAddress\":\"йҳҝж–Ҝи’ӮиҠ¬\",\"approvalCertificate\":\"http://localhost:8080/profile/upload/2025/11/10/banner2_20251110005422A002.png\",\"bankAccount\":\"456456\",\"bedCount\":6,\"businessLicense\":\"http://localhost:8080/profile/upload/2025/11/10/01_20251110005419A001.jpg\",\"contactPerson\":\"йҳҝж–Ҝи’ӮиҠ¬\",\"contactPhone\":\"18539279011\",\"creditCode\":\"91410100MA45TE2X81\",\"establishedDate\":\"2025-11-02\",\"feeRange\":\"2000-5000\",\"fixedAssets\":7.0,\"institutionId\":14,\"institutionName\":\"е…«зҷҫж Үе…өеҘ”еҢ—еқЎ\",\"institutionType\":\"nursing_home\",\"organizer\":\"жҡ—е®ӨйҖўзҒҜ\",\"params\":{},\"recordNumber\":\"456456\",\"registeredAddress\":\"йҳҝж–Ҝи’ӮиҠ¬йҳҝж–Ҝи’ӮиҠ¬\",\"registeredCapital\":4.0,\"responsibleAddress\":\"ж°ҙз”өиҙ№\",\"responsibleIdCard\":\"412829198908160073\",\"responsibleName\":\"йҳҝж–Ҝи’ӮиҠ¬\",\"responsiblePhone\":\"18539279011\",\"status\":\"4\",\"street\":\"йҳҝж–Ҝи’ӮиҠ¬\",\"superviseAccount\":\"4564564\",\"supervisionAgreement\":\"http://localhost:8080/profile/upload/2025/11/10/banner3_20251110005425A003.png\",\"updateTime\":\"2025-11-10 01:11:05\"}', '{\"msg\":\"ж“ҚдҪңжҲҗеҠҹ\",\"code\":200}', '0', null, '2025-11-10 01:11:05', '33');
INSERT INTO `sys_oper_log` VALUES ('168', 'жҸҗдәӨжңәжһ„е…Ҙй©»з”іиҜ·', '1', 'com.ruoyi.web.controller.PensionInstitutionController.submitApply()', 'POST', '1', 'admin', 'з ”еҸ‘йғЁй—Ё', '/pension/institution/apply/submit', '127.0.0.1', 'еҶ…зҪ‘IP', '{\"actualAddress\":\"йҳҝж–Ҝи’ӮиҠ¬\",\"applyTime\":\"2025-11-10 02:08:41\",\"approvalCertificate\":\"http://localhost:8080/profile/upload/2025/11/10/banner2_20251110005422A002.png\",\"bankAccount\":\"456456\",\"bedCount\":6,\"businessLicense\":\"http://localhost:8080/profile/upload/2025/11/10/01_20251110005419A001.jpg\",\"contactPerson\":\"йҳҝж–Ҝи’ӮиҠ¬\",\"contactPhone\":\"18539279011\",\"creditCode\":\"91410100MA45TE2X81\",\"establishedDate\":\"2025-11-02\",\"feeRange\":\"2000-5000\",\"fixedAssets\":7.0,\"institutionId\":14,\"institutionName\":\"е…«зҷҫж Үе…өеҘ”еҢ—еқЎ\",\"institutionType\":\"nursing_home\",\"organizer\":\"жҡ—е®ӨйҖўзҒҜ\",\"params\":{},\"recordNumber\":\"456456\",\"registeredAddress\":\"йҳҝж–Ҝи’ӮиҠ¬йҳҝж–Ҝи’ӮиҠ¬\",\"registeredCapital\":4.0,\"responsibleAddress\":\"ж°ҙз”өиҙ№\",\"responsibleIdCard\":\"412829198908160073\",\"responsibleName\":\"йҳҝж–Ҝи’ӮиҠ¬\",\"responsiblePhone\":\"18539279011\",\"status\":\"0\",\"street\":\"йҳҝж–Ҝи’ӮиҠ¬\",\"superviseAccount\":\"4564564\",\"supervisionAgreement\":\"http://localhost:8080/profile/upload/2025/11/10/banner3_20251110005425A003.png\",\"updateTime\":\"2025-11-10 02:08:41\"}', '{\"msg\":\"ж“ҚдҪңжҲҗеҠҹ\",\"code\":200}', '0', null, '2025-11-10 02:08:41', '37');
INSERT INTO `sys_oper_log` VALUES ('169', 'е…»иҖҒжңәжһ„е…Ҙй©»з”іиҜ·', '2', 'com.ruoyi.web.controller.pension.SupervisionInstitutionController.approve()', 'PUT', '1', 'admin', 'з ”еҸ‘йғЁй—Ё', '/pension/supervision/institution/approval/approve/13', '127.0.0.1', 'еҶ…зҪ‘IP', '13', '{\"msg\":\"ж“ҚдҪңжҲҗеҠҹ\",\"code\":200}', '0', null, '2025-11-10 02:12:07', '13');
INSERT INTO `sys_oper_log` VALUES ('170', 'и§’иүІз®ЎзҗҶ', '1', 'com.ruoyi.web.controller.system.SysRoleController.add()', 'POST', '1', 'admin', 'з ”еҸ‘йғЁй—Ё', '/system/role', '127.0.0.1', 'еҶ…зҪ‘IP', '{\"admin\":false,\"createBy\":\"admin\",\"deptCheckStrictly\":true,\"deptIds\":[],\"flag\":false,\"menuCheckStrictly\":true,\"menuIds\":[2000,2001,2010,2011,2012,2013,2020,2021,2030,2031,2032,2040,2041,2050,2051,2052,2060,2061,2062,2070,2071,2072,2080,2090],\"params\":{},\"roleId\":100,\"roleKey\":\"jigoumanage\",\"roleName\":\"жңәжһ„з®ЎзҗҶе‘ҳ\",\"roleSort\":3,\"status\":\"0\"}', '{\"msg\":\"ж“ҚдҪңжҲҗеҠҹ\",\"code\":200}', '0', null, '2025-11-10 02:20:16', '41');
INSERT INTO `sys_oper_log` VALUES ('171', 'йғЁй—Ёз®ЎзҗҶ', '2', 'com.ruoyi.web.controller.system.SysDeptController.edit()', 'PUT', '1', 'admin', 'з ”еҸ‘йғЁй—Ё', '/system/dept', '127.0.0.1', 'еҶ…зҪ‘IP', '{\"ancestors\":\"0\",\"children\":[],\"deptId\":100,\"deptName\":\"жөӢиҜ•з®ЎзҗҶе‘ҳ\",\"email\":\"ry@qq.com\",\"leader\":\"жөӢиҜ•з®ЎзҗҶе‘ҳ\",\"orderNum\":0,\"params\":{},\"parentId\":0,\"phone\":\"15888888888\",\"status\":\"0\",\"updateBy\":\"admin\"}', '{\"msg\":\"ж“ҚдҪңжҲҗеҠҹ\",\"code\":200}', '0', null, '2025-11-10 02:20:57', '15');
INSERT INTO `sys_oper_log` VALUES ('172', 'иҸңеҚ•з®ЎзҗҶ', '3', 'com.ruoyi.web.controller.system.SysMenuController.remove()', 'DELETE', '1', 'admin', 'з ”еҸ‘йғЁй—Ё', '/system/menu/4', '127.0.0.1', 'еҶ…зҪ‘IP', '4', '{\"msg\":\"иҸңеҚ•е·ІеҲҶй…Қ,дёҚе…Ғи®ёеҲ йҷӨ\",\"code\":601}', '0', null, '2025-11-10 02:21:48', '5');
INSERT INTO `sys_oper_log` VALUES ('173', 'иҸңеҚ•з®ЎзҗҶ', '2', 'com.ruoyi.web.controller.system.SysMenuController.edit()', 'PUT', '1', 'admin', 'з ”еҸ‘йғЁй—Ё', '/system/menu', '127.0.0.1', 'еҶ…зҪ‘IP', '{\"children\":[],\"createTime\":\"2025-10-28 02:47:08\",\"icon\":\"guide\",\"isCache\":\"0\",\"isFrame\":\"0\",\"menuId\":4,\"menuName\":\"иӢҘдҫқе®ҳзҪ‘\",\"menuType\":\"M\",\"orderNum\":4,\"params\":{},\"parentId\":0,\"path\":\"baidu.com\",\"perms\":\"\",\"query\":\"\",\"routeName\":\"\",\"status\":\"0\",\"visible\":\"1\"}', '{\"msg\":\"дҝ®ж”№иҸңеҚ•\'иӢҘдҫқе®ҳзҪ‘\'еӨұиҙҘпјҢең°еқҖеҝ…йЎ»д»Ҙhttp(s)://ејҖеӨҙ\",\"code\":500}', '0', null, '2025-11-10 02:22:10', '7');
INSERT INTO `sys_oper_log` VALUES ('174', 'иҸңеҚ•з®ЎзҗҶ', '2', 'com.ruoyi.web.controller.system.SysMenuController.edit()', 'PUT', '1', 'admin', 'з ”еҸ‘йғЁй—Ё', '/system/menu', '127.0.0.1', 'еҶ…зҪ‘IP', '{\"children\":[],\"createTime\":\"2025-10-28 02:47:08\",\"icon\":\"guide\",\"isCache\":\"0\",\"isFrame\":\"0\",\"menuId\":4,\"menuName\":\"иӢҘдҫқе®ҳзҪ‘\",\"menuType\":\"M\",\"orderNum\":4,\"params\":{},\"parentId\":0,\"path\":\"http://baidu.com\",\"perms\":\"\",\"query\":\"\",\"routeName\":\"\",\"status\":\"1\",\"updateBy\":\"admin\",\"visible\":\"1\"}', '{\"msg\":\"ж“ҚдҪңжҲҗеҠҹ\",\"code\":200}', '0', null, '2025-11-10 02:22:21', '25');
INSERT INTO `sys_oper_log` VALUES ('175', 'иҸңеҚ•з®ЎзҗҶ', '3', 'com.ruoyi.web.controller.system.SysMenuController.remove()', 'DELETE', '1', 'admin', 'з ”еҸ‘йғЁй—Ё', '/system/menu/4', '127.0.0.1', 'еҶ…зҪ‘IP', '4', '{\"msg\":\"иҸңеҚ•е·ІеҲҶй…Қ,дёҚе…Ғи®ёеҲ йҷӨ\",\"code\":601}', '0', null, '2025-11-10 02:22:24', '6');
INSERT INTO `sys_oper_log` VALUES ('176', 'з”ЁжҲ·з®ЎзҗҶ', '1', 'com.ruoyi.web.controller.system.SysUserController.add()', 'POST', '1', 'admin', 'з ”еҸ‘йғЁй—Ё', '/system/user', '127.0.0.1', 'еҶ…зҪ‘IP', '{\"admin\":false,\"createBy\":\"admin\",\"nickName\":\"жңәжһ„жөӢиҜ•е‘ҳ\",\"params\":{},\"postIds\":[],\"roleIds\":[100],\"status\":\"0\",\"userId\":101,\"userName\":\"jigouuser\"}', '{\"msg\":\"ж“ҚдҪңжҲҗеҠҹ\",\"code\":200}', '0', null, '2025-11-10 02:23:12', '67');
INSERT INTO `sys_oper_log` VALUES ('177', 'еІ—дҪҚз®ЎзҗҶ', '1', 'com.ruoyi.web.controller.system.SysPostController.add()', 'POST', '1', 'admin', 'з ”еҸ‘йғЁй—Ё', '/system/post', '127.0.0.1', 'еҶ…зҪ‘IP', '{\"createBy\":\"admin\",\"flag\":false,\"params\":{},\"postCode\":\"jgglgw\",\"postId\":5,\"postName\":\"жңәжһ„з®ЎзҗҶеІ—дҪҚ\",\"postSort\":0,\"status\":\"0\"}', '{\"msg\":\"ж“ҚдҪңжҲҗеҠҹ\",\"code\":200}', '0', null, '2025-11-10 02:23:52', '41');
INSERT INTO `sys_oper_log` VALUES ('178', 'дҝқеӯҳжңәжһ„з”іиҜ·иҚүзЁҝ', '1', 'com.ruoyi.web.controller.PensionInstitutionController.saveDraft()', 'POST', '1', 'jigouuser', null, '/pension/institution/apply/draft', '127.0.0.1', 'еҶ…зҪ‘IP', '{\"actualAddress\":\"йҳҝж–Ҝи’ӮиҠ¬\",\"approvalCertificate\":\"http://localhost:8080/profile/upload/2025/11/10/01_20251110025927A002.jpg\",\"bankAccount\":\"45645646\",\"bedCount\":5,\"businessLicense\":\"http://localhost:8080/profile/upload/2025/11/10/banner2_20251110025925A001.png\",\"contactPerson\":\"йҳҝж–Ҝи’ӮиҠ¬\",\"contactPhone\":\"18539279011\",\"createTime\":\"2025-11-10 02:59:30\",\"creditCode\":\"91410100MA45TE2X81\",\"establishedDate\":\"2025-11-01\",\"feeRange\":\"2000\",\"fixedAssets\":8.0,\"institutionId\":15,\"institutionName\":\"йҮҚдёӯд№ӢйҮҚ\",\"institutionType\":\"nursing_home\",\"organizer\":\"йҳҝж–Ҝи’ӮиҠ¬\",\"params\":{},\"recordNumber\":\"45465\",\"registeredAddress\":\"йҳҝж–Ҝи’ӮиҠ¬\",\"registeredCapital\":2.0,\"responsibleAddress\":\"йҳҝж–Ҝи’ӮиҠ¬\",\"responsibleIdCard\":\"412829198908160073\",\"responsibleName\":\"йҳҝж–Ҝи’ӮиҠ¬\",\"responsiblePhone\":\"18539279011\",\"status\":\"4\",\"street\":\"ж°ҙз”өиҙ№\",\"superviseAccount\":\"456456456\",\"supervisionAgreement\":\"\"}', '{\"msg\":\"ж“ҚдҪңжҲҗеҠҹ\",\"code\":200}', '0', null, '2025-11-10 02:59:30', '44');
INSERT INTO `sys_oper_log` VALUES ('179', 'дёӘдәәдҝЎжҒҜ', '2', 'com.ruoyi.web.controller.system.SysProfileController.updateProfile()', 'PUT', '1', 'admin', 'з ”еҸ‘йғЁй—Ё', '/system/user/profile', '127.0.0.1', 'еҶ…зҪ‘IP', '{\"admin\":false,\"email\":\"ry@163.com\",\"nickName\":\"и¶…з®Ў\",\"params\":{},\"phonenumber\":\"15888888888\",\"sex\":\"1\"}', '{\"msg\":\"ж“ҚдҪңжҲҗеҠҹ\",\"code\":200}', '0', null, '2025-11-10 03:01:33', '28');
INSERT INTO `sys_oper_log` VALUES ('180', 'дҝқеӯҳжңәжһ„з”іиҜ·иҚүзЁҝ', '1', 'com.ruoyi.web.controller.PensionInstitutionController.saveDraft()', 'POST', '1', 'jigouuser', null, '/pension/institution/apply/draft', '127.0.0.1', 'еҶ…зҪ‘IP', '{\"actualAddress\":\"йҳҝж–Ҝи’ӮиҠ¬\",\"approvalCertificate\":\"http://localhost:8080/profile/upload/2025/11/10/01_20251110025927A002.jpg\",\"bankAccount\":\"45645646\",\"bedCount\":5,\"businessLicense\":\"http://localhost:8080/profile/upload/2025/11/10/banner2_20251110025925A001.png\",\"contactPerson\":\"йҳҝж–Ҝи’ӮиҠ¬\",\"contactPhone\":\"18539279011\",\"creditCode\":\"91410100MA45TE2X81\",\"establishedDate\":\"2025-11-01\",\"feeRange\":\"2000\",\"fixedAssets\":8.0,\"institutionId\":15,\"institutionName\":\"йҮҚдёӯд№ӢйҮҚ\",\"institutionType\":\"nursing_home\",\"organizer\":\"йҳҝж–Ҝи’ӮиҠ¬\",\"params\":{},\"recordNumber\":\"45465\",\"registeredAddress\":\"йҳҝж–Ҝи’ӮиҠ¬\",\"registeredCapital\":2.0,\"responsibleAddress\":\"йҳҝж–Ҝи’ӮиҠ¬\",\"responsibleIdCard\":\"412829198908160073\",\"responsibleName\":\"йҳҝж–Ҝи’ӮиҠ¬\",\"responsiblePhone\":\"18539279011\",\"status\":\"4\",\"street\":\"ж°ҙз”өиҙ№\",\"superviseAccount\":\"456456456\",\"supervisionAgreement\":\"http://localhost:8080/profile/upload/2025/11/10/banner3_20251110031308A001.png\",\"updateTime\":\"2025-11-10 03:13:10\"}', '{\"msg\":\"ж“ҚдҪңжҲҗеҠҹ\",\"code\":200}', '0', null, '2025-11-10 03:13:10', '36');
INSERT INTO `sys_oper_log` VALUES ('181', 'жҸҗдәӨжңәжһ„е…Ҙй©»з”іиҜ·', '1', 'com.ruoyi.web.controller.PensionInstitutionController.submitApply()', 'POST', '1', 'jigouuser', null, '/pension/institution/apply/submit', '127.0.0.1', 'еҶ…зҪ‘IP', '{\"actualAddress\":\"йҳҝж–Ҝи’ӮиҠ¬\",\"applyTime\":\"2025-11-10 03:13:31\",\"approvalCertificate\":\"http://localhost:8080/profile/upload/2025/11/10/01_20251110025927A002.jpg\",\"bankAccount\":\"45645646\",\"bedCount\":5,\"businessLicense\":\"http://localhost:8080/profile/upload/2025/11/10/banner2_20251110025925A001.png\",\"contactPerson\":\"йҳҝж–Ҝи’ӮиҠ¬\",\"contactPhone\":\"18539279011\",\"creditCode\":\"91410100MA45TE2X81\",\"establishedDate\":\"2025-11-01\",\"feeRange\":\"2000\",\"fixedAssets\":8.0,\"institutionId\":15,\"institutionName\":\"йҮҚдёӯд№ӢйҮҚ\",\"institutionType\":\"nursing_home\",\"organizer\":\"йҳҝж–Ҝи’ӮиҠ¬\",\"params\":{},\"recordNumber\":\"45465\",\"registeredAddress\":\"йҳҝж–Ҝи’ӮиҠ¬\",\"registeredCapital\":2.0,\"responsibleAddress\":\"йҳҝж–Ҝи’ӮиҠ¬\",\"responsibleIdCard\":\"412829198908160073\",\"responsibleName\":\"йҳҝж–Ҝи’ӮиҠ¬\",\"responsiblePhone\":\"18539279011\",\"status\":\"0\",\"street\":\"ж°ҙз”өиҙ№\",\"superviseAccount\":\"456456456\",\"supervisionAgreement\":\"http://localhost:8080/profile/upload/2025/11/10/banner3_20251110031308A001.png\",\"updateTime\":\"2025-11-10 03:13:31\"}', '{\"msg\":\"ж“ҚдҪңжҲҗеҠҹ\",\"code\":200}', '0', null, '2025-11-10 03:13:31', '15');
INSERT INTO `sys_oper_log` VALUES ('182', 'дҝқеӯҳжңәжһ„з”іиҜ·иҚүзЁҝ', '1', 'com.ruoyi.web.controller.PensionInstitutionController.saveDraft()', 'POST', '1', 'admin', 'з ”еҸ‘йғЁй—Ё', '/pension/institution/apply/draft', '127.0.0.1', 'еҶ…зҪ‘IP', '{\"actualAddress\":\"йҳҝж–Ҝи’ӮиҠ¬\",\"approvalCertificate\":\"http://localhost:8080/profile/upload/2025/11/10/banner2_20251110032850A002.png\",\"bankAccount\":\"64546\",\"bedCount\":4,\"businessLicense\":\"http://localhost:8080/profile/upload/2025/11/10/01_20251110032847A001.jpg\",\"contactPerson\":\"йҳҝж–Ҝи’ӮиҠ¬\",\"contactPhone\":\"18539279011\",\"createTime\":\"2025-11-10 03:28:54\",\"creditCode\":\"91410100MA45TE2X81\",\"establishedDate\":\"2025-11-02\",\"feeRange\":\"2000\",\"fixedAssets\":3.0,\"institutionId\":16,\"institutionName\":\"adminеўһеҠ зҡ„е…»иҖҒжңәжһ„\",\"institutionType\":\"nursing_home\",\"organizer\":\"йҳҝж–Ҝи’ӮиҠ¬\",\"params\":{},\"recordNumber\":\"45645\",\"registeredAddress\":\"йҳҝж–Ҝи’ӮиҠ¬\",\"registeredCapital\":6.0,\"responsibleAddress\":\"йҳҝж–Ҝи’ӮиҠ¬\",\"responsibleIdCard\":\"412829198908160073\",\"responsibleName\":\"йҳҝж–Ҝи’ӮиҠ¬\",\"responsiblePhone\":\"18539279011\",\"status\":\"4\",\"street\":\"йҳҝж–Ҝи’ӮиҠ¬\",\"superviseAccount\":\"454544564\",\"supervisionAgreement\":\"http://localhost:8080/profile/upload/2025/11/10/banner3_20251110032853A003.png\"}', '{\"msg\":\"ж“ҚдҪңжҲҗеҠҹ\",\"code\":200}', '0', null, '2025-11-10 03:28:54', '123');
INSERT INTO `sys_oper_log` VALUES ('183', 'жҸҗдәӨжңәжһ„е…Ҙй©»з”іиҜ·', '1', 'com.ruoyi.web.controller.PensionInstitutionController.submitApply()', 'POST', '1', 'admin', 'з ”еҸ‘йғЁй—Ё', '/pension/institution/apply/submit', '127.0.0.1', 'еҶ…зҪ‘IP', '{\"actualAddress\":\"йҳҝж–Ҝи’ӮиҠ¬\",\"applyTime\":\"2025-11-10 03:29:10\",\"approvalCertificate\":\"http://localhost:8080/profile/upload/2025/11/10/banner2_20251110032850A002.png\",\"bankAccount\":\"64546\",\"bedCount\":4,\"businessLicense\":\"http://localhost:8080/profile/upload/2025/11/10/01_20251110032847A001.jpg\",\"contactPerson\":\"йҳҝж–Ҝи’ӮиҠ¬\",\"contactPhone\":\"18539279011\",\"creditCode\":\"91410100MA45TE2X81\",\"establishedDate\":\"2025-11-02\",\"feeRange\":\"2000\",\"fixedAssets\":3.0,\"institutionId\":16,\"institutionName\":\"adminеўһеҠ зҡ„е…»иҖҒжңәжһ„\",\"institutionType\":\"nursing_home\",\"organizer\":\"йҳҝж–Ҝи’ӮиҠ¬\",\"params\":{},\"recordNumber\":\"45645\",\"registeredAddress\":\"йҳҝж–Ҝи’ӮиҠ¬\",\"registeredCapital\":6.0,\"responsibleAddress\":\"йҳҝж–Ҝи’ӮиҠ¬\",\"responsibleIdCard\":\"412829198908160073\",\"responsibleName\":\"йҳҝж–Ҝи’ӮиҠ¬\",\"responsiblePhone\":\"18539279011\",\"status\":\"0\",\"street\":\"йҳҝж–Ҝи’ӮиҠ¬\",\"superviseAccount\":\"454544564\",\"supervisionAgreement\":\"http://localhost:8080/profile/upload/2025/11/10/banner3_20251110032853A003.png\",\"updateTime\":\"2025-11-10 03:29:10\"}', '{\"msg\":\"ж“ҚдҪңжҲҗеҠҹ\",\"code\":200}', '0', null, '2025-11-10 03:29:10', '12');
INSERT INTO `sys_oper_log` VALUES ('184', 'и§’иүІз®ЎзҗҶ', '2', 'com.ruoyi.web.controller.system.SysRoleController.edit()', 'PUT', '1', 'admin', 'з ”еҸ‘йғЁй—Ё', '/system/role', '127.0.0.1', 'еҶ…зҪ‘IP', '{\"admin\":false,\"createTime\":\"2025-10-29 04:49:09\",\"dataScope\":\"2\",\"delFlag\":\"0\",\"deptCheckStrictly\":true,\"flag\":false,\"menuCheckStrictly\":true,\"menuIds\":[3000,3100,3101,3106,3107,3102,3103,3104,3105,3200,3201,3202,3203,3204,3205,3206,3207,3208,3300,3301,3302,3303,3304,3305,3400,3401,3402,3403,3404,3500,3501,3502,3503,3504,3600,3601,3602,3603,3604],\"params\":{},\"remark\":\"ж°‘ж”ҝзӣ‘з®ЎйғЁй—Ёи§’иүІ\",\"roleId\":3,\"roleKey\":\"supervision\",\"roleName\":\"ж°‘ж”ҝзӣ‘з®Ўе‘ҳ\",\"roleSort\":3,\"status\":\"0\",\"updateBy\":\"admin\"}', '{\"msg\":\"ж“ҚдҪңжҲҗеҠҹ\",\"code\":200}', '0', null, '2025-11-10 11:24:45', '232');
INSERT INTO `sys_oper_log` VALUES ('185', 'з”ЁжҲ·з®ЎзҗҶ', '1', 'com.ruoyi.web.controller.system.SysUserController.add()', 'POST', '1', 'admin', 'з ”еҸ‘йғЁй—Ё', '/system/user', '127.0.0.1', 'еҶ…зҪ‘IP', '{\"admin\":false,\"createBy\":\"admin\",\"deptId\":103,\"nickName\":\"ж°‘ж”ҝзӣ‘з®Ў-жқҺе®қ\",\"params\":{},\"postIds\":[],\"roleIds\":[],\"status\":\"0\",\"userId\":102,\"userName\":\"jguser\"}', '{\"msg\":\"ж“ҚдҪңжҲҗеҠҹ\",\"code\":200}', '0', null, '2025-11-10 11:25:56', '86');
INSERT INTO `sys_oper_log` VALUES ('186', 'и§’иүІз®ЎзҗҶ', '2', 'com.ruoyi.web.controller.system.SysRoleController.edit()', 'PUT', '1', 'admin', 'з ”еҸ‘йғЁй—Ё', '/system/role', '127.0.0.1', 'еҶ…зҪ‘IP', '{\"admin\":false,\"createTime\":\"2025-10-29 04:49:09\",\"dataScope\":\"2\",\"delFlag\":\"0\",\"deptCheckStrictly\":true,\"flag\":false,\"menuCheckStrictly\":true,\"menuIds\":[3000,3100,3101,3106,3107,3102,3103,3104,3105,3200,3201,3202,3203,3204,3205,3206,3207,3208,3300,3301,3302,3303,3304,3305,3400,3401,3402,3403,3404,3500,3501,3502,3503,3504,3600,3601,3602,3603,3604],\"params\":{},\"remark\":\"ж°‘ж”ҝзӣ‘з®ЎйғЁй—Ёи§’иүІ\",\"roleId\":3,\"roleKey\":\"supervision\",\"roleName\":\"ж°‘ж”ҝзӣ‘з®Ўе‘ҳ\",\"roleSort\":3,\"status\":\"0\",\"updateBy\":\"admin\"}', '{\"msg\":\"ж“ҚдҪңжҲҗеҠҹ\",\"code\":200}', '0', null, '2025-11-10 11:29:51', '41');
INSERT INTO `sys_oper_log` VALUES ('187', 'и§’иүІз®ЎзҗҶ', '2', 'com.ruoyi.web.controller.system.SysRoleController.dataScope()', 'PUT', '1', 'admin', 'з ”еҸ‘йғЁй—Ё', '/system/role/dataScope', '127.0.0.1', 'еҶ…зҪ‘IP', '{\"admin\":false,\"createTime\":\"2025-10-29 04:49:09\",\"dataScope\":\"1\",\"delFlag\":\"0\",\"deptCheckStrictly\":true,\"deptIds\":[],\"flag\":false,\"menuCheckStrictly\":true,\"params\":{},\"remark\":\"ж°‘ж”ҝзӣ‘з®ЎйғЁй—Ёи§’иүІ\",\"roleId\":3,\"roleKey\":\"supervision\",\"roleName\":\"ж°‘ж”ҝзӣ‘з®Ўе‘ҳ\",\"roleSort\":3,\"status\":\"0\"}', '{\"msg\":\"ж“ҚдҪңжҲҗеҠҹ\",\"code\":200}', '0', null, '2025-11-10 11:31:04', '40');
INSERT INTO `sys_oper_log` VALUES ('188', 'и§’иүІз®ЎзҗҶ', '2', 'com.ruoyi.web.controller.system.SysRoleController.edit()', 'PUT', '1', 'admin', 'з ”еҸ‘йғЁй—Ё', '/system/role', '127.0.0.1', 'еҶ…зҪ‘IP', '{\"admin\":false,\"createTime\":\"2025-10-29 04:49:09\",\"dataScope\":\"1\",\"delFlag\":\"0\",\"deptCheckStrictly\":true,\"flag\":false,\"menuCheckStrictly\":true,\"menuIds\":[1,100,1000,1001,1002,1003,1004,1005,1006,101,1007,1008,1009,1010,1011,102,1012,1013,1014,1015,103,1016,1017,1018,1019,104,1020,1021,1022,1023,1024,105,1025,1026,1027,1028,1029,106,1030,1031,1032,1033,1034,107,1035,1036,1037,1038,108,500,1039,1040,1041,501,1042,1043,1044,1045,3000,3100,3101,3106,3107,3102,3103,3104,3105,3200,3201,3202,3203,3204,3205,3206,3207,3208,3300,3301,3302,3303,3304,3305,3400,3401,3402,3403,3404,3500,3501,3502,3503,3504,3600,3601,3602,3603,3604],\"params\":{},\"remark\":\"ж°‘ж”ҝзӣ‘з®ЎйғЁй—Ёи§’иүІ\",\"roleId\":3,\"roleKey\":\"supervision\",\"roleName\":\"ж°‘ж”ҝзӣ‘з®Ўе‘ҳ\",\"roleSort\":3,\"status\":\"0\",\"updateBy\":\"admin\"}', '{\"msg\":\"ж“ҚдҪңжҲҗеҠҹ\",\"code\":200}', '0', null, '2025-11-10 11:34:51', '32');
INSERT INTO `sys_oper_log` VALUES ('189', 'и§’иүІз®ЎзҗҶ', '4', 'com.ruoyi.web.controller.system.SysRoleController.selectAuthUserAll()', 'PUT', '1', 'admin', 'з ”еҸ‘йғЁй—Ё', '/system/role/authUser/selectAll', '127.0.0.1', 'еҶ…зҪ‘IP', '{\"roleId\":\"3\",\"userIds\":\"102\"}', '{\"msg\":\"ж“ҚдҪңжҲҗеҠҹ\",\"code\":200}', '0', null, '2025-11-10 11:38:22', '5');
INSERT INTO `sys_oper_log` VALUES ('190', 'з”ЁжҲ·з®ЎзҗҶ', '3', 'com.ruoyi.web.controller.system.SysUserController.remove()', 'DELETE', '1', 'admin', 'з ”еҸ‘йғЁй—Ё', '/system/user/100', '127.0.0.1', 'еҶ…зҪ‘IP', '[100]', '{\"msg\":\"ж“ҚдҪңжҲҗеҠҹ\",\"code\":200}', '0', null, '2025-11-10 11:38:31', '40');
INSERT INTO `sys_oper_log` VALUES ('191', 'з”ЁжҲ·еӨҙеғҸ', '2', 'com.ruoyi.web.controller.system.SysProfileController.avatar()', 'POST', '1', 'admin', 'з ”еҸ‘йғЁй—Ё', '/system/user/profile/avatar', '127.0.0.1', 'еҶ…зҪ‘IP', '', null, '1', 'ж–Үд»¶[favicon.ico]еҗҺзјҖ[ico]дёҚжӯЈзЎ®пјҢиҜ·дёҠдј [bmp, gif, jpg, jpeg, png]ж јејҸ', '2025-11-10 15:05:06', '5');
INSERT INTO `sys_oper_log` VALUES ('192', 'е…»иҖҒжңәжһ„е…Ҙй©»з”іиҜ·', '2', 'com.ruoyi.web.controller.pension.SupervisionInstitutionController.approve()', 'PUT', '1', 'admin', 'з ”еҸ‘йғЁй—Ё', '/pension/supervision/institution/approval/approve/16', '127.0.0.1', 'еҶ…зҪ‘IP', '16', '{\"msg\":\"ж“ҚдҪңжҲҗеҠҹ\",\"code\":200}', '0', null, '2025-11-10 17:02:20', '48');
INSERT INTO `sys_oper_log` VALUES ('193', 'ж–°еўһжңәжһ„иҙҰеҸ·', '1', 'com.ruoyi.web.controller.supervision.InstitutionManageController.addInstitutionAccount()', 'POST', '1', 'admin', 'з ”еҸ‘йғЁй—Ё', '/supervision/institution/account/add', '127.0.0.1', 'еҶ…зҪ‘IP', '{\"contactPerson\":\"wenwang\",\"contactPhone\":\"18539279011\",\"createBy\":\"admin\",\"createTime\":\"2025-11-10 22:36:18\",\"creditCode\":\"91410101MA45TE2X81\",\"fixedAssets\":null,\"institutionId\":17,\"institutionName\":\"жөӢиҜ•\",\"params\":{},\"registeredCapital\":null}', '{\"msg\":\"ж“ҚдҪңжҲҗеҠҹ\",\"code\":200,\"data\":{\"password\":\"279011\",\"institutionId\":17,\"institutionName\":\"жөӢиҜ•\",\"userName\":\"jg279011\",\"message\":\"жңәжһ„иҙҰеҸ·еҲӣе»әжҲҗеҠҹ\"}}', '0', null, '2025-11-10 22:36:18', '90');
INSERT INTO `sys_oper_log` VALUES ('194', 'ж–°еўһжңәжһ„иҙҰеҸ·', '1', 'com.ruoyi.web.controller.supervision.InstitutionManageController.addInstitutionAccount()', 'POST', '1', 'admin', 'з ”еҸ‘йғЁй—Ё', '/supervision/institution/account/add', '127.0.0.1', 'еҶ…зҪ‘IP', '{\"contactPerson\":\"йҷҲйЈһ\",\"contactPhone\":\"13855555555\",\"creditCode\":\"91410100MA45TE2X81\",\"fixedAssets\":null,\"institutionName\":\"жёҜж№ҫе…»иҖҒ\",\"params\":{},\"registeredCapital\":null}', '{\"msg\":\"з»ҹдёҖдҝЎз”Ёд»Јз Ғе·ІеӯҳеңЁ: 91410100MA45TE2X81\",\"code\":500}', '0', null, '2025-11-10 23:10:00', '4');
INSERT INTO `sys_oper_log` VALUES ('195', 'ж–°еўһжңәжһ„иҙҰеҸ·', '1', 'com.ruoyi.web.controller.supervision.InstitutionManageController.addInstitutionAccount()', 'POST', '1', 'admin', 'з ”еҸ‘йғЁй—Ё', '/supervision/institution/account/add', '127.0.0.1', 'еҶ…зҪ‘IP', '{\"contactPerson\":\"йҷҲйЈһ\",\"contactPhone\":\"13855555555\",\"createBy\":\"admin\",\"createTime\":\"2025-11-10 23:10:06\",\"creditCode\":\"91410100MA45TE2X91\",\"fixedAssets\":null,\"institutionId\":18,\"institutionName\":\"жёҜж№ҫе…»иҖҒ\",\"params\":{},\"registeredCapital\":null}', '{\"msg\":\"ж“ҚдҪңжҲҗеҠҹ\",\"code\":200,\"data\":{\"password\":\"555555\",\"institutionId\":18,\"institutionName\":\"жёҜж№ҫе…»иҖҒ\",\"userName\":\"jg555555\",\"message\":\"жңәжһ„иҙҰеҸ·еҲӣе»әжҲҗеҠҹ\"}}', '0', null, '2025-11-10 23:10:06', '76');
INSERT INTO `sys_oper_log` VALUES ('196', 'ж–°еўһжңәжһ„иҙҰеҸ·', '1', 'com.ruoyi.web.controller.supervision.InstitutionManageController.addInstitutionAccount()', 'POST', '1', 'admin', 'з ”еҸ‘йғЁй—Ё', '/supervision/institution/account/add', '127.0.0.1', 'еҶ…зҪ‘IP', '{\"contactPerson\":\"жһ—з§’\",\"contactPhone\":\"18565656565\",\"createBy\":\"admin\",\"createTime\":\"2025-11-10 23:23:09\",\"creditCode\":\"91410100MA45TE8989\",\"fixedAssets\":null,\"institutionId\":19,\"institutionName\":\"жөҸи§Ҳ\",\"params\":{},\"registeredCapital\":null}', '{\"msg\":\"ж“ҚдҪңжҲҗеҠҹ\",\"code\":200,\"data\":{\"password\":\"656565\",\"institutionId\":19,\"institutionName\":\"жөҸи§Ҳ\",\"userName\":\"jg656565\",\"message\":\"жңәжһ„иҙҰеҸ·еҲӣе»әжҲҗеҠҹ\"}}', '0', null, '2025-11-10 23:23:09', '143');
INSERT INTO `sys_oper_log` VALUES ('197', 'е…»иҖҒжңәжһ„е…¬зӨәдҝЎжҒҜ', '1', 'com.ruoyi.web.controller.pension.PublicityController.add()', 'POST', '1', 'admin', 'з ”еҸ‘йғЁй—Ё', '/pension/publicity', '127.0.0.1', 'еҶ…зҪ‘IP', '{\"acceptElderType\":\"self_care\",\"buildingArea\":10,\"createTime\":\"2025-11-11 00:38:28\",\"environmentImgs\":\"/profile/upload/2025/11/11/е…»иҖҒжңәжһ„йў„ж”¶иҙ№иө„йҮ‘зӣ‘з®Ўе№іеҸ°еҠҹиғҪжё…еҚ•_Sheet1_20251111003827A001.png\",\"feeRangeMax\":0,\"feeRangeMin\":0,\"institutionId\":16,\"institutionIntro\":\"йҳҝж–Ҝи’ӮиҠ¬йҳҝж–Ҝи’ӮиҠ¬\",\"institutionName\":\"adminеўһеҠ зҡ„е…»иҖҒжңәжһ„\",\"isPublished\":\"0\",\"landArea\":8,\"params\":{},\"publicId\":1}', '{\"msg\":\"ж“ҚдҪңжҲҗеҠҹ\",\"code\":200}', '0', null, '2025-11-11 00:38:28', '81');
INSERT INTO `sys_oper_log` VALUES ('198', 'дҝқеӯҳжңәжһ„з”іиҜ·иҚүзЁҝ', '1', 'com.ruoyi.web.controller.PensionInstitutionController.saveDraft()', 'POST', '1', 'admin', 'з ”еҸ‘йғЁй—Ё', '/pension/institution/apply/draft', '127.0.0.1', 'еҶ…зҪ‘IP', '{\"actualAddress\":\"adminз¬¬дәҢдёӘжңәжһ„\",\"approvalCertificate\":\"\",\"bankAccount\":\"564564\",\"bedCount\":500,\"businessLicense\":\"\",\"contactPerson\":\"ASDF\",\"contactPhone\":\"18539279011\",\"createTime\":\"2025-11-11 00:49:15\",\"creditCode\":\"91410100MA45TE2X84\",\"establishedDate\":\"2025-11-02\",\"feeRange\":\"200-5000\",\"fixedAssets\":100.0,\"institutionId\":20,\"institutionName\":\"adminз¬¬дәҢдёӘжңәжһ„\",\"institutionType\":\"nursing_home\",\"organizer\":\"\",\"params\":{},\"recordNumber\":\"789789\",\"registeredAddress\":\"adminз¬¬дәҢдёӘжңәжһ„\",\"registeredCapital\":100.0,\"responsibleAddress\":\"adminз¬¬дәҢдёӘжңәжһ„ASDF \",\"responsibleIdCard\":\"412829198908160071\",\"responsibleName\":\"ASDF \",\"responsiblePhone\":\"18539279011\",\"status\":\"4\",\"street\":\"adminз¬¬дәҢдёӘжңәжһ„\",\"superviseAccount\":\"45456\",\"supervisionAgreement\":\"\"}', '{\"msg\":\"ж“ҚдҪңжҲҗеҠҹ\",\"code\":200}', '0', null, '2025-11-11 00:49:15', '50');
INSERT INTO `sys_oper_log` VALUES ('199', 'е…»иҖҒжңәжһ„е…¬зӨәдҝЎжҒҜ', '2', 'com.ruoyi.web.controller.pension.PublicityController.publish()', 'PUT', '1', 'admin', 'з ”еҸ‘йғЁй—Ё', '/pension/publicity/publish/1', '127.0.0.1', 'еҶ…зҪ‘IP', '1', '{\"msg\":\"ж“ҚдҪңжҲҗеҠҹ\",\"code\":200}', '0', null, '2025-11-11 01:44:47', '35');
INSERT INTO `sys_oper_log` VALUES ('200', 'е…»иҖҒжңәжһ„е…¬зӨәдҝЎжҒҜ', '2', 'com.ruoyi.web.controller.pension.PublicityController.edit()', 'PUT', '1', 'admin', 'з ”еҸ‘йғЁй—Ё', '/pension/publicity', '127.0.0.1', 'еҶ…зҪ‘IP', '{\"acceptElderType\":\"self_care\",\"actualAddress\":\"йҳҝж–Ҝи’ӮиҠ¬\",\"bedCount\":4,\"buildingArea\":10,\"createBy\":\"\",\"createTime\":\"2025-11-11 00:38:29\",\"creditCode\":\"91410100MA45TE2X81\",\"environmentImgs\":\"/profile/upload/2025/11/11/е…»иҖҒжңәжһ„йў„ж”¶иҙ№иө„йҮ‘зӣ‘з®Ўе№іеҸ°еҠҹиғҪжё…еҚ•_Sheet1_20251111003827A001.png,/profile/upload/2025/11/11/е…»иҖҒжңәжһ„йў„ж”¶иҙ№иө„йҮ‘зӣ‘з®Ўе№іеҸ°еҠҹиғҪжё…еҚ•_Sheet1_20251111014458A001.png,/profile/upload/2025/11/11/е…»иҖҒжңәжһ„йў„ж”¶иҙ№иө„йҮ‘зӣ‘з®Ўе№іеҸ°еҠҹиғҪжё…еҚ•_Sheet1_20251111014502A002.png\",\"feeRange\":\"2000\",\"feeRangeMax\":0,\"feeRangeMin\":0,\"institutionId\":16,\"institutionIntro\":\"йҳҝж–Ҝи’ӮиҠ¬йҳҝж–Ҝи’ӮиҠ¬\",\"institutionName\":\"adminеўһеҠ зҡ„е…»иҖҒжңәжһ„\",\"isPublished\":\"1\",\"landArea\":8,\"params\":{},\"publicId\":1,\"rating\":\"3\",\"recordNumber\":\"45645\",\"superviseAccount\":\"454544564\",\"updateBy\":\"\",\"updateTime\":\"2025-11-11 01:45:04\"}', '{\"msg\":\"ж“ҚдҪңжҲҗеҠҹ\",\"code\":200}', '0', null, '2025-11-11 01:45:04', '17');
INSERT INTO `sys_oper_log` VALUES ('201', 'е…»иҖҒжңәжһ„е…¬зӨәдҝЎжҒҜ', '2', 'com.ruoyi.web.controller.pension.PublicityController.unpublish()', 'PUT', '1', 'admin', 'з ”еҸ‘йғЁй—Ё', '/pension/publicity/unpublish/1', '127.0.0.1', 'еҶ…зҪ‘IP', '1', '{\"msg\":\"ж“ҚдҪңжҲҗеҠҹ\",\"code\":200}', '0', null, '2025-11-11 01:45:21', '29');
INSERT INTO `sys_oper_log` VALUES ('202', 'е…»иҖҒжңәжһ„е…¬зӨәдҝЎжҒҜ', '2', 'com.ruoyi.web.controller.pension.PublicityController.edit()', 'PUT', '1', 'admin', 'з ”еҸ‘йғЁй—Ё', '/pension/publicity', '127.0.0.1', 'еҶ…зҪ‘IP', '{\"acceptElderType\":\"self_care,semi_disabled\",\"actualAddress\":\"йҳҝж–Ҝи’ӮиҠ¬\",\"bedCount\":4,\"buildingArea\":10,\"createBy\":\"\",\"createTime\":\"2025-11-11 00:38:29\",\"creditCode\":\"91410100MA45TE2X81\",\"environmentImgs\":\"/profile/upload/2025/11/11/е…»иҖҒжңәжһ„йў„ж”¶иҙ№иө„йҮ‘зӣ‘з®Ўе№іеҸ°еҠҹиғҪжё…еҚ•_Sheet1_20251111003827A001.png,/profile/upload/2025/11/11/е…»иҖҒжңәжһ„йў„ж”¶иҙ№иө„йҮ‘зӣ‘з®Ўе№іеҸ°еҠҹиғҪжё…еҚ•_Sheet1_20251111014458A001.png,/profile/upload/2025/11/11/е…»иҖҒжңәжһ„йў„ж”¶иҙ№иө„йҮ‘зӣ‘з®Ўе№іеҸ°еҠҹиғҪжё…еҚ•_Sheet1_20251111014502A002.png\",\"feeRange\":\"2000\",\"feeRangeMax\":0,\"feeRangeMin\":0,\"institutionId\":16,\"institutionIntro\":\"йҳҝж–Ҝи’ӮиҠ¬йҳҝж–Ҝи’ӮиҠ¬\",\"institutionName\":\"adminеўһеҠ зҡ„е…»иҖҒжңәжһ„\",\"isPublished\":\"0\",\"landArea\":8,\"params\":{},\"publicId\":1,\"rating\":\"3\",\"recordNumber\":\"45645\",\"superviseAccount\":\"454544564\",\"updateBy\":\"\",\"updateTime\":\"2025-11-11 01:45:29\"}', '{\"msg\":\"ж“ҚдҪңжҲҗеҠҹ\",\"code\":200}', '0', null, '2025-11-11 01:45:29', '17');
INSERT INTO `sys_oper_log` VALUES ('203', 'иҸңеҚ•з®ЎзҗҶ', '1', 'com.ruoyi.web.controller.system.SysMenuController.add()', 'POST', '1', 'admin', 'з ”еҸ‘йғЁй—Ё', '/system/menu', '127.0.0.1', 'еҶ…зҪ‘IP', '{\"children\":[],\"createBy\":\"admin\",\"isCache\":\"0\",\"isFrame\":\"1\",\"menuName\":\"е…¬зӨәдҝЎжҒҜжҹҘиҜў\",\"menuType\":\"F\",\"orderNum\":1,\"params\":{},\"parentId\":2013,\"perms\":\"pension:publicity:query\",\"status\":\"0\",\"visible\":\"0\"}', '{\"msg\":\"ж“ҚдҪңжҲҗеҠҹ\",\"code\":200}', '0', null, '2025-11-11 02:37:21', '25');
INSERT INTO `sys_oper_log` VALUES ('204', 'иҸңеҚ•з®ЎзҗҶ', '1', 'com.ruoyi.web.controller.system.SysMenuController.add()', 'POST', '1', 'admin', 'з ”еҸ‘йғЁй—Ё', '/system/menu', '127.0.0.1', 'еҶ…зҪ‘IP', '{\"children\":[],\"createBy\":\"admin\",\"isCache\":\"0\",\"isFrame\":\"1\",\"menuName\":\"е…¬зӨәдҝЎжҒҜж–°еўһ\",\"menuType\":\"F\",\"orderNum\":2,\"params\":{},\"parentId\":2013,\"perms\":\"pension:publicity:add\",\"status\":\"0\",\"visible\":\"0\"}', '{\"msg\":\"ж“ҚдҪңжҲҗеҠҹ\",\"code\":200}', '0', null, '2025-11-11 02:37:50', '19');
INSERT INTO `sys_oper_log` VALUES ('205', 'и§’иүІз®ЎзҗҶ', '2', 'com.ruoyi.web.controller.system.SysRoleController.edit()', 'PUT', '1', 'admin', 'з ”еҸ‘йғЁй—Ё', '/system/role', '127.0.0.1', 'еҶ…зҪ‘IP', '{\"admin\":false,\"createTime\":\"2025-11-10 02:20:16\",\"dataScope\":\"1\",\"delFlag\":\"0\",\"deptCheckStrictly\":true,\"flag\":false,\"menuCheckStrictly\":true,\"menuIds\":[2000,2001,2010,2011,2012,2014,2015,2016,2017,2018,2013,4009,4010,2020,2021,2030,2031,2032,2040,2041,2050,2051,2052,2060,2061,2062,2070,2071,2072,2080,2090],\"params\":{},\"roleId\":100,\"roleKey\":\"jigoumanage\",\"roleName\":\"жңәжһ„з®ЎзҗҶе‘ҳ\",\"roleSort\":3,\"status\":\"0\",\"updateBy\":\"admin\"}', '{\"msg\":\"ж“ҚдҪңжҲҗеҠҹ\",\"code\":200}', '0', null, '2025-11-11 02:38:44', '22');
INSERT INTO `sys_oper_log` VALUES ('206', 'и§’иүІз®ЎзҗҶ', '2', 'com.ruoyi.web.controller.system.SysRoleController.edit()', 'PUT', '1', 'admin', 'з ”еҸ‘йғЁй—Ё', '/system/role', '127.0.0.1', 'еҶ…зҪ‘IP', '{\"admin\":false,\"createTime\":\"2025-11-10 02:20:16\",\"dataScope\":\"1\",\"delFlag\":\"0\",\"deptCheckStrictly\":true,\"flag\":false,\"menuCheckStrictly\":true,\"menuIds\":[2000,2001,2010,2011,2012,2014,2015,2016,2017,2018,2013,4009,4010,4012,4013,4014,4015,4016,2020,2021,2030,2031,2032,2040,2041,2050,2051,2052,2060,2061,2062,2070,2071,2072,2080,2090],\"params\":{},\"roleId\":100,\"roleKey\":\"jigoumanage\",\"roleName\":\"жңәжһ„з®ЎзҗҶе‘ҳ\",\"roleSort\":3,\"status\":\"0\",\"updateBy\":\"admin\"}', '{\"msg\":\"ж“ҚдҪңжҲҗеҠҹ\",\"code\":200}', '0', null, '2025-11-11 02:49:00', '41');
INSERT INTO `sys_oper_log` VALUES ('207', 'и§’иүІз®ЎзҗҶ', '2', 'com.ruoyi.web.controller.system.SysRoleController.edit()', 'PUT', '1', 'admin', 'з ”еҸ‘йғЁй—Ё', '/system/role', '127.0.0.1', 'еҶ…зҪ‘IP', '{\"admin\":false,\"createTime\":\"2025-11-10 02:20:16\",\"dataScope\":\"1\",\"delFlag\":\"0\",\"deptCheckStrictly\":true,\"flag\":false,\"menuCheckStrictly\":true,\"menuIds\":[2000,2001,2010,2011,2012,2014,2015,2016,2017,2018,2013,4009,4010,4012,4013,4014,4015,4016,2020,2021,2121,2122,2123,2124,2125,4017,2030,2031,2032,2040,2041,2050,2051,2052,2060,2061,2062,2070,2071,2072,2080,2090],\"params\":{},\"roleId\":100,\"roleKey\":\"jigoumanage\",\"roleName\":\"жңәжһ„з®ЎзҗҶе‘ҳ\",\"roleSort\":3,\"status\":\"0\",\"updateBy\":\"admin\"}', '{\"msg\":\"ж“ҚдҪңжҲҗеҠҹ\",\"code\":200}', '0', null, '2025-11-11 02:56:09', '44');
INSERT INTO `sys_oper_log` VALUES ('208', 'еәҠдҪҚдҝЎжҒҜ', '1', 'com.ruoyi.web.controller.BedInfoController.add()', 'POST', '1', 'admin', 'з ”еҸ‘йғЁй—Ё', '/elder/bed', '127.0.0.1', 'еҶ…зҪ‘IP', '{\"bedId\":1,\"bedNumber\":\"1\",\"bedStatus\":\"0\",\"bedType\":\"1\",\"createTime\":\"2025-11-11 03:04:24\",\"facilities\":\"12\",\"floorNumber\":2,\"hasBalcony\":\"Y\",\"hasBathroom\":\"Y\",\"institutionId\":16,\"params\":{},\"price\":2000,\"roomArea\":20,\"roomNumber\":\"12\"}', '{\"msg\":\"ж“ҚдҪңжҲҗеҠҹ\",\"code\":200}', '0', null, '2025-11-11 03:04:24', '52');
INSERT INTO `sys_oper_log` VALUES ('209', 'еәҠдҪҚдҝЎжҒҜ', '1', 'com.ruoyi.web.controller.BedInfoController.add()', 'POST', '1', 'jigouuser', null, '/elder/bed', '127.0.0.1', 'еҶ…зҪ‘IP', '{\"bedId\":2,\"bedNumber\":\"2\",\"bedStatus\":\"0\",\"bedType\":\"1\",\"createTime\":\"2025-11-11 03:16:42\",\"hasBalcony\":\"0\",\"hasBathroom\":\"0\",\"institutionId\":3,\"params\":{},\"price\":2000,\"roomNumber\":\"45\"}', '{\"msg\":\"ж“ҚдҪңжҲҗеҠҹ\",\"code\":200}', '0', null, '2025-11-11 03:16:42', '22');
INSERT INTO `sys_oper_log` VALUES ('210', 'еәҠдҪҚдҝЎжҒҜ', '5', 'com.ruoyi.web.controller.BedInfoController.export()', 'POST', '1', 'admin', 'з ”еҸ‘йғЁй—Ё', '/elder/bed/export', '127.0.0.1', 'еҶ…зҪ‘IP', '{\"pageSize\":\"10\",\"pageNum\":\"1\"}', null, '0', null, '2025-11-11 11:28:09', '38');
INSERT INTO `sys_oper_log` VALUES ('211', 'еәҠдҪҚдҝЎжҒҜ', '6', 'com.ruoyi.web.controller.BedInfoController.importData()', 'POST', '1', 'admin', 'з ”еҸ‘йғЁй—Ё', '/elder/bed/importData', '127.0.0.1', 'еҶ…зҪ‘IP', '{\"institutionId\":\"16\",\"updateSupport\":\"0\"}', '{\"msg\":\"жҒӯе–ңжӮЁ,ж•°жҚ®е·Іе…ЁйғЁеҜје…ҘжҲҗеҠҹ!е…ұ 1 жқЎ,ж•°жҚ®еҰӮдёӢ:<br/>1гҖҒеәҠдҪҚ 101-01 еҜје…ҘжҲҗеҠҹ\",\"code\":200}', '0', null, '2025-11-11 11:59:14', '139');
INSERT INTO `sys_oper_log` VALUES ('212', 'еәҠдҪҚдҝЎжҒҜ', '2', 'com.ruoyi.web.controller.BedInfoController.edit()', 'PUT', '1', 'admin', 'з ”еҸ‘йғЁй—Ё', '/elder/bed', '127.0.0.1', 'еҶ…зҪ‘IP', '{\"bedId\":3,\"bedNumber\":\"01\",\"bedStatus\":\"0\",\"bedType\":\"1\",\"createBy\":\"\",\"createTime\":\"2025-11-11 11:59:15\",\"facilities\":\"з”өи§ҶгҖҒз©әи°ғгҖҒиЎЈжҹң\",\"floorNumber\":1,\"hasBalcony\":\"\",\"hasBathroom\":\"\",\"institutionId\":16,\"institutionName\":\"adminеўһеҠ зҡ„е…»иҖҒжңәжһ„\",\"params\":{},\"price\":2000,\"roomArea\":25,\"roomNumber\":\"101\",\"updateBy\":\"\",\"updateTime\":\"2025-11-11 11:59:25\"}', '{\"msg\":\"ж“ҚдҪңжҲҗеҠҹ\",\"code\":200}', '0', null, '2025-11-11 11:59:25', '11');
INSERT INTO `sys_oper_log` VALUES ('213', 'еәҠдҪҚдҝЎжҒҜ', '6', 'com.ruoyi.web.controller.BedInfoController.importData()', 'POST', '1', 'admin', 'з ”еҸ‘йғЁй—Ё', '/elder/bed/importData', '127.0.0.1', 'еҶ…зҪ‘IP', '{\"institutionId\":\"16\",\"updateSupport\":\"0\"}', '{\"msg\":\"жҒӯе–ңжӮЁ,ж•°жҚ®е·Іе…ЁйғЁеҜје…ҘжҲҗеҠҹ!е…ұ 1 жқЎ,ж•°жҚ®еҰӮдёӢ:<br/>1гҖҒеәҠдҪҚ 101-2 еҜје…ҘжҲҗеҠҹ\",\"code\":200}', '0', null, '2025-11-11 12:01:48', '26');
INSERT INTO `sys_oper_log` VALUES ('214', 'еәҠдҪҚдҝЎжҒҜ', '2', 'com.ruoyi.web.controller.BedInfoController.edit()', 'PUT', '1', 'admin', 'з ”еҸ‘йғЁй—Ё', '/elder/bed', '127.0.0.1', 'еҶ…зҪ‘IP', '{\"bedId\":3,\"bedNumber\":\"01\",\"bedStatus\":\"0\",\"bedType\":\"1\",\"createBy\":\"\",\"createTime\":\"2025-11-11 11:59:15\",\"facilities\":\"з”өи§ҶгҖҒз©әи°ғгҖҒиЎЈжҹң\",\"floorNumber\":1,\"hasBalcony\":\"N\",\"hasBathroom\":\"Y\",\"institutionId\":16,\"institutionName\":\"adminеўһеҠ зҡ„е…»иҖҒжңәжһ„\",\"params\":{},\"price\":2000,\"roomArea\":25,\"roomNumber\":\"101\",\"updateBy\":\"\",\"updateTime\":\"2025-11-11 12:02:32\"}', '{\"msg\":\"ж“ҚдҪңжҲҗеҠҹ\",\"code\":200}', '0', null, '2025-11-11 12:02:32', '9');
INSERT INTO `sys_oper_log` VALUES ('215', 'еәҠдҪҚдҝЎжҒҜ', '6', 'com.ruoyi.web.controller.BedInfoController.importData()', 'POST', '1', 'admin', 'з ”еҸ‘йғЁй—Ё', '/elder/bed/importData', '127.0.0.1', 'еҶ…зҪ‘IP', '{\"institutionId\":\"16\",\"updateSupport\":\"0\"}', '{\"msg\":\"жҒӯе–ңжӮЁ,ж•°жҚ®е·Іе…ЁйғЁеҜје…ҘжҲҗеҠҹ!е…ұ 1 жқЎ,ж•°жҚ®еҰӮдёӢ:<br/>1гҖҒеәҠдҪҚ 101-3 еҜје…ҘжҲҗеҠҹ\",\"code\":200}', '0', null, '2025-11-11 12:06:54', '22');
INSERT INTO `sys_oper_log` VALUES ('216', 'иҸңеҚ•з®ЎзҗҶ', '2', 'com.ruoyi.web.controller.system.SysMenuController.edit()', 'PUT', '1', 'admin', 'з ”еҸ‘йғЁй—Ё', '/system/menu', '127.0.0.1', 'еҶ…зҪ‘IP', '{\"children\":[],\"component\":\"pension/elder/checkin\",\"createTime\":\"2025-11-03 16:03:36\",\"icon\":\"edit\",\"isCache\":\"0\",\"isFrame\":\"1\",\"menuId\":2032,\"menuName\":\"ж–°еўһе…ҘдҪҸ\",\"menuType\":\"C\",\"orderNum\":2,\"params\":{},\"parentId\":2030,\"path\":\"checkin\",\"perms\":\"pension:elder:checkin\",\"status\":\"0\",\"updateBy\":\"admin\",\"visible\":\"0\"}', '{\"msg\":\"ж“ҚдҪңжҲҗеҠҹ\",\"code\":200}', '0', null, '2025-11-11 12:24:44', '13');
INSERT INTO `sys_oper_log` VALUES ('217', 'е…»иҖҒжңәжһ„е…Ҙй©»', '1', 'com.ruoyi.web.controller.PensionCheckinController.create()', 'POST', '1', 'admin', 'з ”еҸ‘йғЁй—Ё', '/pension/checkin/create', '127.0.0.1', 'еҶ…зҪ‘IP', '{\"address\":\"\",\"age\":36,\"bedId\":4,\"birthDate\":\"1989-08-16\",\"careLevel\":\"1\",\"checkInDate\":\"2025-11-10\",\"depositAmount\":5000,\"elderName\":\"еј дёүжөӢиҜ•\",\"emergencyContact\":\"йҷҲйЈһ\",\"emergencyPhone\":\"18525656556\",\"feeDescription\":\"\",\"finalAmount\":30000,\"gender\":\"1\",\"healthStatus\":\"\",\"idCard\":\"412829198908160073\",\"memberFee\":7000,\"monthCount\":13,\"monthlyFee\":2000,\"paymentMethod\":\"later\",\"phone\":\"18539279011\",\"remark\":\"\",\"specialNeeds\":\"\"}', '{\"msg\":\"ж“ҚдҪңжҲҗеҠҹ\",\"code\":200}', '0', null, '2025-11-11 15:40:37', '80');
INSERT INTO `sys_oper_log` VALUES ('218', 'е…»иҖҒжңәжһ„е…Ҙй©»', '1', 'com.ruoyi.web.controller.PensionCheckinController.create()', 'POST', '1', 'admin', 'з ”еҸ‘йғЁй—Ё', '/pension/checkin/create', '127.0.0.1', 'еҶ…зҪ‘IP', '{\"address\":\"йҳҝж–Ҝи’ӮиҠ¬\",\"age\":36,\"bedId\":5,\"birthDate\":\"1989-08-16\",\"careLevel\":\"1\",\"checkInDate\":\"2025-11-11\",\"depositAmount\":12,\"elderName\":\"дёӨеҲ—жөӢиҜ•\",\"emergencyContact\":\"йҳҝж–Ҝи’ӮиҠ¬\",\"emergencyPhone\":\"18565656565\",\"feeDescription\":\"\",\"finalAmount\":25082,\"gender\":\"1\",\"healthStatus\":\"йҳҝж–Ҝи’ӮиҠ¬\",\"idCard\":\"412829198908160073\",\"memberFee\":5000,\"monthCount\":10,\"monthlyFee\":2007,\"paymentMethod\":\"later\",\"phone\":\"18539279011\",\"remark\":\"\",\"specialNeeds\":\"\"}', null, '1', '\r\n### Error updating database.  Cause: java.sql.SQLIntegrityConstraintViolationException: Duplicate entry \'412829198908160073\' for key \'uk_id_card\'\r\n### The error may exist in file [D:\\newhm\\newzijin\\ruoyi-admin\\target\\classes\\mapper\\ElderInfoMapper.xml]\r\n### The error may involve com.ruoyi.mapper.ElderInfoMapper.insertElderInfo-Inline\r\n### The error occurred while setting parameters\r\n### SQL: insert into elder_info          ( elder_name,             gender,             id_card,             birth_date,             age,             phone,             address,             emergency_contact,             emergency_phone,             health_status,             care_level,                                       status,             create_by,             create_time )           values ( ?,             ?,             ?,             ?,             ?,             ?,             ?,             ?,             ?,             ?,             ?,                                       ?,             ?,             ? )\r\n### Cause: java.sql.SQLIntegrityConstraintViolationException: Duplicate entry \'412829198908160073\' for key \'uk_id_card\'\n; Duplicate entry \'412829198908160073\' for key \'uk_id_card\'; nested exception is java.sql.SQLIntegrityConstraintViolationException: Duplicate entry \'412829198908160073\' for key \'uk_id_card\'', '2025-11-11 15:48:52', '89');
INSERT INTO `sys_oper_log` VALUES ('219', 'е…»иҖҒжңәжһ„е…Ҙй©»', '1', 'com.ruoyi.web.controller.PensionCheckinController.create()', 'POST', '1', 'admin', 'з ”еҸ‘йғЁй—Ё', '/pension/checkin/create', '127.0.0.1', 'еҶ…зҪ‘IP', '{\"address\":\"йҳҝж–Ҝи’ӮиҠ¬\",\"age\":36,\"bedId\":5,\"birthDate\":\"1989-08-16\",\"careLevel\":\"1\",\"checkInDate\":\"2025-11-11\",\"depositAmount\":12,\"elderName\":\"дёӨеҲ—жөӢиҜ•\",\"emergencyContact\":\"йҳҝж–Ҝи’ӮиҠ¬\",\"emergencyPhone\":\"18565656565\",\"feeDescription\":\"\",\"finalAmount\":25082,\"gender\":\"1\",\"healthStatus\":\"йҳҝж–Ҝи’ӮиҠ¬\",\"idCard\":\"412829198908160073\",\"memberFee\":5000,\"monthCount\":10,\"monthlyFee\":2007,\"paymentMethod\":\"later\",\"phone\":\"18539279011\",\"remark\":\"\",\"specialNeeds\":\"\"}', null, '1', 'иҜҘиҖҒдәәе·ІеңЁдҪҸ,иә«д»ҪиҜҒеҸ·: 412829198908160073', '2025-11-11 15:51:16', '14');
INSERT INTO `sys_oper_log` VALUES ('220', 'е…»иҖҒжңәжһ„е…Ҙй©»', '1', 'com.ruoyi.web.controller.PensionCheckinController.create()', 'POST', '1', 'admin', 'з ”еҸ‘йғЁй—Ё', '/pension/checkin/create', '127.0.0.1', 'еҶ…зҪ‘IP', '{\"address\":\"йҳҝж–Ҝи’ӮиҠ¬\",\"age\":36,\"bedId\":5,\"birthDate\":\"1989-08-16\",\"careLevel\":\"1\",\"checkInDate\":\"2025-11-11\",\"depositAmount\":12,\"elderName\":\"дёӨеҲ—жөӢиҜ•\",\"emergencyContact\":\"йҳҝж–Ҝи’ӮиҠ¬\",\"emergencyPhone\":\"18565656565\",\"feeDescription\":\"\",\"finalAmount\":25082,\"gender\":\"1\",\"healthStatus\":\"йҳҝж–Ҝи’ӮиҠ¬\",\"idCard\":\"412829198908160079\",\"memberFee\":5000,\"monthCount\":10,\"monthlyFee\":2007,\"paymentMethod\":\"later\",\"phone\":\"18539279011\",\"remark\":\"\",\"specialNeeds\":\"\"}', '{\"msg\":\"ж“ҚдҪңжҲҗеҠҹ\",\"code\":200}', '0', null, '2025-11-11 15:51:23', '37');
INSERT INTO `sys_oper_log` VALUES ('221', 'и®ўеҚ•дё»иЎЁ', '2', 'com.ruoyi.web.controller.OrderInfoController.edit()', 'PUT', '1', 'admin', 'з ”еҸ‘йғЁй—Ё', '/order/info', '127.0.0.1', 'еҶ…зҪ‘IP', '{\"bedId\":4,\"bedNumber\":\"2\",\"createBy\":\"admin\",\"createTime\":\"2025-11-11 15:40:37\",\"elderId\":4,\"elderName\":\"еј дёүжөӢиҜ•\",\"institutionId\":16,\"institutionName\":\"adminеўһеҠ зҡ„е…»иҖҒжңәжһ„\",\"orderAmount\":30000,\"orderDate\":\"2025-11-11\",\"orderId\":1,\"orderNo\":\"ORD1762846837366\",\"orderStatus\":\"1\",\"orderType\":\"1\",\"paidAmount\":0,\"params\":{},\"paymentMethod\":\"later\",\"remark\":\"\",\"roomNumber\":\"101\",\"unpaidAmount\":30000,\"updateBy\":\"\",\"updateTime\":\"2025-11-11 15:54:43\"}', '{\"msg\":\"ж“ҚдҪңжҲҗеҠҹ\",\"code\":200}', '0', null, '2025-11-11 15:54:43', '27');
INSERT INTO `sys_oper_log` VALUES ('222', 'е…»иҖҒжңәжһ„е…Ҙй©»', '1', 'com.ruoyi.web.controller.PensionCheckinController.create()', 'POST', '1', 'admin', 'з ”еҸ‘йғЁй—Ё', '/pension/checkin/create', '127.0.0.1', 'еҶ…зҪ‘IP', '{\"address\":\"йҳҝж–Ҝи’ӮиҠ¬\",\"age\":36,\"bedId\":3,\"birthDate\":\"1989-08-16\",\"careLevel\":\"1\",\"checkInDate\":\"2025-11-11\",\"depositAmount\":50000,\"elderName\":\"еј дёү01\",\"emergencyContact\":\"йҳҝж–Ҝи’ӮиҠ¬\",\"emergencyPhone\":\"18539279801\",\"feeDescription\":\"йҳҝж–Ҝи’ӮиҠ¬\",\"finalAmount\":70000,\"gender\":\"1\",\"healthStatus\":\"жҳҜ\",\"idCard\":\"412829198908160070\",\"memberFee\":5000,\"monthCount\":11,\"monthlyFee\":2000,\"paymentMethod\":\"later\",\"phone\":\"18539279011\",\"remark\":\"\",\"specialNeeds\":\"\"}', '{\"msg\":\"ж“ҚдҪңжҲҗеҠҹ\",\"code\":200}', '0', null, '2025-11-11 16:33:07', '111');
INSERT INTO `sys_oper_log` VALUES ('223', 'е…»иҖҒжңәжһ„е…Ҙй©»', '1', 'com.ruoyi.web.controller.PensionCheckinController.create()', 'POST', '1', 'admin', 'з ”еҸ‘йғЁй—Ё', '/pension/checkin/create', '127.0.0.1', 'еҶ…зҪ‘IP', '{\"address\":\"\",\"age\":37,\"bedId\":1,\"birthDate\":\"1988-01-07\",\"careLevel\":\"1\",\"checkInDate\":\"2025-11-04\",\"depositAmount\":50000,\"elderName\":\"еӨ§й©¬зҢҙ\",\"emergencyContact\":\"йҳҝж–Ҝи’ӮиҠ¬\",\"emergencyPhone\":\"13646565656\",\"feeDescription\":\"\",\"finalAmount\":128000,\"gender\":\"1\",\"healthStatus\":\"\",\"idCard\":\"412829198536545263\",\"memberFee\":60000,\"monthCount\":9,\"monthlyFee\":2000,\"paymentMethod\":\"later\",\"phone\":\"18539279011\",\"remark\":\"\",\"specialNeeds\":\"\"}', '{\"msg\":\"ж“ҚдҪңжҲҗеҠҹ\",\"code\":200}', '0', null, '2025-11-11 16:48:03', '48');
INSERT INTO `sys_oper_log` VALUES ('224', 'и®ўеҚ•дё»иЎЁ', '2', 'com.ruoyi.web.controller.OrderInfoController.edit()', 'PUT', '1', 'admin', 'з ”еҸ‘йғЁй—Ё', '/order/info', '127.0.0.1', 'еҶ…зҪ‘IP', '{\"bedId\":3,\"bedNumber\":\"01\",\"createBy\":\"admin\",\"createTime\":\"2025-11-11 16:33:07\",\"discountAmount\":7000,\"elderId\":7,\"elderName\":\"еј дёү01\",\"institutionId\":16,\"institutionName\":\"adminеўһеҠ зҡ„е…»иҖҒжңәжһ„\",\"monthCount\":11,\"orderAmount\":70000,\"orderDate\":\"2025-11-11\",\"orderId\":3,\"orderNo\":\"ORD1762849987063\",\"orderStatus\":\"1\",\"orderType\":\"1\",\"originalAmount\":77000,\"paidAmount\":0,\"params\":{},\"paymentMethod\":\"cash\",\"remark\":\"йҳҝж–Ҝи’ӮиҠ¬\",\"roomNumber\":\"101\",\"unpaidAmount\":70000,\"updateBy\":\"\",\"updateTime\":\"2025-11-11 17:13:45\"}', '{\"msg\":\"ж“ҚдҪңжҲҗеҠҹ\",\"code\":200}', '0', null, '2025-11-11 17:13:45', '9');
INSERT INTO `sys_oper_log` VALUES ('225', 'иҖҒдәәдҝЎжҒҜ', '2', 'com.ruoyi.web.controller.PensionElderController.edit()', 'PUT', '1', 'admin', 'з ”еҸ‘йғЁй—Ё', '/pension/elder/info', '127.0.0.1', 'еҶ…зҪ‘IP', '{\"address\":\"йҳҝж–Ҝи’ӮиҠ¬\",\"age\":36,\"careLevel\":\"1\",\"elderId\":7,\"elderName\":\"еј дёү01\",\"emergencyContact\":\"йҳҝж–Ҝи’ӮиҠ¬\",\"emergencyPhone\":\"18539279801\",\"gender\":\"1\",\"healthStatus\":\"45\",\"idCard\":\"412829198908160070\",\"params\":{},\"phone\":\"18539279011\"}', '{\"msg\":\"ж“ҚдҪңжҲҗеҠҹ\",\"code\":200}', '0', null, '2025-11-11 18:37:22', '20');
INSERT INTO `sys_oper_log` VALUES ('226', 'е…ҘдҪҸдәәз»ӯиҙ№', '1', 'com.ruoyi.web.controller.PensionResidentController.renew()', 'POST', '1', 'admin', 'з ”еҸ‘йғЁй—Ё', '/pension/resident/renew', '127.0.0.1', 'еҶ…зҪ‘IP', '{\"amount\":1000,\"elderId\":7,\"elderName\":\"еј дёү01\",\"paymentMethod\":\"cash\",\"renewType\":\"deposit\"}', '{\"msg\":\"ж“ҚдҪңжҲҗеҠҹ\",\"code\":200}', '0', null, '2025-11-11 18:50:20', '72');
INSERT INTO `sys_oper_log` VALUES ('227', 'жЁЎжӢҹж”Ҝд»ҳ', '2', 'com.ruoyi.web.controller.PaymentRecordController.simulatePayment()', 'POST', '1', 'admin', 'з ”еҸ‘йғЁй—Ё', '/payment/record/simulate/4', '127.0.0.1', 'еҶ…зҪ‘IP', '4 {\"params\":{},\"paymentMethod\":\"alipay\"}', '{\"msg\":\"ж”Ҝд»ҳжҲҗеҠҹ\",\"code\":200,\"data\":{\"createTime\":\"2025-11-11 22:27:22\",\"elderId\":8,\"gatewayResponse\":\"жЁЎжӢҹж”Ҝд»ҳжҲҗеҠҹ\",\"institutionId\":16,\"operator\":\"system\",\"orderId\":4,\"orderNo\":\"ORD1762850883224\",\"params\":{},\"paymentAmount\":128000.00,\"paymentId\":2,\"paymentMethod\":\"alipay\",\"paymentNo\":\"PAY20251111222722184\",\"paymentStatus\":\"1\",\"paymentTime\":\"2025-11-11 22:27:22\",\"transactionId\":\"TXN20251111222722184\"}}', '0', null, '2025-11-11 22:27:22', '128');
INSERT INTO `sys_oper_log` VALUES ('228', 'еәҠдҪҚдҝЎжҒҜ', '1', 'com.ruoyi.web.controller.BedInfoController.add()', 'POST', '1', 'admin', 'з ”еҸ‘йғЁй—Ё', '/elder/bed', '127.0.0.1', 'еҶ…зҪ‘IP', '{\"bedId\":6,\"bedNumber\":\"789\",\"bedStatus\":\"0\",\"bedType\":\"2\",\"createTime\":\"2025-11-11 23:02:07\",\"floorNumber\":7,\"hasBalcony\":\"Y\",\"hasBathroom\":\"Y\",\"institutionId\":16,\"params\":{},\"price\":3000,\"roomArea\":100,\"roomNumber\":\"78\"}', '{\"msg\":\"ж“ҚдҪңжҲҗеҠҹ\",\"code\":200}', '0', null, '2025-11-11 23:02:07', '95');
INSERT INTO `sys_oper_log` VALUES ('229', 'е…»иҖҒжңәжһ„е…Ҙй©»', '1', 'com.ruoyi.web.controller.PensionCheckinController.create()', 'POST', '1', 'admin', 'з ”еҸ‘йғЁй—Ё', '/pension/checkin/create', '127.0.0.1', 'еҶ…зҪ‘IP', '{\"address\":\"\",\"age\":47,\"bedId\":6,\"birthDate\":\"1978-04-05\",\"careLevel\":\"1\",\"checkInDate\":\"2025-11-11\",\"depositAmount\":5000,\"elderName\":\"зҮ•еӯҗ\",\"emergencyContact\":\"иүіеӯҗ\",\"emergencyPhone\":\"18539255555\",\"feeDescription\":\"\",\"finalAmount\":37200,\"gender\":\"1\",\"healthStatus\":\"йҳҝж–Ҝи’ӮиҠ¬\",\"idCard\":\"412829197802645565\",\"memberFee\":2200,\"monthCount\":10,\"monthlyFee\":3000,\"paymentMethod\":\"later\",\"phone\":\"18539279011\",\"remark\":\"\",\"specialNeeds\":\"\"}', '{\"msg\":\"ж“ҚдҪңжҲҗеҠҹ\",\"code\":200}', '0', null, '2025-11-11 23:03:41', '44');
INSERT INTO `sys_oper_log` VALUES ('230', 'жЁЎжӢҹж”Ҝд»ҳ', '2', 'com.ruoyi.web.controller.PaymentRecordController.simulatePayment()', 'POST', '1', 'admin', 'з ”еҸ‘йғЁй—Ё', '/payment/record/simulate/6', '127.0.0.1', 'еҶ…зҪ‘IP', '6 {\"params\":{},\"paymentMethod\":\"cash\"}', '{\"msg\":\"ж”Ҝд»ҳжҲҗеҠҹ\",\"code\":200,\"data\":{\"createTime\":\"2025-11-11 23:05:16\",\"elderId\":9,\"gatewayResponse\":\"жЁЎжӢҹж”Ҝд»ҳжҲҗеҠҹ\",\"institutionId\":16,\"operator\":\"system\",\"orderId\":6,\"orderNo\":\"ORD1762873421558\",\"params\":{},\"paymentAmount\":37200.00,\"paymentId\":3,\"paymentMethod\":\"cash\",\"paymentNo\":\"PAY20251111230516709\",\"paymentStatus\":\"1\",\"paymentTime\":\"2025-11-11 23:05:16\",\"transactionId\":\"TXN20251111230516709\"}}', '0', null, '2025-11-11 23:05:16', '24');
INSERT INTO `sys_oper_log` VALUES ('231', 'еәҠдҪҚдҝЎжҒҜ', '1', 'com.ruoyi.web.controller.BedInfoController.add()', 'POST', '1', 'admin', 'з ”еҸ‘йғЁй—Ё', '/elder/bed', '127.0.0.1', 'еҶ…зҪ‘IP', '{\"bedId\":7,\"bedNumber\":\"545\",\"bedStatus\":\"0\",\"bedType\":\"2\",\"createTime\":\"2025-11-11 23:20:01\",\"facilities\":\"йҳҝж–Ҝи’ӮиҠ¬\",\"floorNumber\":10,\"hasBalcony\":\"Y\",\"hasBathroom\":\"Y\",\"institutionId\":16,\"params\":{},\"price\":3000,\"remark\":\"йҳҝж–Ҝи’ӮиҠ¬\",\"roomArea\":120,\"roomNumber\":\"2563\"}', '{\"msg\":\"ж“ҚдҪңжҲҗеҠҹ\",\"code\":200}', '0', null, '2025-11-11 23:20:01', '113');
INSERT INTO `sys_oper_log` VALUES ('232', 'е…»иҖҒжңәжһ„е…Ҙй©»', '1', 'com.ruoyi.web.controller.PensionCheckinController.create()', 'POST', '1', 'admin', 'з ”еҸ‘йғЁй—Ё', '/pension/checkin/create', '127.0.0.1', 'еҶ…зҪ‘IP', '{\"address\":\"йҳҝз¬¬дёүж–№йҳҝж–Ҝи’ӮиҠ¬\",\"age\":65,\"bedId\":7,\"birthDate\":\"1960-08-16\",\"careLevel\":\"1\",\"checkInDate\":\"2025-11-11\",\"depositAmount\":2000,\"elderName\":\"з»§з»ӯжөӢиҜ•\",\"emergencyContact\":\"йҳҝж–Ҝи’ӮиҠ¬\",\"emergencyPhone\":\"18536952222\",\"feeDescription\":\"йҳҝж–Ҝи’ӮиҠ¬йҳҝж–Ҝи’ӮиҠ¬\",\"finalAmount\":37000,\"gender\":\"1\",\"healthStatus\":\"йҳҝж–Ҝи’ӮиҠ¬\",\"idCard\":\"412829196008160045\",\"memberFee\":5000,\"monthCount\":10,\"monthlyFee\":3000,\"paymentMethod\":\"later\",\"phone\":\"18539256565\",\"remark\":\"йҳҝж–Ҝи’ӮиҠ¬йҳҝж–Ҝи’ӮиҠ¬\",\"specialNeeds\":\"йҳҝж–Ҝи’ӮиҠ¬йҳҝж–Ҝи’ӮиҠ¬йҳҝж–Ҝи’ӮиҠ¬йҳҝж–ҜйЎҝеҸ‘ж–Ҝи’ӮиҠ¬йҳҝж–Ҝи’ӮиҠ¬йҳҝж–Ҝи’ӮиҠ¬йҳҝж–Ҝи’ӮиҠ¬йҳҝж–Ҝи’ӮиҠ¬йҳҝж–Ҝи’ӮиҠ¬йҳҝж–Ҝи’ӮиҠ¬йҳҝж–Ҝи’ӮиҠ¬йҳҝж–Ҝи’ӮиҠ¬йҳҝж–Ҝи’ӮиҠ¬йҳҝж–Ҝи’ӮиҠ¬\"}', '{\"msg\":\"ж“ҚдҪңжҲҗеҠҹ\",\"code\":200}', '0', null, '2025-11-11 23:21:21', '49');
INSERT INTO `sys_oper_log` VALUES ('233', 'жЁЎжӢҹж”Ҝд»ҳ', '2', 'com.ruoyi.web.controller.PaymentRecordController.simulatePayment()', 'POST', '1', 'admin', 'з ”еҸ‘йғЁй—Ё', '/payment/record/simulate/7', '127.0.0.1', 'еҶ…зҪ‘IP', '7 {\"params\":{},\"paymentMethod\":\"cash\"}', '{\"msg\":\"ж”Ҝд»ҳжҲҗеҠҹ\",\"code\":200,\"data\":{\"createTime\":\"2025-11-11 23:21:56\",\"elderId\":10,\"gatewayResponse\":\"жЁЎжӢҹж”Ҝд»ҳжҲҗеҠҹ\",\"institutionId\":16,\"operator\":\"system\",\"orderId\":7,\"orderNo\":\"ORD1762874481098\",\"params\":{},\"paymentAmount\":37000.00,\"paymentId\":4,\"paymentMethod\":\"cash\",\"paymentNo\":\"PAY20251111232156844\",\"paymentStatus\":\"1\",\"paymentTime\":\"2025-11-11 23:21:56\",\"transactionId\":\"TXN20251111232156844\"}}', '0', null, '2025-11-11 23:21:56', '32');
INSERT INTO `sys_oper_log` VALUES ('234', 'еәҠдҪҚдҝЎжҒҜ', '1', 'com.ruoyi.web.controller.BedInfoController.add()', 'POST', '1', 'admin', 'з ”еҸ‘йғЁй—Ё', '/elder/bed', '127.0.0.1', 'еҶ…зҪ‘IP', '{\"bedId\":8,\"bedNumber\":\"02\",\"bedStatus\":\"0\",\"bedType\":\"1\",\"createTime\":\"2025-11-11 23:37:35\",\"floorNumber\":2,\"hasBalcony\":\"Y\",\"hasBathroom\":\"Y\",\"institutionId\":16,\"params\":{},\"price\":2500,\"roomArea\":20,\"roomNumber\":\"2365\"}', '{\"msg\":\"ж“ҚдҪңжҲҗеҠҹ\",\"code\":200}', '0', null, '2025-11-11 23:37:35', '19');
INSERT INTO `sys_oper_log` VALUES ('235', 'е…»иҖҒжңәжһ„е…Ҙй©»', '1', 'com.ruoyi.web.controller.PensionCheckinController.create()', 'POST', '1', 'admin', 'з ”еҸ‘йғЁй—Ё', '/pension/checkin/create', '127.0.0.1', 'еҶ…зҪ‘IP', '{\"address\":\"йҳҝж–Ҝи’ӮиҠ¬\",\"age\":75,\"bedId\":8,\"birthDate\":\"1950-02-20\",\"careLevel\":\"1\",\"checkInDate\":\"2025-11-03\",\"depositAmount\":20000,\"elderName\":\"еҘҮи¶Ј\",\"emergencyContact\":\"йҳҝж–Ҝи’ӮиҠ¬\",\"emergencyPhone\":\"18523232323\",\"feeDescription\":\"йҳҝж–Ҝи’ӮиҠ¬\",\"finalAmount\":50000,\"gender\":\"1\",\"healthStatus\":\"йҳҝж–Ҝи’ӮиҠ¬\",\"idCard\":\"412829195002205655\",\"memberFee\":5000,\"monthCount\":12,\"monthlyFee\":2500,\"paymentMethod\":\"later\",\"phone\":\"18539245454\",\"remark\":\"\",\"specialNeeds\":\"\"}', '{\"msg\":\"ж“ҚдҪңжҲҗеҠҹ\",\"code\":200}', '0', null, '2025-11-11 23:39:10', '43');
INSERT INTO `sys_oper_log` VALUES ('236', 'жЁЎжӢҹж”Ҝд»ҳ', '2', 'com.ruoyi.web.controller.PaymentRecordController.simulatePayment()', 'POST', '1', 'admin', 'з ”еҸ‘йғЁй—Ё', '/payment/record/simulate/8', '127.0.0.1', 'еҶ…зҪ‘IP', '8 {\"params\":{},\"paymentMethod\":\"cash\"}', '{\"msg\":\"ж”Ҝд»ҳжҲҗеҠҹ\",\"code\":200,\"data\":{\"createTime\":\"2025-11-11 23:39:57\",\"elderId\":11,\"gatewayResponse\":\"жЁЎжӢҹж”Ҝд»ҳжҲҗеҠҹ\",\"institutionId\":16,\"operator\":\"system\",\"orderId\":8,\"orderNo\":\"ORD1762875550014\",\"params\":{},\"paymentAmount\":50000.00,\"paymentId\":5,\"paymentMethod\":\"cash\",\"paymentNo\":\"PAY20251111233957990\",\"paymentStatus\":\"1\",\"paymentTime\":\"2025-11-11 23:39:57\",\"transactionId\":\"TXN20251111233957990\"}}', '0', null, '2025-11-11 23:39:58', '28');
INSERT INTO `sys_oper_log` VALUES ('237', 'еәҠдҪҚдҝЎжҒҜ', '1', 'com.ruoyi.web.controller.BedInfoController.add()', 'POST', '1', 'admin', 'з ”еҸ‘йғЁй—Ё', '/elder/bed', '127.0.0.1', 'еҶ…зҪ‘IP', '{\"bedId\":9,\"bedNumber\":\"12\",\"bedStatus\":\"0\",\"bedType\":\"1\",\"createTime\":\"2025-11-11 23:45:24\",\"floorNumber\":10,\"hasBalcony\":\"Y\",\"hasBathroom\":\"Y\",\"institutionId\":16,\"params\":{},\"price\":2300,\"roomArea\":20,\"roomNumber\":\"45\"}', '{\"msg\":\"ж“ҚдҪңжҲҗеҠҹ\",\"code\":200}', '0', null, '2025-11-11 23:45:24', '152');
INSERT INTO `sys_oper_log` VALUES ('238', 'е…»иҖҒжңәжһ„е…Ҙй©»', '1', 'com.ruoyi.web.controller.PensionCheckinController.create()', 'POST', '1', 'admin', 'з ”еҸ‘йғЁй—Ё', '/pension/checkin/create', '127.0.0.1', 'еҶ…зҪ‘IP', '{\"address\":\"йҳҝж–Ҝи’ӮиҠ¬\",\"age\":65,\"bedId\":9,\"birthDate\":\"1960-02-20\",\"careLevel\":\"1\",\"checkInDate\":\"2025-11-11\",\"depositAmount\":2000,\"elderName\":\"еүҚж–Ү\",\"emergencyContact\":\"йҳҝж–Ҝ\",\"emergencyPhone\":\"18536565656\",\"feeDescription\":\"йҳҝж–Ҝи’ӮиҠ¬\",\"finalAmount\":30000,\"gender\":\"1\",\"healthStatus\":\"йҳҝж–Ҝи’ӮиҠ¬\",\"idCard\":\"412829196002202355\",\"memberFee\":5000,\"monthCount\":10,\"monthlyFee\":2300,\"paymentMethod\":\"later\",\"phone\":\"18539279011\",\"remark\":\"\",\"specialNeeds\":\"\"}', '{\"msg\":\"ж“ҚдҪңжҲҗеҠҹ\",\"code\":200}', '0', null, '2025-11-11 23:46:21', '62');
INSERT INTO `sys_oper_log` VALUES ('239', 'з”ЁжҲ·еӨҙеғҸ', '2', 'com.ruoyi.web.controller.system.SysProfileController.avatar()', 'POST', '1', 'admin', 'з ”еҸ‘йғЁй—Ё', '/system/user/profile/avatar', '127.0.0.1', 'еҶ…зҪ‘IP', '', '{\"msg\":\"ж“ҚдҪңжҲҗеҠҹ\",\"imgUrl\":\"/profile/avatar/2025/11/11/1eff83cb59164ef080c26356af4d7a54.png\",\"code\":200}', '0', null, '2025-11-11 23:50:58', '63');
INSERT INTO `sys_oper_log` VALUES ('240', 'дёӘдәәдҝЎжҒҜ', '2', 'com.ruoyi.web.controller.system.SysProfileController.updateProfile()', 'PUT', '1', 'admin', 'з ”еҸ‘йғЁй—Ё', '/system/user/profile', '127.0.0.1', 'еҶ…зҪ‘IP', '{\"admin\":false,\"email\":\"ry@163.com\",\"nickName\":\"и¶…з®Ў\",\"params\":{},\"phonenumber\":\"15888888888\",\"sex\":\"1\"}', '{\"msg\":\"ж“ҚдҪңжҲҗеҠҹ\",\"code\":200}', '0', null, '2025-11-11 23:51:01', '14');
INSERT INTO `sys_oper_log` VALUES ('241', 'еәҠдҪҚдҝЎжҒҜ', '1', 'com.ruoyi.web.controller.BedInfoController.add()', 'POST', '1', 'admin', 'з ”еҸ‘йғЁй—Ё', '/elder/bed', '127.0.0.1', 'еҶ…зҪ‘IP', '{\"bedId\":10,\"bedNumber\":\"6\",\"bedStatus\":\"0\",\"bedType\":\"1\",\"createTime\":\"2025-11-12 00:08:50\",\"floorNumber\":2,\"hasBalcony\":\"Y\",\"hasBathroom\":\"Y\",\"institutionId\":16,\"params\":{},\"price\":200,\"roomArea\":20,\"roomNumber\":\"96\"}', '{\"msg\":\"ж“ҚдҪңжҲҗеҠҹ\",\"code\":200}', '0', null, '2025-11-12 00:08:50', '26');
INSERT INTO `sys_oper_log` VALUES ('242', 'е…»иҖҒжңәжһ„е…Ҙй©»', '1', 'com.ruoyi.web.controller.PensionCheckinController.create()', 'POST', '1', 'admin', 'з ”еҸ‘йғЁй—Ё', '/pension/checkin/create', '127.0.0.1', 'еҶ…зҪ‘IP', '{\"address\":\"йҳҝж–Ҝи’ӮиҠ¬\",\"age\":69,\"bedId\":10,\"birthDate\":\"1956-05-02\",\"careLevel\":\"1\",\"checkInDate\":\"2025-11-15\",\"depositAmount\":2000,\"elderName\":\"дәІдәІдәІ\",\"emergencyContact\":\"йҳҝж–Ҝи’ӮиҠ¬\",\"emergencyPhone\":\"18539279011\",\"feeDescription\":\"\",\"finalAmount\":37000,\"gender\":\"1\",\"healthStatus\":\"йҳҝж–Ҝи’ӮиҠ¬\",\"idCard\":\"412829195605020073\",\"memberFee\":5000,\"monthCount\":15,\"monthlyFee\":2000,\"paymentMethod\":\"later\",\"phone\":\"18539279011\",\"remark\":\"\",\"specialNeeds\":\"йҳҝж–Ҝи’ӮиҠ¬\"}', '{\"msg\":\"ж“ҚдҪңжҲҗеҠҹ\",\"code\":200}', '0', null, '2025-11-12 00:10:20', '67');
INSERT INTO `sys_oper_log` VALUES ('243', 'еәҠдҪҚдҝЎжҒҜ', '1', 'com.ruoyi.web.controller.BedInfoController.add()', 'POST', '1', 'admin', 'з ”еҸ‘йғЁй—Ё', '/elder/bed', '127.0.0.1', 'еҶ…зҪ‘IP', '{\"bedId\":11,\"bedNumber\":\"1\",\"bedStatus\":\"0\",\"bedType\":\"1\",\"createTime\":\"2025-11-12 00:12:10\",\"floorNumber\":2,\"hasBalcony\":\"Y\",\"hasBathroom\":\"Y\",\"institutionId\":16,\"params\":{},\"price\":2500,\"roomArea\":20,\"roomNumber\":\"1212\"}', '{\"msg\":\"ж“ҚдҪңжҲҗеҠҹ\",\"code\":200}', '0', null, '2025-11-12 00:12:10', '143');
INSERT INTO `sys_oper_log` VALUES ('244', 'е…»иҖҒжңәжһ„е…Ҙй©»', '1', 'com.ruoyi.web.controller.PensionCheckinController.create()', 'POST', '1', 'admin', 'з ”еҸ‘йғЁй—Ё', '/pension/checkin/create', '127.0.0.1', 'еҶ…зҪ‘IP', '{\"address\":\"йҳҝж–Ҝи’ӮиҠ¬\",\"age\":65,\"bedId\":11,\"birthDate\":\"1960-02-20\",\"careLevel\":\"1\",\"checkInDate\":\"2025-11-12\",\"depositAmount\":50000,\"elderName\":\"еҢ№й…Қ\",\"emergencyContact\":\"йҳҝж–Ҝи’ӮиҠ¬\",\"emergencyPhone\":\"18539279011\",\"feeDescription\":\"йҳҝж–Ҝи’ӮиҠ¬\",\"finalAmount\":125000,\"gender\":\"1\",\"healthStatus\":\"йҳҝж–Ҝи’ӮиҠ¬\",\"idCard\":\"412829196002205656\",\"memberFee\":50000,\"monthCount\":10,\"monthlyFee\":2500,\"paymentMethod\":\"later\",\"phone\":\"18539279011\",\"remark\":\"\",\"specialNeeds\":\"йҳҝж–Ҝи’ӮиҠ¬\"}', '{\"msg\":\"ж“ҚдҪңжҲҗеҠҹ\",\"code\":200}', '0', null, '2025-11-12 00:13:19', '87');
INSERT INTO `sys_oper_log` VALUES ('245', 'еәҠдҪҚдҝЎжҒҜ', '1', 'com.ruoyi.web.controller.BedInfoController.add()', 'POST', '1', 'admin', 'з ”еҸ‘йғЁй—Ё', '/elder/bed', '127.0.0.1', 'еҶ…зҪ‘IP', '{\"bedId\":12,\"bedNumber\":\"20\",\"bedStatus\":\"0\",\"bedType\":\"1\",\"createTime\":\"2025-11-12 00:17:46\",\"hasBalcony\":\"0\",\"hasBathroom\":\"0\",\"institutionId\":16,\"params\":{},\"price\":2000,\"roomNumber\":\"63\"}', '{\"msg\":\"ж“ҚдҪңжҲҗеҠҹ\",\"code\":200}', '0', null, '2025-11-12 00:17:46', '165');
INSERT INTO `sys_oper_log` VALUES ('246', 'еәҠдҪҚдҝЎжҒҜ', '2', 'com.ruoyi.web.controller.BedInfoController.edit()', 'PUT', '1', 'admin', 'з ”еҸ‘йғЁй—Ё', '/elder/bed', '127.0.0.1', 'еҶ…зҪ‘IP', '{\"bedId\":12,\"bedNumber\":\"20\",\"bedStatus\":\"0\",\"bedType\":\"1\",\"createBy\":\"\",\"createTime\":\"2025-11-12 00:17:46\",\"floorNumber\":2,\"hasBalcony\":\"N\",\"hasBathroom\":\"Y\",\"institutionId\":16,\"institutionName\":\"adminеўһеҠ зҡ„е…»иҖҒжңәжһ„\",\"params\":{},\"price\":2000,\"roomArea\":20,\"roomNumber\":\"63\",\"updateBy\":\"\",\"updateTime\":\"2025-11-12 00:17:59\"}', '{\"msg\":\"ж“ҚдҪңжҲҗеҠҹ\",\"code\":200}', '0', null, '2025-11-12 00:17:59', '20');
INSERT INTO `sys_oper_log` VALUES ('247', 'е…»иҖҒжңәжһ„е…Ҙй©»', '1', 'com.ruoyi.web.controller.PensionCheckinController.create()', 'POST', '1', 'admin', 'з ”еҸ‘йғЁй—Ё', '/pension/checkin/create', '127.0.0.1', 'еҶ…зҪ‘IP', '{\"address\":\"йҳҝж–Ҝи’ӮиҠ¬\",\"age\":69,\"bedId\":12,\"birthDate\":\"1956-02-20\",\"careLevel\":\"1\",\"checkInDate\":\"2025-11-12\",\"depositAmount\":20000,\"elderName\":\"е•Ҡе•Ҡе•Ҡ\",\"emergencyContact\":\"жҳҜжҳҜжҳҜ\",\"emergencyPhone\":\"18539279011\",\"feeDescription\":\"йҳҝж–Ҝи’ӮиҠ¬\",\"finalAmount\":50000,\"gender\":\"1\",\"healthStatus\":\"йҳҝж–Ҝи’ӮиҠ¬\",\"idCard\":\"412829195602200073\",\"memberFee\":20000,\"monthCount\":10,\"monthlyFee\":2000,\"paymentMethod\":\"later\",\"phone\":\"18539279011\",\"remark\":\"\",\"specialNeeds\":\"иүҫеёҲеӮ…\"}', '{\"msg\":\"ж“ҚдҪңжҲҗеҠҹ\",\"code\":200}', '0', null, '2025-11-12 00:19:09', '80');
INSERT INTO `sys_oper_log` VALUES ('248', 'жЁЎжӢҹж”Ҝд»ҳ', '2', 'com.ruoyi.web.controller.PaymentRecordController.simulatePayment()', 'POST', '1', 'admin', 'з ”еҸ‘йғЁй—Ё', '/payment/record/simulate/12', '127.0.0.1', 'еҶ…зҪ‘IP', '12 {\"params\":{},\"paymentMethod\":\"cash\"}', '{\"msg\":\"ж”Ҝд»ҳжҲҗеҠҹ\",\"code\":200,\"data\":{\"createTime\":\"2025-11-12 00:19:34\",\"elderId\":15,\"gatewayResponse\":\"жЁЎжӢҹж”Ҝд»ҳжҲҗеҠҹ\",\"institutionId\":16,\"operator\":\"system\",\"orderId\":12,\"orderNo\":\"ORD1762877949379\",\"params\":{},\"paymentAmount\":50000.00,\"paymentId\":6,\"paymentMethod\":\"cash\",\"paymentNo\":\"PAY20251112001934125\",\"paymentStatus\":\"1\",\"paymentTime\":\"2025-11-12 00:19:34\",\"transactionId\":\"TXN20251112001934128\"}}', '0', null, '2025-11-12 00:19:34', '49');
INSERT INTO `sys_oper_log` VALUES ('249', 'е…ҘдҪҸдәәз»ӯиҙ№', '1', 'com.ruoyi.web.controller.PensionResidentController.renew()', 'POST', '1', 'admin', 'з ”еҸ‘йғЁй—Ё', '/pension/resident/renew', '127.0.0.1', 'еҶ…зҪ‘IP', '{\"elderId\":15,\"monthCount\":3,\"paymentMethod\":\"cash\"}', null, '1', '\r\n### Error updating database.  Cause: java.sql.SQLException: Field \'order_amount\' doesn\'t have a default value\r\n### The error may exist in file [D:\\newhm\\newzijin\\ruoyi-admin\\target\\classes\\mapper\\OrderInfoMapper.xml]\r\n### The error may involve com.ruoyi.mapper.OrderInfoMapper.insertOrderInfo-Inline\r\n### The error occurred while setting parameters\r\n### SQL: insert into order_info          ( order_no,             order_type,             elder_id,             institution_id,                                                                 order_status,             payment_method,             payment_time,             order_date,                                       billing_cycle,                                       discount_amount,                          create_by,             create_time )           values ( ?,             ?,             ?,             ?,                                                                 ?,             ?,             ?,             ?,                                       ?,                                       ?,                          ?,             ? )\r\n### Cause: java.sql.SQLException: Field \'order_amount\' doesn\'t have a default value\n; Field \'order_amount\' doesn\'t have a default value; nested exception is java.sql.SQLException: Field \'order_amount\' doesn\'t have a default value', '2025-11-12 12:18:45', '55');
INSERT INTO `sys_oper_log` VALUES ('250', 'е…ҘдҪҸдәәз»ӯиҙ№', '1', 'com.ruoyi.web.controller.PensionResidentController.renew()', 'POST', '1', 'admin', 'з ”еҸ‘йғЁй—Ё', '/pension/resident/renew', '127.0.0.1', 'еҶ…зҪ‘IP', '{\"depositAmount\":2000,\"elderId\":15,\"finalAmount\":5000,\"memberFee\":0,\"monthCount\":2,\"paymentMethod\":\"cash\"}', '{\"msg\":\"ж“ҚдҪңжҲҗеҠҹ\",\"code\":200}', '0', null, '2025-11-12 12:26:21', '63');
INSERT INTO `sys_oper_log` VALUES ('251', 'е…ҘдҪҸдәәз»ӯиҙ№', '1', 'com.ruoyi.web.controller.PensionResidentController.renew()', 'POST', '1', 'admin', 'з ”еҸ‘йғЁй—Ё', '/pension/resident/renew', '127.0.0.1', 'еҶ…зҪ‘IP', '{\"depositAmount\":0,\"elderId\":15,\"finalAmount\":2000,\"memberFee\":0,\"monthCount\":1,\"paymentMethod\":\"cash\"}', '{\"msg\":\"ж“ҚдҪңжҲҗеҠҹ\",\"code\":200}', '0', null, '2025-11-12 12:28:02', '22');
INSERT INTO `sys_oper_log` VALUES ('252', 'е…ҘдҪҸдәәз»ӯиҙ№', '1', 'com.ruoyi.web.controller.PensionResidentController.renew()', 'POST', '1', 'admin', 'з ”еҸ‘йғЁй—Ё', '/pension/resident/renew', '127.0.0.1', 'еҶ…зҪ‘IP', '{\"depositAmount\":10000,\"elderId\":15,\"finalAmount\":10000,\"memberFee\":0,\"monthCount\":0,\"paymentMethod\":\"cash\"}', '{\"msg\":\"ж“ҚдҪңжҲҗеҠҹ\",\"code\":200}', '0', null, '2025-11-12 12:28:49', '28');
INSERT INTO `sys_oper_log` VALUES ('253', 'е…ҘдҪҸдәәз»ӯиҙ№', '1', 'com.ruoyi.web.controller.PensionResidentController.renew()', 'POST', '1', 'admin', 'з ”еҸ‘йғЁй—Ё', '/pension/resident/renew', '127.0.0.1', 'еҶ…зҪ‘IP', '{\"depositAmount\":3000,\"elderId\":15,\"finalAmount\":2000,\"memberFee\":0,\"monthCount\":0,\"paymentMethod\":\"cash\"}', '{\"msg\":\"ж“ҚдҪңжҲҗеҠҹ\",\"code\":200}', '0', null, '2025-11-12 12:29:20', '34');
INSERT INTO `sys_oper_log` VALUES ('254', 'жҸҗдәӨжңәжһ„е…Ҙй©»з”іиҜ·', '1', 'com.ruoyi.web.controller.PensionInstitutionController.submitApply()', 'POST', '1', 'admin', 'з ”еҸ‘йғЁй—Ё', '/pension/institution/apply/submit', '127.0.0.1', 'еҶ…зҪ‘IP', '{\"actualAddress\":\"adminз¬¬дәҢдёӘжңәжһ„\",\"applyTime\":\"2025-11-12 22:46:45\",\"approvalCertificate\":\"http://localhost:8080/profile/upload/2025/11/12/logo_20251112224631A002.png\",\"bankAccount\":\"564564\",\"bedCount\":500,\"businessLicense\":\"http://localhost:8080/profile/upload/2025/11/12/logo_20251112224628A001.png\",\"contactPerson\":\"ASDF\",\"contactPhone\":\"18539279011\",\"creditCode\":\"91410100MA45TE2X84\",\"establishedDate\":\"2025-11-02\",\"feeRange\":\"200-5000\",\"fixedAssets\":100.0,\"institutionId\":20,\"institutionName\":\"adminз¬¬дәҢдёӘжңәжһ„\",\"institutionType\":\"nursing_home\",\"organizer\":\"45465\",\"params\":{},\"recordNumber\":\"789789\",\"registeredAddress\":\"adminз¬¬дәҢдёӘжңәжһ„\",\"registeredCapital\":100.0,\"responsibleAddress\":\"adminз¬¬дәҢдёӘжңәжһ„ASDF \",\"responsibleIdCard\":\"412829198908160071\",\"responsibleName\":\"ASDF \",\"responsiblePhone\":\"18539279011\",\"status\":\"0\",\"street\":\"adminз¬¬дәҢдёӘжңәжһ„\",\"superviseAccount\":\"45456\",\"supervisionAgreement\":\"http://localhost:8080/profile/upload/2025/11/12/logo_20251112224634A003.png\",\"updateTime\":\"2025-11-12 22:46:45\"}', '{\"msg\":\"ж“ҚдҪңжҲҗеҠҹ\",\"code\":200}', '0', null, '2025-11-12 22:46:45', '17');
INSERT INTO `sys_oper_log` VALUES ('255', 'е…»иҖҒжңәжһ„е…Ҙй©»з”іиҜ·', '2', 'com.ruoyi.web.controller.pension.SupervisionInstitutionController.approve()', 'PUT', '1', 'admin', 'з ”еҸ‘йғЁй—Ё', '/pension/supervision/institution/approval/approve/20', '127.0.0.1', 'еҶ…зҪ‘IP', '20', '{\"msg\":\"ж“ҚдҪңжҲҗеҠҹ\",\"code\":200}', '0', null, '2025-11-12 22:46:58', '13');
INSERT INTO `sys_oper_log` VALUES ('256', 'еәҠдҪҚдҝЎжҒҜ', '1', 'com.ruoyi.web.controller.BedInfoController.add()', 'POST', '1', 'admin', 'з ”еҸ‘йғЁй—Ё', '/elder/bed', '127.0.0.1', 'еҶ…зҪ‘IP', '{\"bedId\":13,\"bedNumber\":\"56\",\"bedStatus\":\"0\",\"bedType\":\"1\",\"createTime\":\"2025-11-12 22:47:36\",\"hasBalcony\":\"0\",\"hasBathroom\":\"0\",\"institutionId\":20,\"params\":{},\"price\":1000,\"roomNumber\":\"105\"}', '{\"msg\":\"ж“ҚдҪңжҲҗеҠҹ\",\"code\":200}', '0', null, '2025-11-12 22:47:36', '42');
INSERT INTO `sys_oper_log` VALUES ('257', 'еәҠдҪҚдҝЎжҒҜ', '1', 'com.ruoyi.web.controller.BedInfoController.add()', 'POST', '1', 'admin', 'з ”еҸ‘йғЁй—Ё', '/elder/bed', '127.0.0.1', 'еҶ…зҪ‘IP', '{\"bedId\":14,\"bedNumber\":\"23\",\"bedStatus\":\"0\",\"bedType\":\"1\",\"createTime\":\"2025-11-12 22:59:57\",\"hasBalcony\":\"Y\",\"hasBathroom\":\"Y\",\"institutionId\":20,\"params\":{},\"price\":230,\"roomNumber\":\"632\"}', '{\"msg\":\"ж“ҚдҪңжҲҗеҠҹ\",\"code\":200}', '0', null, '2025-11-12 22:59:57', '33');
INSERT INTO `sys_oper_log` VALUES ('258', 'еәҠдҪҚдҝЎжҒҜ', '1', 'com.ruoyi.web.controller.BedInfoController.add()', 'POST', '1', 'admin', 'з ”еҸ‘йғЁй—Ё', '/elder/bed', '127.0.0.1', 'еҶ…зҪ‘IP', '{\"bedId\":15,\"bedNumber\":\"632\",\"bedStatus\":\"0\",\"bedType\":\"1\",\"createTime\":\"2025-11-12 23:00:23\",\"hasBalcony\":\"0\",\"hasBathroom\":\"0\",\"institutionId\":16,\"params\":{},\"price\":620,\"roomNumber\":\"87978\"}', '{\"msg\":\"ж“ҚдҪңжҲҗеҠҹ\",\"code\":200}', '0', null, '2025-11-12 23:00:23', '7');
INSERT INTO `sys_oper_log` VALUES ('259', 'еәҠдҪҚдҝЎжҒҜ', '1', 'com.ruoyi.web.controller.BedInfoController.add()', 'POST', '1', 'admin', 'з ”еҸ‘йғЁй—Ё', '/elder/bed', '127.0.0.1', 'еҶ…зҪ‘IP', '{\"bedId\":16,\"bedNumber\":\"323\",\"bedStatus\":\"0\",\"bedType\":\"1\",\"createTime\":\"2025-11-12 23:00:46\",\"floorNumber\":2,\"hasBalcony\":\"0\",\"hasBathroom\":\"0\",\"institutionId\":20,\"params\":{},\"price\":620,\"roomArea\":20,\"roomNumber\":\"789\"}', '{\"msg\":\"ж“ҚдҪңжҲҗеҠҹ\",\"code\":200}', '0', null, '2025-11-12 23:00:46', '5');
INSERT INTO `sys_oper_log` VALUES ('260', 'еәҠдҪҚдҝЎжҒҜ', '1', 'com.ruoyi.web.controller.BedInfoController.add()', 'POST', '1', 'admin', 'з ”еҸ‘йғЁй—Ё', '/elder/bed', '127.0.0.1', 'еҶ…зҪ‘IP', '{\"bedId\":17,\"bedNumber\":\"01\",\"bedStatus\":\"0\",\"bedType\":\"1\",\"createTime\":\"2025-11-12 23:01:27\",\"floorNumber\":2,\"hasBalcony\":\"Y\",\"hasBathroom\":\"Y\",\"institutionId\":16,\"params\":{},\"price\":620,\"roomArea\":20,\"roomNumber\":\"96\"}', '{\"msg\":\"ж“ҚдҪңжҲҗеҠҹ\",\"code\":200}', '0', null, '2025-11-12 23:01:27', '21');
INSERT INTO `sys_oper_log` VALUES ('261', 'е…»иҖҒжңәжһ„е…Ҙй©»', '1', 'com.ruoyi.web.controller.PensionCheckinController.create()', 'POST', '1', 'admin', 'з ”еҸ‘йғЁй—Ё', '/pension/checkin/create', '127.0.0.1', 'еҶ…зҪ‘IP', '{\"address\":\"йҳҝж–Ҝи’ӮиҠ¬\",\"age\":36,\"bedId\":13,\"birthDate\":\"1989-08-16\",\"careLevel\":\"1\",\"checkInDate\":\"2025-11-12\",\"depositAmount\":6000,\"elderName\":\"жөӢиҜ•з¬¬дәҢдёӘ\",\"emergencyContact\":\"и¶…еҮә\",\"emergencyPhone\":\"18563652636\",\"feeDescription\":\"\",\"finalAmount\":18000,\"gender\":\"1\",\"healthStatus\":\"йҳҝж–Ҝи’ӮиҠ¬\",\"idCard\":\"412829198908160052\",\"memberFee\":5000,\"monthCount\":7,\"monthlyFee\":1000,\"paymentMethod\":\"later\",\"phone\":\"18539279011\",\"remark\":\"\",\"specialNeeds\":\"йҳҝж–Ҝи’ӮиҠ¬\"}', '{\"msg\":\"ж“ҚдҪңжҲҗеҠҹ\",\"code\":200}', '0', null, '2025-11-12 23:03:08', '57');
INSERT INTO `sys_oper_log` VALUES ('262', 'е…ҘдҪҸдәәз®ЎзҗҶ', '3', 'com.ruoyi.web.controller.PensionResidentController.delete()', 'DELETE', '1', 'admin', 'з ”еҸ‘йғЁй—Ё', '/pension/resident/delete/3', '127.0.0.1', 'еҶ…зҪ‘IP', '3', '{\"msg\":\"ж“ҚдҪңжҲҗеҠҹ\",\"code\":200}', '0', null, '2025-11-13 01:19:34', '32');
INSERT INTO `sys_oper_log` VALUES ('263', 'е…ҘдҪҸдәәз®ЎзҗҶ', '3', 'com.ruoyi.web.controller.PensionResidentController.delete()', 'DELETE', '1', 'admin', 'з ”еҸ‘йғЁй—Ё', '/pension/resident/delete/2', '127.0.0.1', 'еҶ…зҪ‘IP', '2', '{\"msg\":\"ж“ҚдҪңжҲҗеҠҹ\",\"code\":200}', '0', null, '2025-11-13 01:19:37', '21');
INSERT INTO `sys_oper_log` VALUES ('264', 'е…ҘдҪҸдәәз®ЎзҗҶ', '3', 'com.ruoyi.web.controller.PensionResidentController.delete()', 'DELETE', '1', 'admin', 'з ”еҸ‘йғЁй—Ё', '/pension/resident/delete/1', '127.0.0.1', 'еҶ…зҪ‘IP', '1', '{\"msg\":\"ж“ҚдҪңжҲҗеҠҹ\",\"code\":200}', '0', null, '2025-11-13 01:19:40', '20');
INSERT INTO `sys_oper_log` VALUES ('265', 'е…ҘдҪҸдәәз»ӯиҙ№', '1', 'com.ruoyi.web.controller.PensionResidentController.renew()', 'POST', '1', 'admin', 'з ”еҸ‘йғЁй—Ё', '/pension/resident/renew', '127.0.0.1', 'еҶ…зҪ‘IP', '{\"depositAmount\":0,\"elderId\":7,\"finalAmount\":14000,\"memberFee\":0,\"monthCount\":7,\"paymentMethod\":\"cash\"}', '{\"msg\":\"ж“ҚдҪңжҲҗеҠҹ\",\"code\":200}', '0', null, '2025-11-13 01:20:23', '51');
INSERT INTO `sys_oper_log` VALUES ('266', 'жЁЎжӢҹж”Ҝд»ҳ', '2', 'com.ruoyi.web.controller.PaymentRecordController.simulatePayment()', 'POST', '1', 'admin', 'з ”еҸ‘йғЁй—Ё', '/payment/record/simulate/17', '127.0.0.1', 'еҶ…зҪ‘IP', '17 {\"params\":{},\"paymentMethod\":\"cash\"}', '{\"msg\":\"ж”Ҝд»ҳжҲҗеҠҹ\",\"code\":200,\"data\":{\"createTime\":\"2025-11-13 01:42:24\",\"elderId\":16,\"gatewayResponse\":\"жЁЎжӢҹж”Ҝд»ҳжҲҗеҠҹ\",\"institutionId\":20,\"operator\":\"system\",\"orderId\":17,\"orderNo\":\"ORD1762959787954\",\"params\":{},\"paymentAmount\":18000.00,\"paymentId\":7,\"paymentMethod\":\"cash\",\"paymentNo\":\"PAY20251113014224315\",\"paymentStatus\":\"1\",\"paymentTime\":\"2025-11-13 01:42:24\",\"transactionId\":\"TXN20251113014224315\"}}', '0', null, '2025-11-13 01:42:24', '47');
INSERT INTO `sys_oper_log` VALUES ('267', 'жҠјйҮ‘дҪҝз”Ёз”іиҜ·', '1', 'com.ruoyi.web.controller.pension.DepositApplyController.add()', 'POST', '1', 'admin', 'з ”еҸ‘йғЁй—Ё', '/pension/deposit/apply', '127.0.0.1', 'еҶ…зҪ‘IP', '{\"applyNo\":\"DEP1762973188200\",\"applyStatus\":\"draft\",\"createBy\":\"admin\",\"createTime\":\"2025-11-13 02:46:28\",\"params\":{},\"purpose\":\"еҢ»з–—иҙ№з”Ё\"}', null, '1', '\r\n### Error updating database.  Cause: java.sql.SQLException: Field \'elder_id\' doesn\'t have a default value\r\n### The error may exist in file [D:\\newhm\\newzijin\\ruoyi-admin\\target\\classes\\mapper\\pension\\DepositApplyMapper.xml]\r\n### The error may involve com.ruoyi.mapper.pension.DepositApplyMapper.insertDepositApply-Inline\r\n### The error occurred while setting parameters\r\n### SQL: insert into deposit_apply          ( apply_no,                                                                                                        purpose,                                                    apply_status,                                                                                                                                               create_by,             create_time )           values ( ?,                                                                                                        ?,                                                    ?,                                                                                                                                               ?,             ? )\r\n### Cause: java.sql.SQLException: Field \'elder_id\' doesn\'t have a default value\n; Field \'elder_id\' doesn\'t have a default value; nested exception is java.sql.SQLException: Field \'elder_id\' doesn\'t have a default value', '2025-11-13 02:46:28', '101');
INSERT INTO `sys_oper_log` VALUES ('268', 'жҠјйҮ‘дҪҝз”Ёз”іиҜ·', '1', 'com.ruoyi.web.controller.pension.DepositApplyController.add()', 'POST', '1', 'admin', 'з ”еҸ‘йғЁй—Ё', '/pension/deposit/apply', '127.0.0.1', 'еҶ…зҪ‘IP', '{\"applyNo\":\"DEP1762973205908\",\"applyStatus\":\"draft\",\"createBy\":\"admin\",\"createTime\":\"2025-11-13 02:46:45\",\"params\":{},\"purpose\":\"еҢ»з–—иҙ№з”Ё\"}', null, '1', '\r\n### Error updating database.  Cause: java.sql.SQLException: Field \'elder_id\' doesn\'t have a default value\r\n### The error may exist in file [D:\\newhm\\newzijin\\ruoyi-admin\\target\\classes\\mapper\\pension\\DepositApplyMapper.xml]\r\n### The error may involve com.ruoyi.mapper.pension.DepositApplyMapper.insertDepositApply-Inline\r\n### The error occurred while setting parameters\r\n### SQL: insert into deposit_apply          ( apply_no,                                                                                                        purpose,                                                    apply_status,                                                                                                                                               create_by,             create_time )           values ( ?,                                                                                                        ?,                                                    ?,                                                                                                                                               ?,             ? )\r\n### Cause: java.sql.SQLException: Field \'elder_id\' doesn\'t have a default value\n; Field \'elder_id\' doesn\'t have a default value; nested exception is java.sql.SQLException: Field \'elder_id\' doesn\'t have a default value', '2025-11-13 02:46:45', '5');
INSERT INTO `sys_oper_log` VALUES ('269', 'жҠјйҮ‘дҪҝз”Ёз”іиҜ·', '1', 'com.ruoyi.web.controller.pension.DepositApplyController.add()', 'POST', '1', 'admin', 'з ”еҸ‘йғЁй—Ё', '/pension/deposit/apply', '127.0.0.1', 'еҶ…зҪ‘IP', '{\"applyNo\":\"DEP1762974250663\",\"applyStatus\":\"draft\",\"createBy\":\"admin\",\"createTime\":\"2025-11-13 03:04:10\",\"params\":{},\"purpose\":\"дёӘдәәзү©е“Ғиҙӯд№°\"}', null, '1', '\r\n### Error updating database.  Cause: java.sql.SQLException: Field \'elder_id\' doesn\'t have a default value\r\n### The error may exist in file [D:\\newhm\\newzijin\\ruoyi-admin\\target\\classes\\mapper\\pension\\DepositApplyMapper.xml]\r\n### The error may involve com.ruoyi.mapper.pension.DepositApplyMapper.insertDepositApply-Inline\r\n### The error occurred while setting parameters\r\n### SQL: insert into deposit_apply          ( apply_no,                                                                                                        purpose,                                                    apply_status,                                                                                                                                               create_by,             create_time )           values ( ?,                                                                                                        ?,                                                    ?,                                                                                                                                               ?,             ? )\r\n### Cause: java.sql.SQLException: Field \'elder_id\' doesn\'t have a default value\n; Field \'elder_id\' doesn\'t have a default value; nested exception is java.sql.SQLException: Field \'elder_id\' doesn\'t have a default value', '2025-11-13 03:04:10', '11');
INSERT INTO `sys_oper_log` VALUES ('270', 'жҠјйҮ‘дҪҝз”Ёз”іиҜ·', '1', 'com.ruoyi.web.controller.pension.DepositApplyController.add()', 'POST', '1', 'admin', 'з ”еҸ‘йғЁй—Ё', '/pension/deposit/apply', '127.0.0.1', 'еҶ…зҪ‘IP', '{\"applyAmount\":300,\"applyNo\":\"DEP1762975689373\",\"applyReason\":\"йҳҝж–Ҝи’ӮиҠ¬йҳҝж–Ҝи’ӮиҠ¬йҳҝж–Ҝи’ӮиҠ¬\",\"applyStatus\":\"pending_family\",\"applyType\":\"жҠјйҮ‘дҪҝз”Ё\",\"attachments\":\"[{\\\"name\\\":\\\"logo.png\\\",\\\"url\\\":\\\"/profile/upload/2025/11/13/logo_20251113032445A001.png\\\",\\\"uid\\\":1762975485559,\\\"status\\\":\\\"success\\\"},{\\\"name\\\":\\\"гҖҗиө„ж–ҷ ж•ҷзЁӢ еӯҰд№  иө„жәҗжұҮжҖ»гҖ‘.docx\\\",\\\"url\\\":\\\"/profile/upload/2025/11/13/гҖҗиө„ж–ҷ ж•ҷзЁӢ еӯҰд№  иө„жәҗжұҮжҖ»гҖ‘_20251113032454A002.docx\\\",\\\"uid\\\":1762975494289,\\\"status\\\":\\\"success\\\"}]\",\"createBy\":\"admin\",\"createTime\":\"2025-11-13 03:28:09\",\"description\":\"йҳҝж–Ҝи’ӮиҠ¬\",\"elderId\":16,\"expectedUseDate\":\"2025-11-25\",\"institutionId\":20,\"params\":{},\"purpose\":\"еҢ»з–—иҙ№з”Ё\",\"remark\":\"йҳҝйҒ“еӨ«\",\"urgencyLevel\":\"дёҖиҲ¬\"}', null, '1', '\r\n### Error updating database.  Cause: java.sql.SQLException: Field \'account_id\' doesn\'t have a default value\r\n### The error may exist in file [D:\\newhm\\newzijin\\ruoyi-admin\\target\\classes\\mapper\\pension\\DepositApplyMapper.xml]\r\n### The error may involve com.ruoyi.mapper.pension.DepositApplyMapper.insertDepositApply-Inline\r\n### The error occurred while setting parameters\r\n### SQL: insert into deposit_apply          ( apply_no,             elder_id,             institution_id,                          apply_amount,             apply_reason,             apply_type,             urgency_level,             purpose,             description,             expected_use_date,             attachments,             apply_status,                                                                                                                                               create_by,             create_time,             remark )           values ( ?,             ?,             ?,                          ?,             ?,             ?,             ?,             ?,             ?,             ?,             ?,             ?,                                                                                                                                               ?,             ?,             ? )\r\n### Cause: java.sql.SQLException: Field \'account_id\' doesn\'t have a default value\n; Field \'account_id\' doesn\'t have a default value; nested exception is java.sql.SQLException: Field \'account_id\' doesn\'t have a default value', '2025-11-13 03:28:10', '270');
INSERT INTO `sys_oper_log` VALUES ('271', 'жҠјйҮ‘дҪҝз”Ёз”іиҜ·', '1', 'com.ruoyi.web.controller.pension.DepositApplyController.add()', 'POST', '1', 'admin', 'з ”еҸ‘йғЁй—Ё', '/pension/deposit/apply', '127.0.0.1', 'еҶ…зҪ‘IP', '{\"applyAmount\":3000,\"applyId\":4,\"applyNo\":\"DEP1762975954286\",\"applyReason\":\"456456465456\",\"applyStatus\":\"pending_family\",\"applyType\":\"жҠјйҮ‘дҪҝз”Ё\",\"attachments\":\"[{\\\"name\\\":\\\"е…»иҖҒжңәжһ„йў„ж”¶иҙ№иө„йҮ‘зӣ‘з®Ўе№іеҸ°еҠҹиғҪжё…еҚ•_Sheet1.png\\\",\\\"url\\\":\\\"/profile/upload/2025/11/13/е…»иҖҒжңәжһ„йў„ж”¶иҙ№иө„йҮ‘зӣ‘з®Ўе№іеҸ°еҠҹиғҪжё…еҚ•_Sheet1_20251113033218A003.png\\\",\\\"uid\\\":1762975938012,\\\"status\\\":\\\"success\\\"}]\",\"createBy\":\"admin\",\"createTime\":\"2025-11-13 03:32:34\",\"description\":\"5456456\",\"elderId\":16,\"expectedUseDate\":\"2025-11-19\",\"institutionId\":20,\"params\":{},\"purpose\":\"дёӘдәәзү©е“Ғиҙӯд№°\",\"remark\":\"546545\",\"urgencyLevel\":\"дёҖиҲ¬\"}', '{\"msg\":\"ж“ҚдҪңжҲҗеҠҹ\",\"code\":200}', '0', null, '2025-11-13 03:32:34', '22');
INSERT INTO `sys_oper_log` VALUES ('272', 'ж’ӨеӣһжҠјйҮ‘дҪҝз”Ёз”іиҜ·', '2', 'com.ruoyi.web.controller.pension.DepositApplyController.withdraw()', 'PUT', '1', 'admin', 'з ”еҸ‘йғЁй—Ё', '/pension/deposit/apply/withdraw/4', '127.0.0.1', 'еҶ…зҪ‘IP', '4', '{\"msg\":\"ж“ҚдҪңжҲҗеҠҹ\",\"code\":200}', '0', null, '2025-11-13 03:47:29', '21');
INSERT INTO `sys_oper_log` VALUES ('273', 'жҠјйҮ‘дҪҝз”Ёз”іиҜ·', '1', 'com.ruoyi.web.controller.pension.DepositApplyController.add()', 'POST', '1', 'admin', 'з ”еҸ‘йғЁй—Ё', '/pension/deposit/apply', '127.0.0.1', 'еҶ…зҪ‘IP', '{\"applyAmount\":100,\"applyId\":5,\"applyNo\":\"DEP1762977286219\",\"applyReason\":\"564654564564654654\",\"applyStatus\":\"pending_family\",\"applyType\":\"жҠјйҮ‘дҪҝз”Ё\",\"attachments\":\"[{\\\"name\\\":\\\"logo.png\\\",\\\"url\\\":\\\"/profile/upload/2025/11/13/logo_20251113035443A001.png\\\",\\\"uid\\\":1762977283466,\\\"status\\\":\\\"success\\\"}]\",\"createBy\":\"admin\",\"createTime\":\"2025-11-13 03:54:46\",\"description\":\"зңӢзңӢеӣһе®¶зңӢеҘҪзңӢе°ұ \",\"elderId\":11,\"expectedUseDate\":\"2025-11-29\",\"institutionId\":16,\"params\":{},\"purpose\":\"еҢ»з–—иҙ№з”Ё\",\"remark\":\"\",\"urgencyLevel\":\"дёҖиҲ¬\"}', '{\"msg\":\"ж“ҚдҪңжҲҗеҠҹ\",\"code\":200}', '0', null, '2025-11-13 03:54:46', '23');
INSERT INTO `sys_oper_log` VALUES ('274', 'жҠјйҮ‘дҪҝз”Ёз”іиҜ·', '1', 'com.ruoyi.web.controller.pension.DepositApplyController.add()', 'POST', '1', 'admin', 'з ”еҸ‘йғЁй—Ё', '/pension/deposit/apply', '127.0.0.1', 'еҶ…зҪ‘IP', '{\"applyAmount\":200,\"applyId\":6,\"applyNo\":\"DEP1762977335512\",\"applyReason\":\"йҳҝж–Ҝи’ӮиҠ¬йҳҝж–Ҝи’ӮиҠ¬йҳҝж–Ҝи’ӮиҠ¬\",\"applyStatus\":\"pending_family\",\"applyType\":\"жҠјйҮ‘дҪҝз”Ё\",\"attachments\":\"[{\\\"name\\\":\\\"logo.png\\\",\\\"url\\\":\\\"/profile/upload/2025/11/13/logo_20251113035533A001.png\\\",\\\"uid\\\":1762977333152,\\\"status\\\":\\\"success\\\"}]\",\"createBy\":\"admin\",\"createTime\":\"2025-11-13 03:55:35\",\"description\":\"йҳҝж–Ҝи’ӮиҠ¬йҳҝж–Ҝи’ӮиҠ¬\",\"elderId\":11,\"expectedUseDate\":\"2025-11-25\",\"institutionId\":16,\"params\":{},\"purpose\":\"дёӘдәәзү©е“Ғиҙӯд№°\",\"remark\":\"\",\"urgencyLevel\":\"дёҖиҲ¬\"}', '{\"msg\":\"ж“ҚдҪңжҲҗеҠҹ\",\"code\":200}', '0', null, '2025-11-13 03:55:35', '103');
INSERT INTO `sys_oper_log` VALUES ('275', 'жҠјйҮ‘дҪҝз”Ёз”іиҜ·', '1', 'com.ruoyi.web.controller.pension.DepositApplyController.add()', 'POST', '1', 'admin', 'з ”еҸ‘йғЁй—Ё', '/pension/deposit/apply', '127.0.0.1', 'еҶ…зҪ‘IP', '{\"applyAmount\":200,\"applyId\":7,\"applyNo\":\"DEP1762977550238\",\"applyReason\":\"иҙ№ж°ҙз”өиҙ№ж”¶еҲ°еҸ‘з»ҷж”¶еҲ°еҸ‘з»ҷ\",\"applyStatus\":\"pending_family\",\"applyType\":\"жҠјйҮ‘дҪҝз”Ё\",\"attachments\":\"[{\\\"name\\\":\\\"е…»иҖҒжңәжһ„йў„ж”¶иҙ№иө„йҮ‘зӣ‘з®Ўе№іеҸ°еҠҹиғҪжё…еҚ•_Sheet1.png\\\",\\\"url\\\":\\\"/profile/upload/2025/11/13/е…»иҖҒжңәжһ„йў„ж”¶иҙ№иө„йҮ‘зӣ‘з®Ўе№іеҸ°еҠҹиғҪжё…еҚ•_Sheet1_20251113035904A001.png\\\",\\\"uid\\\":1762977544600,\\\"status\\\":\\\"success\\\"}]\",\"createBy\":\"admin\",\"createTime\":\"2025-11-13 03:59:10\",\"description\":\"ж”¶еҲ°еҸ‘з»ҷж”¶еҲ°еҸ‘з»ҷж”¶еҲ°еҸ‘з»ҷ\",\"elderId\":11,\"expectedUseDate\":\"2025-11-24\",\"institutionId\":16,\"params\":{},\"purpose\":\"еҢ»з–—иҙ№з”Ё\",\"remark\":\"ж”¶еҲ°еҸ‘з»ҷ\",\"urgencyLevel\":\"дёҖиҲ¬\"}', '{\"msg\":\"ж“ҚдҪңжҲҗеҠҹ\",\"code\":200}', '0', null, '2025-11-13 03:59:10', '100');
INSERT INTO `sys_oper_log` VALUES ('276', 'ж’ӨеӣһжҠјйҮ‘дҪҝз”Ёз”іиҜ·', '2', 'com.ruoyi.web.controller.pension.DepositApplyController.withdraw()', 'PUT', '1', 'admin', 'з ”еҸ‘йғЁй—Ё', '/pension/deposit/apply/withdraw/2', '127.0.0.1', 'еҶ…зҪ‘IP', '2', '{\"msg\":\"ж“ҚдҪңжҲҗеҠҹ\",\"code\":200}', '0', null, '2025-11-13 04:04:35', '42');
INSERT INTO `sys_oper_log` VALUES ('277', 'е®¶еұһз®ЎзҗҶ', '1', 'com.ruoyi.web.controller.elder.ElderFamilyController.add()', 'POST', '1', 'admin', 'з ”еҸ‘йғЁй—Ё', '/elder/family', '127.0.0.1', 'еҶ…зҪ‘IP', '{\"createTime\":\"2025-11-14 16:44:55\",\"elderId\":16,\"familyId\":3,\"isDefault\":\"1\",\"isMainContact\":\"1\",\"params\":{},\"phonenumber\":\"15981934928\",\"relationName\":\"еӯҗеҘі\",\"relationType\":\"1\",\"remark\":\"01\",\"status\":\"0\",\"userId\":106}', '{\"msg\":\"ж“ҚдҪңжҲҗеҠҹ\",\"code\":200}', '0', null, '2025-11-14 16:44:55', '99');
INSERT INTO `sys_oper_log` VALUES ('278', 'еҸӮж•°з®ЎзҗҶ', '2', 'com.ruoyi.web.controller.system.SysConfigController.edit()', 'PUT', '1', 'admin', 'з ”еҸ‘йғЁй—Ё', '/system/config', '127.0.0.1', 'еҶ…зҪ‘IP', '{\"configId\":4,\"configKey\":\"sys.account.captchaEnabled\",\"configName\":\"иҙҰеҸ·иҮӘеҠ©-йӘҢиҜҒз ҒејҖе…і\",\"configType\":\"N\",\"configValue\":\"false\",\"createBy\":\"admin\",\"createTime\":\"2025-10-28 02:47:08\",\"params\":{},\"remark\":\"жҳҜеҗҰејҖеҗҜйӘҢиҜҒз ҒеҠҹиғҪпјҲtrueејҖеҗҜпјҢfalseе…ій—ӯпјү\",\"updateBy\":\"admin\"}', '{\"msg\":\"ж“ҚдҪңжҲҗеҠҹ\",\"code\":200}', '0', null, '2025-11-16 00:25:39', '31');
INSERT INTO `sys_oper_log` VALUES ('279', 'ж–°еўһжңәжһ„иҙҰеҸ·', '1', 'com.ruoyi.web.controller.supervision.InstitutionManageController.addInstitutionAccount()', 'POST', '1', 'admin', 'з ”еҸ‘йғЁй—Ё', '/supervision/institution/account/add', '127.0.0.1', 'еҶ…зҪ‘IP', '{\"actualAddress\":\"йҳҝж–Ҝи’ӮиҠ¬\",\"contactPerson\":\"йҷҲе№ёзҰҸ\",\"contactPhone\":\"13666666666\",\"createBy\":\"admin\",\"createTime\":\"2025-11-16 00:50:24\",\"creditCode\":\"91410100MA45TE2X89\",\"fixedAssets\":null,\"institutionId\":21,\"institutionName\":\"е№ёзҰҸе…»иҖҒ\",\"legalPerson\":\"дёӨеҲ—\",\"params\":{},\"registeredAddress\":\"йҳҝж–Ҝи’ӮиҠ¬\",\"registeredCapital\":1000000.0}', '{\"msg\":\"ж“ҚдҪңжҲҗеҠҹ\",\"code\":200,\"data\":{\"password\":\"666666\",\"institutionId\":21,\"institutionName\":\"е№ёзҰҸе…»иҖҒ\",\"userName\":\"jg666666\",\"message\":\"жңәжһ„иҙҰеҸ·еҲӣе»әжҲҗеҠҹ\"}}', '0', null, '2025-11-16 00:50:24', '133');
INSERT INTO `sys_oper_log` VALUES ('280', 'и§’иүІз®ЎзҗҶ', '2', 'com.ruoyi.web.controller.system.SysRoleController.edit()', 'PUT', '1', 'admin', 'з ”еҸ‘йғЁй—Ё', '/system/role', '127.0.0.1', 'еҶ…зҪ‘IP', '{\"admin\":false,\"createTime\":\"2025-11-10 02:20:16\",\"dataScope\":\"1\",\"delFlag\":\"0\",\"deptCheckStrictly\":true,\"flag\":false,\"menuCheckStrictly\":true,\"menuIds\":[2000,2001,2010,2011,2012,2014,2015,2016,2017,2018,2013,4009,4010,4012,4013,4014,4015,4016,2020,2021,2121,2122,2123,2124,2125,4017,2030,2031,4035,4036,4037,4038,4039,4040,4041,2032,4042,4043,4044,4045,4046,4047,2040,2041,4027,4028,4029,4030,4031,4032,4033,4034,2050,2051,4018,4019,4020,4021,4022,4023,4024,2052,4025,4026,2060,2061,2062,2070,2071,2072,2080,2090],\"params\":{},\"roleId\":100,\"roleKey\":\"jigoumanage\",\"roleName\":\"жңәжһ„з®ЎзҗҶе‘ҳ\",\"roleSort\":3,\"status\":\"0\",\"updateBy\":\"admin\"}', '{\"msg\":\"ж“ҚдҪңжҲҗеҠҹ\",\"code\":200}', '0', null, '2025-11-16 01:26:32', '27');
INSERT INTO `sys_oper_log` VALUES ('281', 'и§’иүІз®ЎзҗҶ', '2', 'com.ruoyi.web.controller.system.SysRoleController.edit()', 'PUT', '1', 'admin', 'з ”еҸ‘йғЁй—Ё', '/system/role', '127.0.0.1', 'еҶ…зҪ‘IP', '{\"admin\":false,\"createTime\":\"2025-11-10 02:20:16\",\"dataScope\":\"1\",\"delFlag\":\"0\",\"deptCheckStrictly\":true,\"flag\":false,\"menuCheckStrictly\":true,\"menuIds\":[2000,2001,2010,2011,2012,2014,2015,2016,2017,2018,2013,4009,4010,4012,4013,4014,4015,4016,2020,2021,2121,2122,2123,2124,2125,4017,2030,2031,4035,4036,4037,4038,4039,4040,4041,2032,4042,4043,4044,4045,4046,4047,2040,2041,4027,4028,4029,4030,4031,4032,4033,4034,2050,2051,4018,4019,4020,4021,4022,4023,4024,2052,4025,4026,2060,2061,2062,2070,2071,2072,2080,2090],\"params\":{},\"roleId\":100,\"roleKey\":\"jigoumanage\",\"roleName\":\"жңәжһ„з®ЎзҗҶе‘ҳ\",\"roleSort\":3,\"status\":\"0\",\"updateBy\":\"admin\"}', '{\"msg\":\"ж“ҚдҪңжҲҗеҠҹ\",\"code\":200}', '0', null, '2025-11-16 01:38:07', '44');
INSERT INTO `sys_oper_log` VALUES ('282', 'е…»иҖҒжңәжһ„е…Ҙй©»з”іиҜ·', '2', 'com.ruoyi.web.controller.pension.SupervisionInstitutionController.reject()', 'PUT', '1', 'admin', 'з ”еҸ‘йғЁй—Ё', '/pension/supervision/institution/approval/reject/15', '127.0.0.1', 'еҶ…зҪ‘IP', '15 {\"fixedAssets\":null,\"institutionId\":15,\"params\":{},\"registeredCapital\":null,\"remark\":\"йҳҝж–Ҝи’ӮиҠ¬\"}', '{\"msg\":\"ж“ҚдҪңжҲҗеҠҹ\",\"code\":200}', '0', null, '2025-11-16 02:33:25', '49');

-- ----------------------------
-- Table structure for sys_post
-- ----------------------------
DROP TABLE IF EXISTS `sys_post`;
CREATE TABLE `sys_post` (
  `post_id` bigint(20) NOT NULL AUTO_INCREMENT COMMENT 'еІ—дҪҚID',
  `post_code` varchar(64) COLLATE utf8mb4_general_ci NOT NULL COMMENT 'еІ—дҪҚзј–з Ғ',
  `post_name` varchar(50) COLLATE utf8mb4_general_ci NOT NULL COMMENT 'еІ—дҪҚеҗҚз§°',
  `post_sort` int(4) NOT NULL COMMENT 'жҳҫзӨәйЎәеәҸ',
  `status` char(1) COLLATE utf8mb4_general_ci NOT NULL COMMENT 'зҠ¶жҖҒпјҲ0жӯЈеёё 1еҒңз”Ёпјү',
  `create_by` varchar(64) COLLATE utf8mb4_general_ci DEFAULT '' COMMENT 'еҲӣе»әиҖ…',
  `create_time` datetime DEFAULT NULL COMMENT 'еҲӣе»әж—¶й—ҙ',
  `update_by` varchar(64) COLLATE utf8mb4_general_ci DEFAULT '' COMMENT 'жӣҙж–°иҖ…',
  `update_time` datetime DEFAULT NULL COMMENT 'жӣҙж–°ж—¶й—ҙ',
  `remark` varchar(500) COLLATE utf8mb4_general_ci DEFAULT NULL COMMENT 'еӨҮжіЁ',
  PRIMARY KEY (`post_id`)
) ENGINE=InnoDB AUTO_INCREMENT=6 DEFAULT CHARSET=utf8mb4 COLLATE=utf8mb4_general_ci COMMENT='еІ—дҪҚдҝЎжҒҜиЎЁ';

-- ----------------------------
-- Records of sys_post
-- ----------------------------
INSERT INTO `sys_post` VALUES ('1', 'ceo', 'и‘ЈдәӢй•ҝ', '1', '0', 'admin', '2025-10-28 02:47:08', '', null, '');
INSERT INTO `sys_post` VALUES ('2', 'se', 'йЎ№зӣ®з»ҸзҗҶ', '2', '0', 'admin', '2025-10-28 02:47:08', '', null, '');
INSERT INTO `sys_post` VALUES ('3', 'hr', 'дәәеҠӣиө„жәҗ', '3', '0', 'admin', '2025-10-28 02:47:08', '', null, '');
INSERT INTO `sys_post` VALUES ('4', 'user', 'жҷ®йҖҡе‘ҳе·Ҙ', '4', '0', 'admin', '2025-10-28 02:47:08', '', null, '');
INSERT INTO `sys_post` VALUES ('5', 'jgglgw', 'жңәжһ„з®ЎзҗҶеІ—дҪҚ', '0', '0', 'admin', '2025-11-10 02:23:51', '', null, null);

-- ----------------------------
-- Table structure for sys_role
-- ----------------------------
DROP TABLE IF EXISTS `sys_role`;
CREATE TABLE `sys_role` (
  `role_id` bigint(20) NOT NULL AUTO_INCREMENT COMMENT 'и§’иүІID',
  `role_name` varchar(30) COLLATE utf8mb4_general_ci NOT NULL COMMENT 'и§’иүІеҗҚз§°',
  `role_key` varchar(100) COLLATE utf8mb4_general_ci NOT NULL COMMENT 'и§’иүІжқғйҷҗеӯ—з¬ҰдёІ',
  `role_sort` int(4) NOT NULL COMMENT 'жҳҫзӨәйЎәеәҸ',
  `data_scope` char(1) COLLATE utf8mb4_general_ci DEFAULT '1' COMMENT 'ж•°жҚ®иҢғеӣҙпјҲ1пјҡе…ЁйғЁж•°жҚ®жқғйҷҗ 2пјҡиҮӘе®ҡж•°жҚ®жқғйҷҗ 3пјҡжң¬йғЁй—Ёж•°жҚ®жқғйҷҗ 4пјҡжң¬йғЁй—ЁеҸҠд»ҘдёӢж•°жҚ®жқғйҷҗпјү',
  `menu_check_strictly` tinyint(1) DEFAULT '1' COMMENT 'иҸңеҚ•ж ‘йҖүжӢ©йЎ№жҳҜеҗҰе…іиҒ”жҳҫзӨә',
  `dept_check_strictly` tinyint(1) DEFAULT '1' COMMENT 'йғЁй—Ёж ‘йҖүжӢ©йЎ№жҳҜеҗҰе…іиҒ”жҳҫзӨә',
  `status` char(1) COLLATE utf8mb4_general_ci NOT NULL COMMENT 'и§’иүІзҠ¶жҖҒпјҲ0жӯЈеёё 1еҒңз”Ёпјү',
  `del_flag` char(1) COLLATE utf8mb4_general_ci DEFAULT '0' COMMENT 'еҲ йҷӨж Үеҝ—пјҲ0д»ЈиЎЁеӯҳеңЁ 2д»ЈиЎЁеҲ йҷӨпјү',
  `create_by` varchar(64) COLLATE utf8mb4_general_ci DEFAULT '' COMMENT 'еҲӣе»әиҖ…',
  `create_time` datetime DEFAULT NULL COMMENT 'еҲӣе»әж—¶й—ҙ',
  `update_by` varchar(64) COLLATE utf8mb4_general_ci DEFAULT '' COMMENT 'жӣҙж–°иҖ…',
  `update_time` datetime DEFAULT NULL COMMENT 'жӣҙж–°ж—¶й—ҙ',
  `remark` varchar(500) COLLATE utf8mb4_general_ci DEFAULT NULL COMMENT 'еӨҮжіЁ',
  PRIMARY KEY (`role_id`)
) ENGINE=InnoDB AUTO_INCREMENT=101 DEFAULT CHARSET=utf8mb4 COLLATE=utf8mb4_general_ci COMMENT='и§’иүІдҝЎжҒҜиЎЁ';

-- ----------------------------
-- Records of sys_role
-- ----------------------------
INSERT INTO `sys_role` VALUES ('1', 'и¶…зә§з®ЎзҗҶе‘ҳ', 'admin', '1', '1', '1', '1', '0', '0', 'admin', '2025-10-28 02:47:08', '', null, 'и¶…зә§з®ЎзҗҶе‘ҳ');
INSERT INTO `sys_role` VALUES ('2', 'жҷ®йҖҡи§’иүІ', 'common', '2', '2', '1', '1', '0', '0', 'admin', '2025-10-28 02:47:08', '', null, 'жҷ®йҖҡи§’иүІ');
INSERT INTO `sys_role` VALUES ('3', 'ж°‘ж”ҝзӣ‘з®Ўе‘ҳ', 'supervision', '3', '1', '1', '1', '0', '0', 'admin', '2025-10-29 04:49:09', 'admin', '2025-11-10 11:34:51', 'ж°‘ж”ҝзӣ‘з®ЎйғЁй—Ёи§’иүІ');
INSERT INTO `sys_role` VALUES ('100', 'жңәжһ„з®ЎзҗҶе‘ҳ', 'jigoumanage', '3', '1', '1', '1', '0', '0', 'admin', '2025-11-10 02:20:16', 'admin', '2025-11-16 01:38:07', null);

-- ----------------------------
-- Table structure for sys_role_dept
-- ----------------------------
DROP TABLE IF EXISTS `sys_role_dept`;
CREATE TABLE `sys_role_dept` (
  `role_id` bigint(20) NOT NULL COMMENT 'и§’иүІID',
  `dept_id` bigint(20) NOT NULL COMMENT 'йғЁй—ЁID',
  PRIMARY KEY (`role_id`,`dept_id`)
) ENGINE=InnoDB DEFAULT CHARSET=utf8mb4 COLLATE=utf8mb4_general_ci COMMENT='и§’иүІе’ҢйғЁй—Ёе…іиҒ”иЎЁ';

-- ----------------------------
-- Records of sys_role_dept
-- ----------------------------
INSERT INTO `sys_role_dept` VALUES ('2', '100');
INSERT INTO `sys_role_dept` VALUES ('2', '101');
INSERT INTO `sys_role_dept` VALUES ('2', '105');

-- ----------------------------
-- Table structure for sys_role_menu
-- ----------------------------
DROP TABLE IF EXISTS `sys_role_menu`;
CREATE TABLE `sys_role_menu` (
  `role_id` bigint(20) NOT NULL COMMENT 'и§’иүІID',
  `menu_id` bigint(20) NOT NULL COMMENT 'иҸңеҚ•ID',
  PRIMARY KEY (`role_id`,`menu_id`)
) ENGINE=InnoDB DEFAULT CHARSET=utf8mb4 COLLATE=utf8mb4_general_ci COMMENT='и§’иүІе’ҢиҸңеҚ•е…іиҒ”иЎЁ';

-- ----------------------------
-- Records of sys_role_menu
-- ----------------------------
INSERT INTO `sys_role_menu` VALUES ('1', '2000');
INSERT INTO `sys_role_menu` VALUES ('1', '2001');
INSERT INTO `sys_role_menu` VALUES ('1', '2002');
INSERT INTO `sys_role_menu` VALUES ('1', '2003');
INSERT INTO `sys_role_menu` VALUES ('1', '2004');
INSERT INTO `sys_role_menu` VALUES ('1', '2005');
INSERT INTO `sys_role_menu` VALUES ('1', '2006');
INSERT INTO `sys_role_menu` VALUES ('1', '2100');
INSERT INTO `sys_role_menu` VALUES ('1', '2101');
INSERT INTO `sys_role_menu` VALUES ('1', '2102');
INSERT INTO `sys_role_menu` VALUES ('1', '2103');
INSERT INTO `sys_role_menu` VALUES ('1', '2111');
INSERT INTO `sys_role_menu` VALUES ('1', '2112');
INSERT INTO `sys_role_menu` VALUES ('1', '2113');
INSERT INTO `sys_role_menu` VALUES ('1', '2114');
INSERT INTO `sys_role_menu` VALUES ('1', '2115');
INSERT INTO `sys_role_menu` VALUES ('1', '2121');
INSERT INTO `sys_role_menu` VALUES ('1', '2122');
INSERT INTO `sys_role_menu` VALUES ('1', '2123');
INSERT INTO `sys_role_menu` VALUES ('1', '2124');
INSERT INTO `sys_role_menu` VALUES ('1', '2125');
INSERT INTO `sys_role_menu` VALUES ('1', '2131');
INSERT INTO `sys_role_menu` VALUES ('1', '2132');
INSERT INTO `sys_role_menu` VALUES ('1', '2133');
INSERT INTO `sys_role_menu` VALUES ('1', '2134');
INSERT INTO `sys_role_menu` VALUES ('1', '2135');
INSERT INTO `sys_role_menu` VALUES ('1', '2136');
INSERT INTO `sys_role_menu` VALUES ('1', '2137');
INSERT INTO `sys_role_menu` VALUES ('1', '2138');
INSERT INTO `sys_role_menu` VALUES ('1', '2139');
INSERT INTO `sys_role_menu` VALUES ('1', '2140');
INSERT INTO `sys_role_menu` VALUES ('1', '2141');
INSERT INTO `sys_role_menu` VALUES ('1', '2142');
INSERT INTO `sys_role_menu` VALUES ('1', '2143');
INSERT INTO `sys_role_menu` VALUES ('1', '2144');
INSERT INTO `sys_role_menu` VALUES ('1', '2145');
INSERT INTO `sys_role_menu` VALUES ('1', '2146');
INSERT INTO `sys_role_menu` VALUES ('1', '2147');
INSERT INTO `sys_role_menu` VALUES ('1', '2148');
INSERT INTO `sys_role_menu` VALUES ('1', '2149');
INSERT INTO `sys_role_menu` VALUES ('1', '2150');
INSERT INTO `sys_role_menu` VALUES ('1', '2151');
INSERT INTO `sys_role_menu` VALUES ('1', '2152');
INSERT INTO `sys_role_menu` VALUES ('1', '2153');
INSERT INTO `sys_role_menu` VALUES ('1', '2154');
INSERT INTO `sys_role_menu` VALUES ('1', '2155');
INSERT INTO `sys_role_menu` VALUES ('1', '2156');
INSERT INTO `sys_role_menu` VALUES ('1', '2157');
INSERT INTO `sys_role_menu` VALUES ('1', '2158');
INSERT INTO `sys_role_menu` VALUES ('1', '2159');
INSERT INTO `sys_role_menu` VALUES ('2', '1');
INSERT INTO `sys_role_menu` VALUES ('2', '2');
INSERT INTO `sys_role_menu` VALUES ('2', '3');
INSERT INTO `sys_role_menu` VALUES ('2', '4');
INSERT INTO `sys_role_menu` VALUES ('2', '100');
INSERT INTO `sys_role_menu` VALUES ('2', '101');
INSERT INTO `sys_role_menu` VALUES ('2', '102');
INSERT INTO `sys_role_menu` VALUES ('2', '103');
INSERT INTO `sys_role_menu` VALUES ('2', '104');
INSERT INTO `sys_role_menu` VALUES ('2', '105');
INSERT INTO `sys_role_menu` VALUES ('2', '106');
INSERT INTO `sys_role_menu` VALUES ('2', '107');
INSERT INTO `sys_role_menu` VALUES ('2', '108');
INSERT INTO `sys_role_menu` VALUES ('2', '109');
INSERT INTO `sys_role_menu` VALUES ('2', '110');
INSERT INTO `sys_role_menu` VALUES ('2', '111');
INSERT INTO `sys_role_menu` VALUES ('2', '112');
INSERT INTO `sys_role_menu` VALUES ('2', '113');
INSERT INTO `sys_role_menu` VALUES ('2', '114');
INSERT INTO `sys_role_menu` VALUES ('2', '115');
INSERT INTO `sys_role_menu` VALUES ('2', '116');
INSERT INTO `sys_role_menu` VALUES ('2', '117');
INSERT INTO `sys_role_menu` VALUES ('2', '500');
INSERT INTO `sys_role_menu` VALUES ('2', '501');
INSERT INTO `sys_role_menu` VALUES ('2', '1000');
INSERT INTO `sys_role_menu` VALUES ('2', '1001');
INSERT INTO `sys_role_menu` VALUES ('2', '1002');
INSERT INTO `sys_role_menu` VALUES ('2', '1003');
INSERT INTO `sys_role_menu` VALUES ('2', '1004');
INSERT INTO `sys_role_menu` VALUES ('2', '1005');
INSERT INTO `sys_role_menu` VALUES ('2', '1006');
INSERT INTO `sys_role_menu` VALUES ('2', '1007');
INSERT INTO `sys_role_menu` VALUES ('2', '1008');
INSERT INTO `sys_role_menu` VALUES ('2', '1009');
INSERT INTO `sys_role_menu` VALUES ('2', '1010');
INSERT INTO `sys_role_menu` VALUES ('2', '1011');
INSERT INTO `sys_role_menu` VALUES ('2', '1012');
INSERT INTO `sys_role_menu` VALUES ('2', '1013');
INSERT INTO `sys_role_menu` VALUES ('2', '1014');
INSERT INTO `sys_role_menu` VALUES ('2', '1015');
INSERT INTO `sys_role_menu` VALUES ('2', '1016');
INSERT INTO `sys_role_menu` VALUES ('2', '1017');
INSERT INTO `sys_role_menu` VALUES ('2', '1018');
INSERT INTO `sys_role_menu` VALUES ('2', '1019');
INSERT INTO `sys_role_menu` VALUES ('2', '1020');
INSERT INTO `sys_role_menu` VALUES ('2', '1021');
INSERT INTO `sys_role_menu` VALUES ('2', '1022');
INSERT INTO `sys_role_menu` VALUES ('2', '1023');
INSERT INTO `sys_role_menu` VALUES ('2', '1024');
INSERT INTO `sys_role_menu` VALUES ('2', '1025');
INSERT INTO `sys_role_menu` VALUES ('2', '1026');
INSERT INTO `sys_role_menu` VALUES ('2', '1027');
INSERT INTO `sys_role_menu` VALUES ('2', '1028');
INSERT INTO `sys_role_menu` VALUES ('2', '1029');
INSERT INTO `sys_role_menu` VALUES ('2', '1030');
INSERT INTO `sys_role_menu` VALUES ('2', '1031');
INSERT INTO `sys_role_menu` VALUES ('2', '1032');
INSERT INTO `sys_role_menu` VALUES ('2', '1033');
INSERT INTO `sys_role_menu` VALUES ('2', '1034');
INSERT INTO `sys_role_menu` VALUES ('2', '1035');
INSERT INTO `sys_role_menu` VALUES ('2', '1036');
INSERT INTO `sys_role_menu` VALUES ('2', '1037');
INSERT INTO `sys_role_menu` VALUES ('2', '1038');
INSERT INTO `sys_role_menu` VALUES ('2', '1039');
INSERT INTO `sys_role_menu` VALUES ('2', '1040');
INSERT INTO `sys_role_menu` VALUES ('2', '1041');
INSERT INTO `sys_role_menu` VALUES ('2', '1042');
INSERT INTO `sys_role_menu` VALUES ('2', '1043');
INSERT INTO `sys_role_menu` VALUES ('2', '1044');
INSERT INTO `sys_role_menu` VALUES ('2', '1045');
INSERT INTO `sys_role_menu` VALUES ('2', '1046');
INSERT INTO `sys_role_menu` VALUES ('2', '1047');
INSERT INTO `sys_role_menu` VALUES ('2', '1048');
INSERT INTO `sys_role_menu` VALUES ('2', '1049');
INSERT INTO `sys_role_menu` VALUES ('2', '1050');
INSERT INTO `sys_role_menu` VALUES ('2', '1051');
INSERT INTO `sys_role_menu` VALUES ('2', '1052');
INSERT INTO `sys_role_menu` VALUES ('2', '1053');
INSERT INTO `sys_role_menu` VALUES ('2', '1054');
INSERT INTO `sys_role_menu` VALUES ('2', '1055');
INSERT INTO `sys_role_menu` VALUES ('2', '1056');
INSERT INTO `sys_role_menu` VALUES ('2', '1057');
INSERT INTO `sys_role_menu` VALUES ('2', '1058');
INSERT INTO `sys_role_menu` VALUES ('2', '1059');
INSERT INTO `sys_role_menu` VALUES ('2', '1060');
INSERT INTO `sys_role_menu` VALUES ('3', '1');
INSERT INTO `sys_role_menu` VALUES ('3', '100');
INSERT INTO `sys_role_menu` VALUES ('3', '101');
INSERT INTO `sys_role_menu` VALUES ('3', '102');
INSERT INTO `sys_role_menu` VALUES ('3', '103');
INSERT INTO `sys_role_menu` VALUES ('3', '104');
INSERT INTO `sys_role_menu` VALUES ('3', '105');
INSERT INTO `sys_role_menu` VALUES ('3', '106');
INSERT INTO `sys_role_menu` VALUES ('3', '107');
INSERT INTO `sys_role_menu` VALUES ('3', '108');
INSERT INTO `sys_role_menu` VALUES ('3', '500');
INSERT INTO `sys_role_menu` VALUES ('3', '501');
INSERT INTO `sys_role_menu` VALUES ('3', '1000');
INSERT INTO `sys_role_menu` VALUES ('3', '1001');
INSERT INTO `sys_role_menu` VALUES ('3', '1002');
INSERT INTO `sys_role_menu` VALUES ('3', '1003');
INSERT INTO `sys_role_menu` VALUES ('3', '1004');
INSERT INTO `sys_role_menu` VALUES ('3', '1005');
INSERT INTO `sys_role_menu` VALUES ('3', '1006');
INSERT INTO `sys_role_menu` VALUES ('3', '1007');
INSERT INTO `sys_role_menu` VALUES ('3', '1008');
INSERT INTO `sys_role_menu` VALUES ('3', '1009');
INSERT INTO `sys_role_menu` VALUES ('3', '1010');
INSERT INTO `sys_role_menu` VALUES ('3', '1011');
INSERT INTO `sys_role_menu` VALUES ('3', '1012');
INSERT INTO `sys_role_menu` VALUES ('3', '1013');
INSERT INTO `sys_role_menu` VALUES ('3', '1014');
INSERT INTO `sys_role_menu` VALUES ('3', '1015');
INSERT INTO `sys_role_menu` VALUES ('3', '1016');
INSERT INTO `sys_role_menu` VALUES ('3', '1017');
INSERT INTO `sys_role_menu` VALUES ('3', '1018');
INSERT INTO `sys_role_menu` VALUES ('3', '1019');
INSERT INTO `sys_role_menu` VALUES ('3', '1020');
INSERT INTO `sys_role_menu` VALUES ('3', '1021');
INSERT INTO `sys_role_menu` VALUES ('3', '1022');
INSERT INTO `sys_role_menu` VALUES ('3', '1023');
INSERT INTO `sys_role_menu` VALUES ('3', '1024');
INSERT INTO `sys_role_menu` VALUES ('3', '1025');
INSERT INTO `sys_role_menu` VALUES ('3', '1026');
INSERT INTO `sys_role_menu` VALUES ('3', '1027');
INSERT INTO `sys_role_menu` VALUES ('3', '1028');
INSERT INTO `sys_role_menu` VALUES ('3', '1029');
INSERT INTO `sys_role_menu` VALUES ('3', '1030');
INSERT INTO `sys_role_menu` VALUES ('3', '1031');
INSERT INTO `sys_role_menu` VALUES ('3', '1032');
INSERT INTO `sys_role_menu` VALUES ('3', '1033');
INSERT INTO `sys_role_menu` VALUES ('3', '1034');
INSERT INTO `sys_role_menu` VALUES ('3', '1035');
INSERT INTO `sys_role_menu` VALUES ('3', '1036');
INSERT INTO `sys_role_menu` VALUES ('3', '1037');
INSERT INTO `sys_role_menu` VALUES ('3', '1038');
INSERT INTO `sys_role_menu` VALUES ('3', '1039');
INSERT INTO `sys_role_menu` VALUES ('3', '1040');
INSERT INTO `sys_role_menu` VALUES ('3', '1041');
INSERT INTO `sys_role_menu` VALUES ('3', '1042');
INSERT INTO `sys_role_menu` VALUES ('3', '1043');
INSERT INTO `sys_role_menu` VALUES ('3', '1044');
INSERT INTO `sys_role_menu` VALUES ('3', '1045');
INSERT INTO `sys_role_menu` VALUES ('3', '3000');
INSERT INTO `sys_role_menu` VALUES ('3', '3100');
INSERT INTO `sys_role_menu` VALUES ('3', '3101');
INSERT INTO `sys_role_menu` VALUES ('3', '3102');
INSERT INTO `sys_role_menu` VALUES ('3', '3103');
INSERT INTO `sys_role_menu` VALUES ('3', '3104');
INSERT INTO `sys_role_menu` VALUES ('3', '3105');
INSERT INTO `sys_role_menu` VALUES ('3', '3106');
INSERT INTO `sys_role_menu` VALUES ('3', '3107');
INSERT INTO `sys_role_menu` VALUES ('3', '3200');
INSERT INTO `sys_role_menu` VALUES ('3', '3201');
INSERT INTO `sys_role_menu` VALUES ('3', '3202');
INSERT INTO `sys_role_menu` VALUES ('3', '3203');
INSERT INTO `sys_role_menu` VALUES ('3', '3204');
INSERT INTO `sys_role_menu` VALUES ('3', '3205');
INSERT INTO `sys_role_menu` VALUES ('3', '3206');
INSERT INTO `sys_role_menu` VALUES ('3', '3207');
INSERT INTO `sys_role_menu` VALUES ('3', '3208');
INSERT INTO `sys_role_menu` VALUES ('3', '3300');
INSERT INTO `sys_role_menu` VALUES ('3', '3301');
INSERT INTO `sys_role_menu` VALUES ('3', '3302');
INSERT INTO `sys_role_menu` VALUES ('3', '3303');
INSERT INTO `sys_role_menu` VALUES ('3', '3304');
INSERT INTO `sys_role_menu` VALUES ('3', '3305');
INSERT INTO `sys_role_menu` VALUES ('3', '3400');
INSERT INTO `sys_role_menu` VALUES ('3', '3401');
INSERT INTO `sys_role_menu` VALUES ('3', '3402');
INSERT INTO `sys_role_menu` VALUES ('3', '3403');
INSERT INTO `sys_role_menu` VALUES ('3', '3404');
INSERT INTO `sys_role_menu` VALUES ('3', '3500');
INSERT INTO `sys_role_menu` VALUES ('3', '3501');
INSERT INTO `sys_role_menu` VALUES ('3', '3502');
INSERT INTO `sys_role_menu` VALUES ('3', '3503');
INSERT INTO `sys_role_menu` VALUES ('3', '3504');
INSERT INTO `sys_role_menu` VALUES ('3', '3600');
INSERT INTO `sys_role_menu` VALUES ('3', '3601');
INSERT INTO `sys_role_menu` VALUES ('3', '3602');
INSERT INTO `sys_role_menu` VALUES ('3', '3603');
INSERT INTO `sys_role_menu` VALUES ('3', '3604');
INSERT INTO `sys_role_menu` VALUES ('3', '4004');
INSERT INTO `sys_role_menu` VALUES ('3', '4005');
INSERT INTO `sys_role_menu` VALUES ('3', '4006');
INSERT INTO `sys_role_menu` VALUES ('3', '4007');
INSERT INTO `sys_role_menu` VALUES ('3', '4008');
INSERT INTO `sys_role_menu` VALUES ('100', '2000');
INSERT INTO `sys_role_menu` VALUES ('100', '2001');
INSERT INTO `sys_role_menu` VALUES ('100', '2010');
INSERT INTO `sys_role_menu` VALUES ('100', '2011');
INSERT INTO `sys_role_menu` VALUES ('100', '2012');
INSERT INTO `sys_role_menu` VALUES ('100', '2013');
INSERT INTO `sys_role_menu` VALUES ('100', '2014');
INSERT INTO `sys_role_menu` VALUES ('100', '2015');
INSERT INTO `sys_role_menu` VALUES ('100', '2016');
INSERT INTO `sys_role_menu` VALUES ('100', '2017');
INSERT INTO `sys_role_menu` VALUES ('100', '2018');
INSERT INTO `sys_role_menu` VALUES ('100', '2020');
INSERT INTO `sys_role_menu` VALUES ('100', '2021');
INSERT INTO `sys_role_menu` VALUES ('100', '2030');
INSERT INTO `sys_role_menu` VALUES ('100', '2031');
INSERT INTO `sys_role_menu` VALUES ('100', '2032');
INSERT INTO `sys_role_menu` VALUES ('100', '2040');
INSERT INTO `sys_role_menu` VALUES ('100', '2041');
INSERT INTO `sys_role_menu` VALUES ('100', '2050');
INSERT INTO `sys_role_menu` VALUES ('100', '2051');
INSERT INTO `sys_role_menu` VALUES ('100', '2052');
INSERT INTO `sys_role_menu` VALUES ('100', '2060');
INSERT INTO `sys_role_menu` VALUES ('100', '2061');
INSERT INTO `sys_role_menu` VALUES ('100', '2062');
INSERT INTO `sys_role_menu` VALUES ('100', '2070');
INSERT INTO `sys_role_menu` VALUES ('100', '2071');
INSERT INTO `sys_role_menu` VALUES ('100', '2072');
INSERT INTO `sys_role_menu` VALUES ('100', '2080');
INSERT INTO `sys_role_menu` VALUES ('100', '2090');
INSERT INTO `sys_role_menu` VALUES ('100', '2121');
INSERT INTO `sys_role_menu` VALUES ('100', '2122');
INSERT INTO `sys_role_menu` VALUES ('100', '2123');
INSERT INTO `sys_role_menu` VALUES ('100', '2124');
INSERT INTO `sys_role_menu` VALUES ('100', '2125');
INSERT INTO `sys_role_menu` VALUES ('100', '4009');
INSERT INTO `sys_role_menu` VALUES ('100', '4010');
INSERT INTO `sys_role_menu` VALUES ('100', '4012');
INSERT INTO `sys_role_menu` VALUES ('100', '4013');
INSERT INTO `sys_role_menu` VALUES ('100', '4014');
INSERT INTO `sys_role_menu` VALUES ('100', '4015');
INSERT INTO `sys_role_menu` VALUES ('100', '4016');
INSERT INTO `sys_role_menu` VALUES ('100', '4017');
INSERT INTO `sys_role_menu` VALUES ('100', '4018');
INSERT INTO `sys_role_menu` VALUES ('100', '4019');
INSERT INTO `sys_role_menu` VALUES ('100', '4020');
INSERT INTO `sys_role_menu` VALUES ('100', '4021');
INSERT INTO `sys_role_menu` VALUES ('100', '4022');
INSERT INTO `sys_role_menu` VALUES ('100', '4023');
INSERT INTO `sys_role_menu` VALUES ('100', '4024');
INSERT INTO `sys_role_menu` VALUES ('100', '4025');
INSERT INTO `sys_role_menu` VALUES ('100', '4026');
INSERT INTO `sys_role_menu` VALUES ('100', '4027');
INSERT INTO `sys_role_menu` VALUES ('100', '4028');
INSERT INTO `sys_role_menu` VALUES ('100', '4029');
INSERT INTO `sys_role_menu` VALUES ('100', '4030');
INSERT INTO `sys_role_menu` VALUES ('100', '4031');
INSERT INTO `sys_role_menu` VALUES ('100', '4032');
INSERT INTO `sys_role_menu` VALUES ('100', '4033');
INSERT INTO `sys_role_menu` VALUES ('100', '4034');
INSERT INTO `sys_role_menu` VALUES ('100', '4035');
INSERT INTO `sys_role_menu` VALUES ('100', '4036');
INSERT INTO `sys_role_menu` VALUES ('100', '4037');
INSERT INTO `sys_role_menu` VALUES ('100', '4038');
INSERT INTO `sys_role_menu` VALUES ('100', '4039');
INSERT INTO `sys_role_menu` VALUES ('100', '4040');
INSERT INTO `sys_role_menu` VALUES ('100', '4041');
INSERT INTO `sys_role_menu` VALUES ('100', '4042');
INSERT INTO `sys_role_menu` VALUES ('100', '4043');
INSERT INTO `sys_role_menu` VALUES ('100', '4044');
INSERT INTO `sys_role_menu` VALUES ('100', '4045');
INSERT INTO `sys_role_menu` VALUES ('100', '4046');
INSERT INTO `sys_role_menu` VALUES ('100', '4047');

-- ----------------------------
-- Table structure for sys_user
-- ----------------------------
DROP TABLE IF EXISTS `sys_user`;
CREATE TABLE `sys_user` (
  `user_id` bigint(20) NOT NULL AUTO_INCREMENT COMMENT 'з”ЁжҲ·ID',
  `dept_id` bigint(20) DEFAULT NULL COMMENT 'йғЁй—ЁID',
  `user_name` varchar(30) COLLATE utf8mb4_general_ci NOT NULL COMMENT 'з”ЁжҲ·иҙҰеҸ·',
  `nick_name` varchar(30) COLLATE utf8mb4_general_ci NOT NULL COMMENT 'з”ЁжҲ·жҳөз§°',
  `user_type` varchar(2) COLLATE utf8mb4_general_ci DEFAULT '00' COMMENT 'з”ЁжҲ·зұ»еһӢпјҲ00зі»з»ҹз”ЁжҲ·пјү',
  `email` varchar(50) COLLATE utf8mb4_general_ci DEFAULT '' COMMENT 'з”ЁжҲ·йӮ®з®ұ',
  `phonenumber` varchar(11) COLLATE utf8mb4_general_ci DEFAULT '' COMMENT 'жүӢжңәеҸ·з Ғ',
  `sex` char(1) COLLATE utf8mb4_general_ci DEFAULT '0' COMMENT 'з”ЁжҲ·жҖ§еҲ«пјҲ0з”· 1еҘі 2жңӘзҹҘпјү',
  `avatar` varchar(100) COLLATE utf8mb4_general_ci DEFAULT '' COMMENT 'еӨҙеғҸең°еқҖ',
  `password` varchar(100) COLLATE utf8mb4_general_ci DEFAULT '' COMMENT 'еҜҶз Ғ',
  `status` char(1) COLLATE utf8mb4_general_ci DEFAULT '0' COMMENT 'иҙҰеҸ·зҠ¶жҖҒпјҲ0жӯЈеёё 1еҒңз”Ёпјү',
  `del_flag` char(1) COLLATE utf8mb4_general_ci DEFAULT '0' COMMENT 'еҲ йҷӨж Үеҝ—пјҲ0д»ЈиЎЁеӯҳеңЁ 2д»ЈиЎЁеҲ йҷӨпјү',
  `login_ip` varchar(128) COLLATE utf8mb4_general_ci DEFAULT '' COMMENT 'жңҖеҗҺзҷ»еҪ•IP',
  `login_date` datetime DEFAULT NULL COMMENT 'жңҖеҗҺзҷ»еҪ•ж—¶й—ҙ',
  `pwd_update_date` datetime DEFAULT NULL COMMENT 'еҜҶз ҒжңҖеҗҺжӣҙж–°ж—¶й—ҙ',
  `create_by` varchar(64) COLLATE utf8mb4_general_ci DEFAULT '' COMMENT 'еҲӣе»әиҖ…',
  `create_time` datetime DEFAULT NULL COMMENT 'еҲӣе»әж—¶й—ҙ',
  `update_by` varchar(64) COLLATE utf8mb4_general_ci DEFAULT '' COMMENT 'жӣҙж–°иҖ…',
  `update_time` datetime DEFAULT NULL COMMENT 'жӣҙж–°ж—¶й—ҙ',
  `remark` varchar(500) COLLATE utf8mb4_general_ci DEFAULT NULL COMMENT 'еӨҮжіЁ',
  PRIMARY KEY (`user_id`)
) ENGINE=InnoDB AUTO_INCREMENT=108 DEFAULT CHARSET=utf8mb4 COLLATE=utf8mb4_general_ci COMMENT='з”ЁжҲ·дҝЎжҒҜиЎЁ';

-- ----------------------------
-- Records of sys_user
-- ----------------------------
INSERT INTO `sys_user` VALUES ('1', '103', 'admin', 'и¶…з®Ў', '00', 'ry@163.com', '15888888888', '1', '/profile/avatar/2025/11/11/1eff83cb59164ef080c26356af4d7a54.png', '$2a$10$7JB720yubVSZvUI0rEqK/.VqGOZTH.ulu33dHOiBE8ByOhJIrdAu2', '0', '0', '127.0.0.1', '2025-11-17 01:16:36', '2025-10-28 02:47:08', 'admin', '2025-10-28 02:47:08', '', '2025-11-11 23:51:01', 'з®ЎзҗҶе‘ҳ');
INSERT INTO `sys_user` VALUES ('2', '105', 'ry', 'иӢҘдҫқ', '00', 'ry@qq.com', '15666666666', '1', '', '$2a$10$7JB720yubVSZvUI0rEqK/.VqGOZTH.ulu33dHOiBE8ByOhJIrdAu2', '0', '0', '127.0.0.1', '2025-10-28 02:47:08', '2025-10-28 02:47:08', 'admin', '2025-10-28 02:47:08', '', null, 'жөӢиҜ•е‘ҳ');
INSERT INTO `sys_user` VALUES ('100', '103', 'supervision', 'ж°‘ж”ҝзӣ‘з®Ўе‘ҳ', '00', 'supervision@qq.com', '13800138001', '1', '', '$2a$10$7JB720yubVSZvUI0rEqK/.VqGOZTH.ulu33dHOiBE/TP57rDdaTpe', '0', '2', '127.0.0.1', '2025-10-29 04:49:09', null, 'admin', '2025-10-29 04:49:09', '', null, 'ж°‘ж”ҝзӣ‘з®ЎжөӢиҜ•иҙҰеҸ·пјҢеҜҶз Ғпјҡadmin123');
INSERT INTO `sys_user` VALUES ('101', null, 'jigouuser', 'жңәжһ„жөӢиҜ•е‘ҳ', '00', '', '', '0', '', '$2a$10$xNzJB66SbFN9kTTqpZgkb..0Z.8Ex3TmjC1Yszvr5TtrDoCxL7YH6', '0', '0', '127.0.0.1', '2025-11-11 03:04:52', null, 'admin', '2025-11-10 02:23:12', '', null, null);
INSERT INTO `sys_user` VALUES ('102', '103', 'jguser', 'ж°‘ж”ҝзӣ‘з®Ў-жқҺе®қ', '00', '', '', '0', '', '$2a$10$j4gOwdktTbOgFk6pPRj/oOOPE6FxyrdmAQSm4K1oMcJprwuwkD6Dy', '0', '0', '127.0.0.1', '2025-11-10 11:39:19', null, 'admin', '2025-11-10 11:25:55', '', null, null);
INSERT INTO `sys_user` VALUES ('103', null, 'jg279011', 'жөӢиҜ•-wenwang', '00', '', '18539279011', '0', '', '$2a$10$26IUVNUlbedBRKvGV45OxOH89q9ugWMq.1/KhCIg/hMvTsM49Mrh.', '0', '0', '127.0.0.1', '2025-11-11 02:49:23', null, 'admin', '2025-11-10 22:36:18', '', null, null);
INSERT INTO `sys_user` VALUES ('104', null, 'jg555555', 'жёҜж№ҫе…»иҖҒ-йҷҲйЈһ', '00', '', '13855555555', '0', '', '$2a$10$MXsmOj2bu6R8ysPuZkqxJO3ueJjK4jzHbADxRH92u06eeks5KaS6a', '0', '0', '127.0.0.1', '2025-11-10 23:10:31', null, 'admin', '2025-11-10 23:10:06', '', null, null);
INSERT INTO `sys_user` VALUES ('105', null, 'jg656565', 'жөҸи§Ҳ-жһ—з§’', '00', '', '18565656565', '0', '', '$2a$10$Jj0hgFvVPD4Xdz.bbcKWOOpQSoGZ0bKfRsO7.arfP.4IbzcCZTGiW', '0', '0', '127.0.0.1', '2025-11-10 23:23:33', null, 'admin', '2025-11-10 23:23:09', '', null, null);
INSERT INTO `sys_user` VALUES ('106', null, '15981934928', 'еӯҗеҘі', '00', '', '15981934928', '0', '', 'e10adc3949ba59abbe56e057f20f883e', '0', '0', '', null, null, '', '2025-11-14 16:44:55', '', null, null);
INSERT INTO `sys_user` VALUES ('107', null, 'jg666666', 'е№ёзҰҸе…»иҖҒ-йҷҲе№ёзҰҸ', '00', '', '13666666666', '0', '', '$2a$10$6Yt7WIoGEfKJEFxqXO8fm.F5od86Nu6xIf3dfwk7oXX6f0NRLD3EW', '0', '0', '192.168.31.217', '2025-11-16 01:42:07', null, 'admin', '2025-11-16 00:50:24', '', null, null);

-- ----------------------------
-- Table structure for sys_user_institution
-- ----------------------------
DROP TABLE IF EXISTS `sys_user_institution`;
CREATE TABLE `sys_user_institution` (
  `user_id` bigint(20) NOT NULL COMMENT 'йҗўг„ҰеҹӣID',
  `institution_id` bigint(20) NOT NULL COMMENT 'йҸҲзғҳзҖҜID',
  `create_time` datetime DEFAULT CURRENT_TIMESTAMP COMMENT 'йҚ’ж¶ҳзј“йҸғе •жЈҝ',
  PRIMARY KEY (`user_id`,`institution_id`),
  KEY `idx_user_id` (`user_id`),
  KEY `idx_institution_id` (`institution_id`),
  CONSTRAINT `fk_user_inst_institution` FOREIGN KEY (`institution_id`) REFERENCES `pension_institution` (`institution_id`) ON DELETE CASCADE,
  CONSTRAINT `fk_user_inst_user` FOREIGN KEY (`user_id`) REFERENCES `sys_user` (`user_id`) ON DELETE CASCADE
) ENGINE=InnoDB DEFAULT CHARSET=utf8mb4 COLLATE=utf8mb4_general_ci COMMENT='йҗўг„Ұеҹӣ-йҸҲзғҳзҖҜйҚҸе® д»Ҳзҗӣ';

-- ----------------------------
-- Records of sys_user_institution
-- ----------------------------
INSERT INTO `sys_user_institution` VALUES ('1', '16', '2025-11-10 03:28:54');
INSERT INTO `sys_user_institution` VALUES ('1', '20', '2025-11-11 00:49:15');
INSERT INTO `sys_user_institution` VALUES ('101', '2', '2025-11-10 02:49:46');
INSERT INTO `sys_user_institution` VALUES ('101', '3', '2025-11-10 02:49:46');
INSERT INTO `sys_user_institution` VALUES ('101', '15', '2025-11-10 02:59:30');
INSERT INTO `sys_user_institution` VALUES ('103', '17', '2025-11-10 22:36:18');
INSERT INTO `sys_user_institution` VALUES ('104', '18', '2025-11-10 23:10:06');
INSERT INTO `sys_user_institution` VALUES ('105', '19', '2025-11-10 23:23:09');
INSERT INTO `sys_user_institution` VALUES ('107', '21', '2025-11-16 00:50:24');

-- ----------------------------
-- Table structure for sys_user_post
-- ----------------------------
DROP TABLE IF EXISTS `sys_user_post`;
CREATE TABLE `sys_user_post` (
  `user_id` bigint(20) NOT NULL COMMENT 'з”ЁжҲ·ID',
  `post_id` bigint(20) NOT NULL COMMENT 'еІ—дҪҚID',
  PRIMARY KEY (`user_id`,`post_id`)
) ENGINE=InnoDB DEFAULT CHARSET=utf8mb4 COLLATE=utf8mb4_general_ci COMMENT='з”ЁжҲ·дёҺеІ—дҪҚе…іиҒ”иЎЁ';

-- ----------------------------
-- Records of sys_user_post
-- ----------------------------
INSERT INTO `sys_user_post` VALUES ('1', '1');
INSERT INTO `sys_user_post` VALUES ('2', '2');

-- ----------------------------
-- Table structure for sys_user_role
-- ----------------------------
DROP TABLE IF EXISTS `sys_user_role`;
CREATE TABLE `sys_user_role` (
  `user_id` bigint(20) NOT NULL COMMENT 'з”ЁжҲ·ID',
  `role_id` bigint(20) NOT NULL COMMENT 'и§’иүІID',
  PRIMARY KEY (`user_id`,`role_id`)
) ENGINE=InnoDB DEFAULT CHARSET=utf8mb4 COLLATE=utf8mb4_general_ci COMMENT='з”ЁжҲ·е’Ңи§’иүІе…іиҒ”иЎЁ';

-- ----------------------------
-- Records of sys_user_role
-- ----------------------------
INSERT INTO `sys_user_role` VALUES ('1', '1');
INSERT INTO `sys_user_role` VALUES ('2', '2');
INSERT INTO `sys_user_role` VALUES ('101', '100');
INSERT INTO `sys_user_role` VALUES ('102', '3');
INSERT INTO `sys_user_role` VALUES ('103', '100');
INSERT INTO `sys_user_role` VALUES ('104', '100');
INSERT INTO `sys_user_role` VALUES ('105', '100');
INSERT INTO `sys_user_role` VALUES ('107', '100');

-- ----------------------------
-- Table structure for transaction_record
-- ----------------------------
DROP TABLE IF EXISTS `transaction_record`;
CREATE TABLE `transaction_record` (
  `transaction_id` bigint(20) NOT NULL AUTO_INCREMENT COMMENT 'жөңгӮҶж§—ID',
  `account_id` bigint(20) NOT NULL COMMENT 'з’җпёҪеҹӣID',
  `elder_id` bigint(20) NOT NULL COMMENT 'й‘°дҪ·жұүID',
  `institution_id` bigint(20) NOT NULL COMMENT 'йҸҲзғҳзҖҜID',
  `transaction_no` varchar(50) NOT NULL COMMENT 'жөңгӮҶж§—еЁҙдҪ№жҢүйҚҷ',
  `transaction_type` char(1) NOT NULL COMMENT 'жөңгӮҶж§—з»«иҜІзҖ·(1йҚҸгғЁеӨ„ 2йҚ‘йёҝеӨ„)',
  `business_type` char(1) NOT NULL COMMENT 'ж¶“ж°¬е§ҹз»«иҜІзҖ·(1зјӮзЈӢеһӮ 2йҸҲе қе®ійҺөпҪҲеһӮ 3йҺ¶еҘёеҷҫжөЈи·Ёж•Ө 4й–«?еһӮ)',
  `amount` decimal(12,2) NOT NULL COMMENT 'жөңгӮҶж§—й–ІжҲҰ?',
  `balance_before` decimal(12,2) NOT NULL COMMENT 'жөңгӮҶж§—йҚ“е¶„з¶‘жЈ°',
  `balance_after` decimal(12,2) NOT NULL COMMENT 'жөңгӮҶж§—йҚҡеәқз¶‘жЈ°',
  `service_balance` decimal(12,2) DEFAULT '0.00' COMMENT 'йҸҲе¶…е§ҹз’җйҖӣз¶‘жЈ°',
  `deposit_balance` decimal(12,2) DEFAULT '0.00' COMMENT 'йҺ¶еҘёеҷҫжөЈж¬“?',
  `member_balance` decimal(12,2) DEFAULT '0.00' COMMENT 'жөјж°¬жҶіз’җйҖӣз¶‘жЈ°',
  `transaction_date` datetime NOT NULL COMMENT 'жөңгӮҶж§—йҸғе •жЈҝ',
  `related_order_id` bigint(20) DEFAULT NULL COMMENT 'йҚҸе® д»Ҳз’ҒгҲ еҙҹID',
  `related_transfer_id` bigint(20) DEFAULT NULL COMMENT 'йҚҸе® д»ҲйҚ’жҺ“е«§ID',
  `counterparty` varchar(100) DEFAULT NULL COMMENT 'жөңгӮҶж§—зҖөи§„еўң',
  `business_desc` varchar(500) NOT NULL COMMENT 'ж¶“ж°¬е§ҹйҺ»еҝҡе Ә',
  `operator` varchar(64) DEFAULT NULL COMMENT 'йҺҝе¶„з¶”жөң',
  `create_time` datetime DEFAULT NULL COMMENT 'йҚ’ж¶ҳзј“йҸғе •жЈҝ',
  `remark` varchar(500) DEFAULT NULL COMMENT 'жҫ¶еӣЁж•һ',
  PRIMARY KEY (`transaction_id`),
  UNIQUE KEY `uk_transaction_no` (`transaction_no`),
  KEY `idx_account_id` (`account_id`),
  KEY `idx_elder_id` (`elder_id`),
  KEY `idx_transaction_date` (`transaction_date`),
  KEY `idx_business_type` (`business_type`)
) ENGINE=InnoDB AUTO_INCREMENT=4 DEFAULT CHARSET=utf8mb4 COLLATE=utf8mb4_general_ci COMMENT='жөңгӮҶж§—еЁҙдҪ№жҢүз’Ғжқҝз¶Қзҗӣ';

-- ----------------------------
-- Records of transaction_record
-- ----------------------------
INSERT INTO `transaction_record` VALUES ('1', '1', '1', '1', 'TRX001', '1', '1', '5000.00', '20000.00', '25000.00', '0.00', '0.00', '0.00', '2024-01-15 10:00:00', null, null, null, 'Family Recharge', 'Zhang Son', null, 'Recharge 5000');
INSERT INTO `transaction_record` VALUES ('2', '2', '2', '1', 'TRX002', '4', '1', '2800.00', '16500.00', '13700.00', '0.00', '0.00', '0.00', '2024-02-05 10:15:00', null, null, null, 'Monthly Fee Deduction', 'System Auto', null, 'Feb Fee 2800');
INSERT INTO `transaction_record` VALUES ('3', '3', '3', '1', 'TRX003', '1', '1', '8000.00', '12500.00', '20500.00', '0.00', '0.00', '0.00', '2024-01-25 16:45:00', null, null, null, 'Family Recharge', 'Wang Grandson', null, 'Recharge 8000');
