# ************************************************************
# Sequel Ace SQL dump
# зүҲжң¬еҸ·пјҡ 20096
#
# https://sequel-ace.com/
# https://github.com/Sequel-Ace/Sequel-Ace
#
# дё»жңә: localhost (MySQL 8.0.44)
# ж•°жҚ®еә“: newzijin
# з”ҹжҲҗж—¶й—ҙ: 2026-02-03 19:27:15 +0000
# ************************************************************


/*!40101 SET @OLD_CHARACTER_SET_CLIENT=@@CHARACTER_SET_CLIENT */;
/*!40101 SET @OLD_CHARACTER_SET_RESULTS=@@CHARACTER_SET_RESULTS */;
/*!40101 SET @OLD_COLLATION_CONNECTION=@@COLLATION_CONNECTION */;
SET NAMES utf8mb4;
/*!40014 SET @OLD_FOREIGN_KEY_CHECKS=@@FOREIGN_KEY_CHECKS, FOREIGN_KEY_CHECKS=0 */;
/*!40101 SET @OLD_SQL_MODE='NO_AUTO_VALUE_ON_ZERO', SQL_MODE='NO_AUTO_VALUE_ON_ZERO' */;
/*!40111 SET @OLD_SQL_NOTES=@@SQL_NOTES, SQL_NOTES=0 */;


# иҪ¬еӮЁиЎЁ account_balance_log
# ------------------------------------------------------------

DROP TABLE IF EXISTS `account_balance_log`;

CREATE TABLE `account_balance_log` (
  `log_id` bigint NOT NULL AUTO_INCREMENT COMMENT 'з’Ғжқҝз¶ҚID',
  `account_id` bigint NOT NULL COMMENT 'з’җпёҪеҹӣID',
  `elder_id` bigint NOT NULL COMMENT 'й‘°дҪ·жұүID',
  `transaction_id` bigint NOT NULL COMMENT 'жөңгӮҶж§—ID',
  `balance_type` char(1) NOT NULL COMMENT 'жөЈж¬“?з»«иҜІзҖ·(1йҺ¬и®із¶‘жЈ°?2йҸҲе¶…е§ҹз’җ?3йҺ¶еҘёеҷҫ 4жөјж°¬жҶіз’җ?',
  `amount_before` decimal(12,2) NOT NULL COMMENT 'йҚҷжЁәе§©йҚ“е¶„з¶‘жЈ°',
  `amount_change` decimal(12,2) NOT NULL COMMENT 'йҚҷжЁәе§©й–ІжҲҰ?',
  `amount_after` decimal(12,2) NOT NULL COMMENT 'йҚҷжЁәе§©йҚҡеәқз¶‘жЈ°',
  `change_type` char(1) NOT NULL COMMENT 'йҚҷжЁәе§©з»«иҜІзҖ·(1жҫ§зӮІе§һ 2йҚ‘еҝ“зҡҜ)',
  `business_type` char(1) NOT NULL COMMENT 'ж¶“ж°¬е§ҹз»«иҜІзҖ·',
  `create_time` datetime DEFAULT NULL COMMENT 'йҚ’ж¶ҳзј“йҸғе •жЈҝ',
  PRIMARY KEY (`log_id`),
  KEY `idx_account_id` (`account_id`),
  KEY `idx_transaction_id` (`transaction_id`),
  KEY `idx_create_time` (`create_time`)
) ENGINE=InnoDB DEFAULT CHARSET=utf8mb4 COLLATE=utf8mb4_0900_ai_ci COMMENT='з’җпёҪеҹӣжөЈж¬“?йҚҷжЁәе§©з’Ғжқҝз¶Қзҗӣ';



# иҪ¬еӮЁиЎЁ account_info
# ------------------------------------------------------------

DROP TABLE IF EXISTS `account_info`;

CREATE TABLE `account_info` (
  `account_id` bigint NOT NULL AUTO_INCREMENT COMMENT 'з’җпёҪеҹӣID',
  `elder_id` bigint NOT NULL COMMENT 'й‘°дҪ·жұүID',
  `institution_id` bigint NOT NULL COMMENT 'йҸҲзғҳзҖҜID',
  `account_no` varchar(50) NOT NULL COMMENT 'з’җпёҪеҹӣзјӮж §еҪҝ',
  `account_name` varchar(100) NOT NULL COMMENT 'з’җпёҪеҹӣйҚҡе¶ҮРһ',
  `account_status` char(1) DEFAULT '1' COMMENT 'з’җпёҪеҹӣйҗҳиҲө?(0йҚҗиҚӨзІЁ 1е§қпҪ…зҲ¶ 2й–ҝ?еҹӣ)',
  `total_balance` decimal(12,2) DEFAULT '0.00' COMMENT 'йҺ¬и®із¶‘жЈ°',
  `service_balance` decimal(12,2) DEFAULT '0.00' COMMENT 'йҸҲе¶…е§ҹз’җйҖӣз¶‘жЈ°',
  `deposit_balance` decimal(12,2) DEFAULT '0.00' COMMENT 'йҺ¶еҘёеҷҫжөЈж¬“?',
  `member_balance` decimal(12,2) DEFAULT '0.00' COMMENT 'жөјж°¬жҶіз’җйҖӣз¶‘жЈ°',
  `create_by` varchar(64) DEFAULT '' COMMENT 'йҚ’ж¶ҳзј“й‘°',
  `create_time` datetime DEFAULT NULL COMMENT 'йҚ’ж¶ҳзј“йҸғе •жЈҝ',
  `update_by` varchar(64) DEFAULT '' COMMENT 'йҸҮеӯҳжҹҠй‘°',
  `update_time` datetime DEFAULT NULL COMMENT 'йҸҮеӯҳжҹҠйҸғе •жЈҝ',
  `remark` varchar(500) DEFAULT NULL COMMENT 'жҫ¶еӣЁж•һ',
  PRIMARY KEY (`account_id`),
  UNIQUE KEY `uk_account_no` (`account_no`),
  KEY `idx_elder_id` (`elder_id`),
  KEY `idx_institution_id` (`institution_id`)
) ENGINE=InnoDB AUTO_INCREMENT=51 DEFAULT CHARSET=utf8mb4 COLLATE=utf8mb4_0900_ai_ci COMMENT='й‘°дҪ·жұүз’җпёҪеҹӣж·Үв„ғдј…зҗӣ';

LOCK TABLES `account_info` WRITE;
/*!40000 ALTER TABLE `account_info` DISABLE KEYS */;

INSERT INTO `account_info` (`account_id`, `elder_id`, `institution_id`, `account_no`, `account_name`, `account_status`, `total_balance`, `service_balance`, `deposit_balance`, `member_balance`, `create_by`, `create_time`, `update_by`, `update_time`, `remark`)
VALUES
	(49,91,36,'ACC1770055245743020','иҙҰжҲ·-91','1',16000.00,5500.00,10000.00,500.00,'','2026-02-03 02:00:46','','2026-02-03 02:02:01','иҖҒдәәе…ҘдҪҸж—¶иҮӘеҠЁеҲӣе»ә | ж”Ҝд»ҳи®ўеҚ•ORD1770055245749еўһеҠ дҪҷйўқ16500.00е…ғ'),
	(50,92,36,'ACC1770057960121197','иҙҰжҲ·-92','1',19100.00,9000.00,10000.00,100.00,'','2026-02-03 02:46:00','','2026-02-03 02:46:45','иҖҒдәәе…ҘдҪҸж—¶иҮӘеҠЁеҲӣе»ә | ж”Ҝд»ҳи®ўеҚ•ORD1770057960126еўһеҠ дҪҷйўқ20000.00е…ғ');

/*!40000 ALTER TABLE `account_info` ENABLE KEYS */;
UNLOCK TABLES;


# иҪ¬еӮЁиЎЁ area_street
# ------------------------------------------------------------

DROP TABLE IF EXISTS `area_street`;

CREATE TABLE `area_street` (
  `id` bigint NOT NULL AUTO_INCREMENT COMMENT 'дё»й”®ID',
  `area_code` varchar(12) CHARACTER SET utf8mb4 COLLATE utf8mb4_general_ci NOT NULL COMMENT 'еҢәеҺҝд»Јз Ғ',
  `area_name` varchar(50) CHARACTER SET utf8mb4 COLLATE utf8mb4_general_ci NOT NULL COMMENT 'еҢәеҺҝеҗҚз§°',
  `street_code` varchar(20) CHARACTER SET utf8mb4 COLLATE utf8mb4_general_ci DEFAULT NULL COMMENT 'иЎ—йҒ“д»Јз Ғ(еҸҜйҖү)',
  `street_name` varchar(100) CHARACTER SET utf8mb4 COLLATE utf8mb4_general_ci DEFAULT NULL COMMENT 'иЎ—йҒ“еҗҚз§°',
  `sort_order` int DEFAULT '0' COMMENT 'жҺ’еәҸ',
  `status` char(1) CHARACTER SET utf8mb4 COLLATE utf8mb4_general_ci DEFAULT '0' COMMENT 'зҠ¶жҖҒ(0жӯЈеёё 1еҒңз”Ё)',
  `create_by` varchar(64) CHARACTER SET utf8mb4 COLLATE utf8mb4_general_ci DEFAULT '' COMMENT 'еҲӣе»әиҖ…',
  `create_time` datetime DEFAULT CURRENT_TIMESTAMP COMMENT 'еҲӣе»әж—¶й—ҙ',
  `update_by` varchar(64) CHARACTER SET utf8mb4 COLLATE utf8mb4_general_ci DEFAULT '' COMMENT 'жӣҙж–°иҖ…',
  `update_time` datetime DEFAULT CURRENT_TIMESTAMP ON UPDATE CURRENT_TIMESTAMP COMMENT 'жӣҙж–°ж—¶й—ҙ',
  `remark` varchar(500) CHARACTER SET utf8mb4 COLLATE utf8mb4_general_ci DEFAULT NULL COMMENT 'еӨҮжіЁ',
  PRIMARY KEY (`id`),
  UNIQUE KEY `uk_area_street` (`area_code`,`street_name`),
  KEY `idx_area_code` (`area_code`),
  KEY `idx_status` (`status`)
) ENGINE=InnoDB AUTO_INCREMENT=200 DEFAULT CHARSET=utf8mb4 COLLATE=utf8mb4_general_ci COMMENT='еҢәеҹҹиЎ—йҒ“дҝЎжҒҜиЎЁ';

LOCK TABLES `area_street` WRITE;
/*!40000 ALTER TABLE `area_street` DISABLE KEYS */;

INSERT INTO `area_street` (`id`, `area_code`, `area_name`, `street_code`, `street_name`, `sort_order`, `status`, `create_by`, `create_time`, `update_by`, `update_time`, `remark`)
VALUES
	(1,'410102','дёӯеҺҹеҢә',NULL,NULL,1,'0','system','2025-12-04 19:38:12','system','2025-12-04 19:38:12',NULL),
	(2,'410102','дёӯеҺҹеҢә','41010285','иҲӘжө·иҘҝи·ҜиЎ—йҒ“еҠһдәӢеӨ„',1,'0','system','2025-12-04 19:38:12','system','2025-12-04 19:38:12',NULL),
	(3,'410102','дёӯеҺҹеҢә','41010210','дёүе®ҳеәҷиЎ—йҒ“еҠһдәӢеӨ„',2,'0','system','2025-12-04 19:38:12','system','2025-12-04 19:38:12',NULL),
	(4,'410102','дёӯеҺҹеҢә','41010220','жһ—еұұеҜЁиЎ—йҒ“еҠһдәӢеӨ„',3,'0','system','2025-12-04 19:38:12','system','2025-12-04 19:38:12',NULL),
	(5,'410102','дёӯеҺҹеҢә','41010286','жұқжІіи·ҜиЎ—йҒ“еҠһдәӢеӨ„',4,'0','system','2025-12-04 19:38:12','system','2025-12-04 19:38:12',NULL),
	(6,'410102','дёӯеҺҹеҢә','41010247','з§ҰеІӯи·ҜиЎ—йҒ“еҠһдәӢеӨ„',5,'0','system','2025-12-04 19:38:12','system','2025-12-04 19:38:12',NULL),
	(7,'410102','дёӯеҺҹеҢә','41010289','иҺІж№–иЎ—йҒ“еҠһдәӢеӨ„',6,'0','system','2025-12-04 19:38:12','system','2025-12-04 19:38:12',NULL),
	(8,'410102','дёӯеҺҹеҢә','41010251','жҹіж№–иЎ—йҒ“еҠһдәӢеӨ„',7,'0','system','2025-12-04 19:38:12','system','2025-12-04 19:38:12',NULL),
	(9,'410102','дёӯеҺҹеҢә','41010203','жЈүзәәи·ҜиЎ—йҒ“еҠһдәӢеӨ„',8,'0','system','2025-12-04 19:38:12','system','2025-12-04 19:38:12',NULL),
	(10,'410102','дёӯеҺҹеҢә','41010216','е»әи®ҫи·ҜиЎ—йҒ“еҠһдәӢеӨ„',9,'0','system','2025-12-04 19:38:12','system','2025-12-04 19:38:12',NULL),
	(11,'410102','дёӯеҺҹеҢә','41010229','жЎҗжҹҸи·ҜиЎ—йҒ“еҠһдәӢеӨ„',10,'0','system','2025-12-04 19:38:12','system','2025-12-04 19:38:12',NULL),
	(12,'410102','дёӯеҺҹеҢә','41010298','иҘҝжөҒж№–иЎ—йҒ“еҠһдәӢеӨ„',11,'0','system','2025-12-04 19:38:12','system','2025-12-04 19:38:12',NULL),
	(13,'410102','дёӯеҺҹеҢә','41010263','йЎ»ж°ҙиЎ—йҒ“еҠһдәӢеӨ„',12,'0','system','2025-12-04 19:38:12','system','2025-12-04 19:38:12',NULL),
	(14,'410102','дёӯеҺҹеҢә','41010254','дёӯеҺҹиҘҝи·ҜиЎ—йҒ“еҠһдәӢеӨ„',13,'0','system','2025-12-04 19:38:12','system','2025-12-04 19:38:12',NULL),
	(15,'410102','дёӯеҺҹеҢә','41010293','з»ҝдёңжқ‘иЎ—йҒ“еҠһдәӢеӨ„',14,'0','system','2025-12-04 19:38:12','system','2025-12-04 19:38:12',NULL),
	(16,'410105','йҮ‘ж°ҙеҢә',NULL,NULL,1,'0','system','2025-12-04 19:38:12','system','2025-12-04 19:38:12',NULL),
	(17,'410105','йҮ‘ж°ҙеҢә','41010522','е…ҙиҫҫи·ҜиЎ—йҒ“еҠһдәӢеӨ„',1,'0','system','2025-12-04 19:38:12','system','2025-12-04 19:38:12',NULL),
	(18,'410105','йҮ‘ж°ҙеҢә','41010532','жқЁйҮ‘и·ҜиЎ—йҒ“еҠһдәӢеӨ„',2,'0','system','2025-12-04 19:38:12','system','2025-12-04 19:38:12',NULL),
	(19,'410105','йҮ‘ж°ҙеҢә','41010507','еҢ—жһ—и·ҜиЎ—йҒ“еҠһдәӢеӨ„',3,'0','system','2025-12-04 19:38:12','system','2025-12-04 19:38:12',NULL),
	(20,'410105','йҮ‘ж°ҙеҢә','41010583','дё°еәҶи·ҜиЎ—йҒ“еҠһдәӢеӨ„',4,'0','system','2025-12-04 19:38:12','system','2025-12-04 19:38:12',NULL),
	(21,'410105','йҮ‘ж°ҙеҢә','41010512','еӣҪеҹәи·ҜиЎ—йҒ“еҠһдәӢеӨ„',5,'0','system','2025-12-04 19:38:12','system','2025-12-04 19:38:12',NULL),
	(22,'410105','йҮ‘ж°ҙеҢә','41010550','дёңйЈҺи·ҜиЎ—йҒ“еҠһдәӢеӨ„',6,'0','system','2025-12-04 19:38:12','system','2025-12-04 19:38:12',NULL),
	(23,'410105','йҮ‘ж°ҙеҢә','41010550','иҠұеӣӯи·ҜиЎ—йҒ“еҠһдәӢеӨ„',7,'0','system','2025-12-04 19:38:12','system','2025-12-04 19:38:12',NULL),
	(24,'410105','йҮ‘ж°ҙеҢә','41010543','ж–ҮеҢ–и·ҜиЎ—йҒ“еҠһдәӢеӨ„',8,'0','system','2025-12-04 19:38:12','system','2025-12-04 19:38:12',NULL),
	(25,'410105','йҮ‘ж°ҙеҢә','41010591','дё°дә§и·ҜиЎ—йҒ“еҠһдәӢеӨ„',9,'0','system','2025-12-04 19:38:12','system','2025-12-04 19:38:12',NULL),
	(26,'410105','йҮ‘ж°ҙеҢә','41010550','еҚ—йҳіж–°жқ‘иЎ—йҒ“еҠһдәӢеӨ„',10,'0','system','2025-12-04 19:38:12','system','2025-12-04 19:38:12',NULL),
	(27,'410105','йҮ‘ж°ҙеҢә','41010570','еҚ—йҳіи·ҜиЎ—йҒ“еҠһдәӢеӨ„',11,'0','system','2025-12-04 19:38:12','system','2025-12-04 19:38:12',NULL),
	(28,'410105','йҮ‘ж°ҙеҢә','41010538','еӨ§зҹіжЎҘиЎ—йҒ“еҠһдәӢеӨ„',12,'0','system','2025-12-04 19:38:12','system','2025-12-04 19:38:12',NULL),
	(29,'410105','йҮ‘ж°ҙеҢә','41010539','з»Ҹе…«и·ҜиЎ—йҒ“еҠһдәӢеӨ„',13,'0','system','2025-12-04 19:38:12','system','2025-12-04 19:38:12',NULL),
	(30,'410105','йҮ‘ж°ҙеҢә','41010553','дәәж°‘и·ҜиЎ—йҒ“еҠһдәӢеӨ„',14,'0','system','2025-12-04 19:38:12','system','2025-12-04 19:38:12',NULL),
	(31,'410105','йҮ‘ж°ҙеҢә','41010522','жқңеІӯиЎ—йҒ“еҠһдәӢеӨ„',15,'0','system','2025-12-04 19:38:12','system','2025-12-04 19:38:12',NULL),
	(32,'410105','йҮ‘ж°ҙеҢә','41010559','жңӘжқҘи·ҜиЎ—йҒ“еҠһдәӢеӨ„',16,'0','system','2025-12-04 19:38:12','system','2025-12-04 19:38:12',NULL),
	(33,'410105','йҮ‘ж°ҙеҢә','41010569','еҮӨеҮ°еҸ°иЎ—йҒ“еҠһдәӢеӨ„',17,'0','system','2025-12-04 19:38:12','system','2025-12-04 19:38:12',NULL),
	(34,'410103','дәҢдёғеҢә',NULL,NULL,1,'0','system','2025-12-04 19:38:12','system','2025-12-04 19:38:12',NULL),
	(35,'410103','дәҢдёғеҢә','41010327','еӨ§еӯҰи·ҜеҠһдәӢеӨ„',1,'0','system','2025-12-04 19:38:12','system','2025-12-04 19:38:12',NULL),
	(36,'410103','дәҢдёғеҢә','41010323','зҰҸеҚҺиЎ—еҠһдәӢеӨ„',2,'0','system','2025-12-04 19:38:12','system','2025-12-04 19:38:12',NULL),
	(37,'410103','дәҢдёғеҢә','41010342','ж·®жІіи·ҜиЎ—йҒ“еҠһдәӢеӨ„',3,'0','system','2025-12-04 19:38:12','system','2025-12-04 19:38:12',NULL),
	(38,'410103','дәҢдёғеҢә','41010324','е»әдёӯиЎ—иЎ—йҒ“еҠһдәӢеӨ„',4,'0','system','2025-12-04 19:38:12','system','2025-12-04 19:38:12',NULL),
	(39,'410103','дәҢдёғеҢә','41010381','дә¬е№ҝи·ҜеҠһдәӢеӨ„',5,'0','system','2025-12-04 19:38:12','system','2025-12-04 19:38:12',NULL),
	(40,'410103','дәҢдёғеҢә','41010370','иңңиңӮеј еҠһдәӢеӨ„',6,'0','system','2025-12-04 19:38:12','system','2025-12-04 19:38:12',NULL),
	(41,'410103','дәҢдёғеҢә','41010328','й“ӯеҠҹи·ҜеҠһдәӢеӨ„',7,'0','system','2025-12-04 19:38:12','system','2025-12-04 19:38:12',NULL),
	(42,'410103','дәҢдёғеҢә','41010311','дәәе’Ңи·ҜеҠһдәӢеӨ„',8,'0','system','2025-12-04 19:38:12','system','2025-12-04 19:38:12',NULL),
	(43,'410103','дәҢдёғеҢә','41010338','еө©еұұи·ҜеҠһдәӢеӨ„',9,'0','system','2025-12-04 19:38:12','system','2025-12-04 19:38:12',NULL),
	(44,'410103','дәҢдёғеҢә','41010366','дә”йҮҢе ЎиЎ—йҒ“еҠһдәӢеӨ„',10,'0','system','2025-12-04 19:38:12','system','2025-12-04 19:38:12',NULL),
	(45,'410103','дәҢдёғеҢә','41010335','дёҖй©¬и·ҜеҠһдәӢеӨ„',11,'0','system','2025-12-04 19:38:12','system','2025-12-04 19:38:12',NULL),
	(46,'410103','дәҢдёғеҢә','41010306','й•ҝжұҹи·ҜеҠһдәӢеӨ„',12,'0','system','2025-12-04 19:38:12','system','2025-12-04 19:38:12',NULL),
	(47,'410103','дәҢдёғеҢә','41010365','дҫҜеҜЁиЎ—йҒ“еҠһдәӢеӨ„',13,'0','system','2025-12-04 19:38:12','system','2025-12-04 19:38:12',NULL),
	(48,'410103','дәҢдёғеҢә','41010363','йҮ‘ж°ҙжәҗеҠһдәӢеӨ„',14,'0','system','2025-12-04 19:38:12','system','2025-12-04 19:38:12',NULL),
	(49,'410103','дәҢдёғеҢә','41010334','еҫ·еҢ–иЎ—еҠһдәӢеӨ„',15,'0','system','2025-12-04 19:38:12','system','2025-12-04 19:38:12',NULL),
	(50,'410166','йғ‘дёңж–°еҢә',NULL,NULL,1,'0','system','2025-12-04 19:38:12','system','2025-12-04 19:38:12',NULL),
	(51,'410166','йғ‘дёңж–°еҢә','41016658','зҘӯеҹҺи·ҜиЎ—йҒ“еҠһдәӢеӨ„',1,'0','system','2025-12-04 19:38:12','system','2025-12-04 19:38:12',NULL),
	(52,'410166','йғ‘дёңж–°еҢә','41016652','йҫҷеӯҗж№–иЎ—йҒ“еҠһдәӢеӨ„',2,'0','system','2025-12-04 19:38:12','system','2025-12-04 19:38:12',NULL),
	(53,'410166','йғ‘дёңж–°еҢә','41016692','еҰӮж„Ҹж№–еҠһдәӢеӨ„',3,'0','system','2025-12-04 19:38:12','system','2025-12-04 19:38:12',NULL),
	(54,'410166','йғ‘дёңж–°еҢә','41016685','еҚҡеӯҰи·ҜеҠһдәӢеӨ„',4,'0','system','2025-12-04 19:38:12','system','2025-12-04 19:38:12',NULL),
	(55,'410166','йғ‘дёңж–°еҢә','41016673','е•ҶйғҪи·ҜеҠһдәӢеӨ„',5,'0','system','2025-12-04 19:38:12','system','2025-12-04 19:38:12',NULL),
	(56,'410166','йғ‘дёңж–°еҢә','41016631','йҫҷжәҗи·ҜеҠһдәӢеӨ„',6,'0','system','2025-12-04 19:38:12','system','2025-12-04 19:38:12',NULL),
	(57,'410166','йғ‘дёңж–°еҢә','41016600','йҫҷж№–еҠһдәӢеӨ„',7,'0','system','2025-12-04 19:38:12','system','2025-12-04 19:38:12',NULL),
	(58,'410166','йғ‘дёңж–°еҢә','41016686','йҮ‘е…үи·ҜеҠһдәӢеӨ„',8,'0','system','2025-12-04 19:38:12','system','2025-12-04 19:38:12',NULL),
	(59,'410166','йғ‘дёңж–°еҢә','41016687','иұ«е…ҙи·ҜеҠһдәӢеӨ„',9,'0','system','2025-12-04 19:38:12','system','2025-12-04 19:38:12',NULL),
	(60,'410166','йғ‘дёңж–°еҢә','41016682','жқЁжЎҘеҠһдәӢеӨ„',10,'0','system','2025-12-04 19:38:12','system','2025-12-04 19:38:12',NULL),
	(61,'410166','йғ‘дёңж–°еҢә','41016631','зҷҪжІҷй•Үдәәж°‘ж”ҝеәң',11,'0','system','2025-12-04 19:38:12','system','2025-12-04 19:38:12',NULL),
	(62,'410166','йғ‘дёңж–°еҢә','41016689','еңғз”°д№Ўдәәж°‘ж”ҝеәң',12,'0','system','2025-12-04 19:38:12','system','2025-12-04 19:38:12',NULL),
	(63,'410171','й«ҳж–°еҢә',NULL,NULL,1,'0','system','2025-12-04 19:38:12','system','2025-12-04 19:38:12',NULL),
	(64,'410171','й«ҳж–°еҢә','41017123','зҹідҪӣеҠһдәӢеӨ„',1,'0','system','2025-12-04 19:38:12','system','2025-12-04 19:38:12',NULL),
	(65,'410171','й«ҳж–°еҢә','41017162','жІҹиөөеҠһдәӢеӨ„',2,'0','system','2025-12-04 19:38:12','system','2025-12-04 19:38:12',NULL),
	(66,'410171','й«ҳж–°еҢә','41017115','жһ«жқЁеҠһдәӢеӨ„',3,'0','system','2025-12-04 19:38:12','system','2025-12-04 19:38:12',NULL),
	(67,'410171','й«ҳж–°еҢә','41017156','жў§жЎҗеҠһдәӢеӨ„',4,'0','system','2025-12-04 19:38:12','system','2025-12-04 19:38:12',NULL),
	(68,'410171','й«ҳж–°еҢә','41017166','еҸҢжЎҘеҠһдәӢеӨ„',5,'0','system','2025-12-04 19:38:12','system','2025-12-04 19:38:12',NULL),
	(69,'410108','жғ жөҺеҢә',NULL,NULL,1,'0','system','2025-12-04 19:38:12','system','2025-12-04 19:38:12',NULL),
	(70,'410108','жғ жөҺеҢә','41010840','еӨ§жІіи·ҜиЎ—йҒ“еҠһдәӢеӨ„',1,'0','system','2025-12-04 19:38:12','system','2025-12-04 19:38:12',NULL),
	(71,'410108','жғ жөҺеҢә','41010805','еҲҳеҜЁиЎ—йҒ“еҠһдәӢеӨ„',2,'0','system','2025-12-04 19:38:12','system','2025-12-04 19:38:12',NULL),
	(72,'410108','жғ жөҺеҢә','41010823','й•ҝе…ҙи·ҜиЎ—йҒ“еҠһдәӢеӨ„',3,'0','system','2025-12-04 19:38:12','system','2025-12-04 19:38:12',NULL),
	(73,'410108','жғ жөҺеҢә','41010824','иҝҺе®ҫи·ҜиЎ—йҒ“еҠһдәӢеӨ„',4,'0','system','2025-12-04 19:38:12','system','2025-12-04 19:38:12',NULL),
	(74,'410108','жғ жөҺеҢә','41010836','жұҹеұұи·ҜиЎ—йҒ“еҠһдәӢеӨ„',5,'0','system','2025-12-04 19:38:12','system','2025-12-04 19:38:12',NULL),
	(75,'410108','жғ жөҺеҢә','41010855','ж–°еҹҺи·ҜиЎ—йҒ“еҠһдәӢеӨ„',6,'0','system','2025-12-04 19:38:12','system','2025-12-04 19:38:12',NULL),
	(76,'410108','жғ жөҺеҢә','41010893','еҸӨиҚҘй•Үдәәж°‘ж”ҝеәң',7,'0','system','2025-12-04 19:38:12','system','2025-12-04 19:38:12',NULL),
	(77,'410108','жғ жөҺеҢә','41010861','иҠұеӣӯеҸЈй•Үдәәж°‘ж”ҝеәң',8,'0','system','2025-12-04 19:38:12','system','2025-12-04 19:38:12',NULL),
	(78,'410104','з®ЎеҹҺеҢә',NULL,NULL,1,'0','system','2025-12-04 19:38:12','system','2025-12-04 19:38:12',NULL),
	(79,'410104','з®ЎеҹҺеҢә','41010441','иҘҝеӨ§иЎ—еҠһдәӢеӨ„',1,'0','system','2025-12-04 19:38:12','system','2025-12-04 19:38:12',NULL),
	(80,'410104','з®ЎеҹҺеҢә','41010435','еҢ—дёӢиЎ—еҠһдәӢеӨ„',2,'0','system','2025-12-04 19:38:12','system','2025-12-04 19:38:12',NULL),
	(81,'410104','з®ЎеҹҺеҢә','41010498','дёңеӨ§иЎ—еҠһдәӢеӨ„',3,'0','system','2025-12-04 19:38:12','system','2025-12-04 19:38:12',NULL),
	(82,'410104','з®ЎеҹҺеҢә','41010421','еҚ—е…іеҠһдәӢеӨ„',4,'0','system','2025-12-04 19:38:12','system','2025-12-04 19:38:12',NULL),
	(83,'410104','з®ЎеҹҺеҢә','41010487','еҹҺдёңи·ҜеҠһдәӢеӨ„',5,'0','system','2025-12-04 19:38:12','system','2025-12-04 19:38:12',NULL),
	(84,'410104','з®ЎеҹҺеҢә','41010464','дәҢйҮҢеІ—еҠһдәӢеӨ„',6,'0','system','2025-12-04 19:38:12','system','2025-12-04 19:38:12',NULL),
	(85,'410104','з®ЎеҹҺеҢә','41010454','йҷҮжө·еҠһдәӢеӨ„',7,'0','system','2025-12-04 19:38:12','system','2025-12-04 19:38:12',NULL),
	(86,'410104','з®ЎеҹҺеҢә','41010490','зҙ«еҚ—еҠһдәӢеӨ„',8,'0','system','2025-12-04 19:38:12','system','2025-12-04 19:38:12',NULL),
	(87,'410104','з®ЎеҹҺеҢә','41010472','иҲӘдёңеҠһдәӢеӨ„',9,'0','system','2025-12-04 19:38:12','system','2025-12-04 19:38:12',NULL),
	(88,'410104','з®ЎеҹҺеҢә','41010419','еҚ—жӣ№еҠһдәӢеӨ„',10,'0','system','2025-12-04 19:38:12','system','2025-12-04 19:38:12',NULL),
	(89,'410104','з®ЎеҹҺеҢә','41010472','еҚҒе…«йҮҢжІіеҠһдәӢеӨ„',11,'0','system','2025-12-04 19:38:12','system','2025-12-04 19:38:12',NULL),
	(90,'410104','з®ЎеҹҺеҢә','41010439','йҮ‘еІұеҠһдәӢеӨ„',12,'0','system','2025-12-04 19:38:12','system','2025-12-04 19:38:12',NULL),
	(91,'410173','з»ҸејҖеҢә',NULL,NULL,1,'0','system','2025-12-04 19:38:12','system','2025-12-04 19:38:12',NULL),
	(92,'410173','з»ҸејҖеҢә','41017342','жҳҺж№–еҠһдәӢеӨ„',1,'0','system','2025-12-04 19:38:12','system','2025-12-04 19:38:12',NULL),
	(93,'410173','з»ҸејҖеҢә','41017358','жҪ®жІіеҠһдәӢеӨ„',2,'0','system','2025-12-04 19:38:12','system','2025-12-04 19:38:12',NULL),
	(94,'410173','з»ҸејҖеҢә','41017395','дә¬иҲӘеҠһдәӢеӨ„',3,'0','system','2025-12-04 19:38:12','system','2025-12-04 19:38:12',NULL),
	(95,'410173','з»ҸејҖеҢә','41017332','еүҚзЁӢеҠһдәӢеӨ„',4,'0','system','2025-12-04 19:38:12','system','2025-12-04 19:38:12',NULL),
	(96,'410173','з»ҸејҖеҢә','41017381','д№қйҫҷеҠһдәӢеӨ„',5,'0','system','2025-12-04 19:38:12','system','2025-12-04 19:38:12',NULL),
	(97,'410106','дёҠиЎ—еҢә',NULL,NULL,1,'0','system','2025-12-04 19:38:12','system','2025-12-04 19:38:12',NULL),
	(98,'410106','дёҠиЎ—еҢә','41010664','дёӯеҝғи·ҜиЎ—йҒ“еҠһдәӢеӨ„',1,'0','system','2025-12-04 19:38:12','system','2025-12-04 19:38:12',NULL),
	(99,'410106','дёҠиЎ—еҢә','41010678','жөҺжәҗи·ҜиЎ—йҒ“еҠһдәӢеӨ„',2,'0','system','2025-12-04 19:38:12','system','2025-12-04 19:38:12',NULL),
	(100,'410106','дёҠиЎ—еҢә','41010689','е·Ҙдёҡи·ҜиЎ—йҒ“еҠһдәӢеӨ„',3,'0','system','2025-12-04 19:38:12','system','2025-12-04 19:38:12',NULL),
	(101,'410106','дёҠиЎ—еҢә','41010679','еіЎзӘқй•Үдәәж°‘ж”ҝеәң',4,'0','system','2025-12-04 19:38:12','system','2025-12-04 19:38:12',NULL),
	(102,'410106','дёҠиЎ—еҢә','41010615','зҹҝеұұиЎ—йҒ“еҠһдәӢеӨ„',5,'0','system','2025-12-04 19:38:12','system','2025-12-04 19:38:12',NULL),
	(103,'410106','дёҠиЎ—еҢә','41010622','ж–°е®үи·ҜиЎ—йҒ“еҠһдәӢеӨ„',6,'0','system','2025-12-04 19:38:12','system','2025-12-04 19:38:12',NULL),
	(104,'410122','дёӯзүҹеҺҝ',NULL,NULL,1,'0','system','2025-12-04 19:38:12','system','2025-12-04 19:38:12',NULL),
	(105,'410122','дёӯзүҹеҺҝ','41012270','еӨ§еӯҹиЎ—йҒ“',1,'0','system','2025-12-04 19:38:12','system','2025-12-04 19:38:12',NULL),
	(106,'410122','дёӯзүҹеҺҝ','41012243','йқ’е№ҙи·ҜиЎ—йҒ“',2,'0','system','2025-12-04 19:38:12','system','2025-12-04 19:38:12',NULL),
	(107,'410122','дёӯзүҹеҺҝ','41012287','дёңйЈҺи·ҜиЎ—йҒ“',3,'0','system','2025-12-04 19:38:12','system','2025-12-04 19:38:12',NULL),
	(108,'410122','дёӯзүҹеҺҝ','41012223','е№ҝжғ иЎ—иЎ—йҒ“',4,'0','system','2025-12-04 19:38:12','system','2025-12-04 19:38:12',NULL),
	(109,'410122','дёӯзүҹеҺҝ','41012204','дёҮжҙӘи·ҜеҢәеҹҹеҸ‘еұ•дёӯеҝғ',5,'0','system','2025-12-04 19:38:12','system','2025-12-04 19:38:12',NULL),
	(110,'410122','дёӯзүҹеҺҝ','41012234','йҹ©еҜәй•Ү',6,'0','system','2025-12-04 19:38:12','system','2025-12-04 19:38:12',NULL),
	(111,'410122','дёӯзүҹеҺҝ','41012252','е®ҳжёЎй•Ү',7,'0','system','2025-12-04 19:38:12','system','2025-12-04 19:38:12',NULL),
	(112,'410122','дёӯзүҹеҺҝ','41012277','зӢјеҹҺеІ—й•Ү',8,'0','system','2025-12-04 19:38:12','system','2025-12-04 19:38:12',NULL),
	(113,'410122','дёӯзүҹеҺҝ','41012271','йӣҒйёЈж№–й•Ү',9,'0','system','2025-12-04 19:38:12','system','2025-12-04 19:38:12',NULL),
	(114,'410122','дёӯзүҹеҺҝ','41012236','дёҮж»©й•Ү',10,'0','system','2025-12-04 19:38:12','system','2025-12-04 19:38:12',NULL),
	(115,'410122','дёӯзүҹеҺҝ','41012224','еҲҳйӣҶй•Ү',11,'0','system','2025-12-04 19:38:12','system','2025-12-04 19:38:12',NULL),
	(116,'410122','дёӯзүҹеҺҝ','41012266','йғ‘еәөй•Ү',12,'0','system','2025-12-04 19:38:12','system','2025-12-04 19:38:12',NULL),
	(117,'410122','дёӯзүҹеҺҝ','41012259','еҲҒе®¶д№Ў',13,'0','system','2025-12-04 19:38:12','system','2025-12-04 19:38:12',NULL),
	(118,'410122','дёӯзүҹеҺҝ','41012253','е§ҡе®¶й•Ү',14,'0','system','2025-12-04 19:38:12','system','2025-12-04 19:38:12',NULL),
	(119,'410181','е·©д№үеёӮ',NULL,NULL,1,'0','system','2025-12-04 19:38:12','system','2025-12-04 19:38:12',NULL),
	(120,'410181','е·©д№үеёӮ','41018175','ж–°еҚҺи·ҜиЎ—йҒ“',1,'0','system','2025-12-04 19:38:12','system','2025-12-04 19:38:12',NULL),
	(121,'410181','е·©д№үеёӮ','41018138','жқңз”«и·ҜиЎ—йҒ“',2,'0','system','2025-12-04 19:38:12','system','2025-12-04 19:38:12',NULL),
	(122,'410181','е·©д№үеёӮ','41018104','ж°ёе®үи·ҜиЎ—йҒ“',3,'0','system','2025-12-04 19:38:12','system','2025-12-04 19:38:12',NULL),
	(123,'410181','е·©д№үеёӮ','41018183','еӯқд№үиЎ—йҒ“',4,'0','system','2025-12-04 19:38:12','system','2025-12-04 19:38:12',NULL),
	(124,'410181','е·©д№үеёӮ','41018171','зҙ«иҚҶи·ҜиЎ—йҒ“',5,'0','system','2025-12-04 19:38:12','system','2025-12-04 19:38:12',NULL),
	(125,'410181','е·©д№үеёӮ','41018148','зұіжІій•Ү',6,'0','system','2025-12-04 19:38:12','system','2025-12-04 19:38:12',NULL),
	(126,'410181','е·©д№үеёӮ','41018194','ж–°дёӯй•Ү',7,'0','system','2025-12-04 19:38:12','system','2025-12-04 19:38:12',NULL),
	(127,'410181','е·©д№үеёӮ','41018116','е°Ҹе…ій•Ү',8,'0','system','2025-12-04 19:38:12','system','2025-12-04 19:38:12',NULL),
	(128,'410181','е·©д№үеёӮ','41018146','з«№жһ—й•Ү',9,'0','system','2025-12-04 19:38:12','system','2025-12-04 19:38:12',NULL),
	(129,'410181','е·©д№үеёӮ','41018131','еӨ§еіӘжІҹй•Ү',10,'0','system','2025-12-04 19:38:12','system','2025-12-04 19:38:12',NULL),
	(130,'410181','е·©д№үеёӮ','41018129','жІіжҙӣй•Ү',11,'0','system','2025-12-04 19:38:12','system','2025-12-04 19:38:12',NULL),
	(131,'410181','е·©д№үеёӮ','41018136','з«ҷиЎ—й•Ү',12,'0','system','2025-12-04 19:38:12','system','2025-12-04 19:38:12',NULL),
	(132,'410181','е·©д№үеёӮ','41018175','еә·еә—й•Ү',13,'0','system','2025-12-04 19:38:12','system','2025-12-04 19:38:12',NULL),
	(133,'410181','е·©д№үеёӮ','41018189','еҢ—еұұеҸЈй•Ү',14,'0','system','2025-12-04 19:38:12','system','2025-12-04 19:38:12',NULL),
	(134,'410181','е·©д№үеёӮ','41018129','иҘҝжқ‘й•Ү',15,'0','system','2025-12-04 19:38:12','system','2025-12-04 19:38:12',NULL),
	(135,'410181','е·©д№үеёӮ','41018129','иҠқз”°й•Ү',16,'0','system','2025-12-04 19:38:12','system','2025-12-04 19:38:12',NULL),
	(136,'410181','е·©д№үеёӮ','41018151','еӣһйғӯй•Ү',17,'0','system','2025-12-04 19:38:12','system','2025-12-04 19:38:12',NULL),
	(137,'410181','е·©д№үеёӮ','41018149','йІҒеә„й•Ү',18,'0','system','2025-12-04 19:38:12','system','2025-12-04 19:38:12',NULL),
	(138,'410181','е·©д№үеёӮ','41018111','еӨ№жҙҘеҸЈй•Ү',19,'0','system','2025-12-04 19:38:12','system','2025-12-04 19:38:12',NULL),
	(139,'410181','е·©д№үеёӮ','41018149','ж¶үжқ‘й•Ү',20,'0','system','2025-12-04 19:38:12','system','2025-12-04 19:38:12',NULL),
	(140,'410182','иҚҘйҳіеёӮ',NULL,NULL,1,'0','system','2025-12-04 19:38:12','system','2025-12-04 19:38:12',NULL),
	(141,'410182','иҚҘйҳіеёӮ','41018257','дә¬еҹҺи·ҜиЎ—йҒ“',1,'0','system','2025-12-04 19:38:12','system','2025-12-04 19:38:12',NULL),
	(142,'410182','иҚҘйҳіеёӮ','41018282','зҙўжІіиЎ—йҒ“',2,'0','system','2025-12-04 19:38:12','system','2025-12-04 19:38:12',NULL),
	(143,'410182','иҚҘйҳіеёӮ','41018204','иұ«йҫҷй•Үж”ҝеәң',3,'0','system','2025-12-04 19:38:12','system','2025-12-04 19:38:12',NULL),
	(144,'410182','иҚҘйҳіеёӮ','41018216','иҙҫеіӘй•Үж”ҝеәң',4,'0','system','2025-12-04 19:38:12','system','2025-12-04 19:38:12',NULL),
	(145,'410182','иҚҘйҳіеёӮ','41018264','е№ҝжӯҰй•Үж”ҝеәң',5,'0','system','2025-12-04 19:38:12','system','2025-12-04 19:38:12',NULL),
	(146,'410182','иҚҘйҳіеёӮ','41018274','д№”жҘјй•Үж”ҝеәң',6,'0','system','2025-12-04 19:38:12','system','2025-12-04 19:38:12',NULL),
	(147,'410182','иҚҘйҳіеёӮ','41018252','з§‘еӯҰеҹҺзӯ№еӨҮеӨ„з®ЎзҗҶеӨ„',7,'0','system','2025-12-04 19:38:12','system','2025-12-04 19:38:12',NULL),
	(148,'410182','иҚҘйҳіеёӮ','41018205','еҙ”еәҷй•Ү',8,'0','system','2025-12-04 19:38:12','system','2025-12-04 19:38:12',NULL),
	(149,'410183','ж–°еҜҶеёӮ',NULL,NULL,1,'0','system','2025-12-04 19:38:12','system','2025-12-04 19:38:12',NULL),
	(150,'410183','ж–°еҜҶеёӮ','41018309','зұіжқ‘й•Ү',1,'0','system','2025-12-04 19:38:12','system','2025-12-04 19:38:12',NULL),
	(151,'410183','ж–°еҜҶеёӮ','41018318','иўҒеә„д№Ў',2,'0','system','2025-12-04 19:38:12','system','2025-12-04 19:38:12',NULL),
	(152,'410183','ж–°еҜҶеёӮ','41018312','зүӣеә—й•Ү',3,'0','system','2025-12-04 19:38:12','system','2025-12-04 19:38:12',NULL),
	(153,'410183','ж–°еҜҶеёӮ','41018312','е№ійҷҢй•Ү',4,'0','system','2025-12-04 19:38:12','system','2025-12-04 19:38:12',NULL),
	(154,'410183','ж–°еҜҶеёӮ','41018308','и¶…еҢ–й•Ү',5,'0','system','2025-12-04 19:38:12','system','2025-12-04 19:38:12',NULL),
	(155,'410183','ж–°еҜҶеёӮ','41018302','еӨ§йҡ—й•Ү',6,'0','system','2025-12-04 19:38:12','system','2025-12-04 19:38:12',NULL),
	(156,'410183','ж–°еҜҶеёӮ','41018345','иӢҹе Ӯй•Ү',7,'0','system','2025-12-04 19:38:12','system','2025-12-04 19:38:12',NULL),
	(157,'410183','ж–°еҜҶеёӮ','41018314','еҲҳеҜЁй•Ү',8,'0','system','2025-12-04 19:38:12','system','2025-12-04 19:38:12',NULL),
	(158,'410183','ж–°еҜҶеёӮ','41018329','жӣІжўҒй•Ү',9,'0','system','2025-12-04 19:38:12','system','2025-12-04 19:38:12',NULL),
	(159,'410183','ж–°еҜҶеёӮ','41018367','зҷҪеҜЁй•Ү',10,'0','system','2025-12-04 19:38:12','system','2025-12-04 19:38:12',NULL),
	(160,'410183','ж–°еҜҶеёӮ','41018326','еІіжқ‘й•Ү',11,'0','system','2025-12-04 19:38:12','system','2025-12-04 19:38:12',NULL),
	(161,'410183','ж–°еҜҶеёӮ','41018398','жқҘйӣҶй•Ү',12,'0','system','2025-12-04 19:38:12','system','2025-12-04 19:38:12',NULL),
	(162,'410183','ж–°еҜҶеёӮ','41018399','еҹҺе…ій•Ү',13,'0','system','2025-12-04 19:38:12','system','2025-12-04 19:38:12',NULL),
	(163,'410183','ж–°еҜҶеёӮ','41018390','ж–°еҜҶиҘҝеӨ§иЎ—еҠһдәӢеӨ„',14,'0','system','2025-12-04 19:38:12','system','2025-12-04 19:38:12',NULL),
	(164,'410183','ж–°еҜҶеёӮ','41018397','йқ’еұҸиЎ—еҠһдәӢеӨ„',15,'0','system','2025-12-04 19:38:12','system','2025-12-04 19:38:12',NULL),
	(165,'410183','ж–°еҜҶеёӮ','41018395','ж–°еҚҺи·ҜеҠһдәӢеӨ„',16,'0','system','2025-12-04 19:38:12','system','2025-12-04 19:38:12',NULL),
	(166,'410183','ж–°еҜҶеёӮ','41018385','зҹҝеҢәеҠһдәӢеӨ„',17,'0','system','2025-12-04 19:38:12','system','2025-12-04 19:38:12',NULL),
	(167,'410183','ж–°еҜҶеёӮ','41018321','дјҸзҫІеұұз®Ўе§”дјҡ',18,'0','system','2025-12-04 19:38:12','system','2025-12-04 19:38:12',NULL),
	(168,'410184','ж–°йғ‘еёӮ',NULL,NULL,1,'0','system','2025-12-04 19:38:12','system','2025-12-04 19:38:12',NULL),
	(169,'410184','ж–°йғ‘еёӮ','41018475','ж–°е»әи·ҜиЎ—йҒ“',1,'0','system','2025-12-04 19:38:12','system','2025-12-04 19:38:12',NULL),
	(170,'410184','ж–°йғ‘еёӮ','41018475','ж–°еҚҺи·ҜиЎ—йҒ“',2,'0','system','2025-12-04 19:38:12','system','2025-12-04 19:38:12',NULL),
	(171,'410184','ж–°йғ‘еёӮ','41018486','ж–°жқ‘й•Ү',3,'0','system','2025-12-04 19:38:12','system','2025-12-04 19:38:12',NULL),
	(172,'410184','ж–°йғ‘еёӮ','41018473','еҹҺе…ід№Ў',4,'0','system','2025-12-04 19:38:12','system','2025-12-04 19:38:12',NULL),
	(173,'410184','ж–°йғ‘еёӮ','41018451','е…·иҢЁеұұеӣҪе®¶зә§жЈ®жһ—е…¬еӣӯз®ЎзҗҶе§”е‘ҳдјҡ',5,'0','system','2025-12-04 19:38:12','system','2025-12-04 19:38:12',NULL),
	(174,'410184','ж–°йғ‘еёӮ','41018492','е’Ңеә„й•Ү',6,'0','system','2025-12-04 19:38:12','system','2025-12-04 19:38:12',NULL),
	(175,'410184','ж–°йғ‘еёӮ','41018465','иҫӣеә—й•Ү',7,'0','system','2025-12-04 19:38:12','system','2025-12-04 19:38:12',NULL),
	(176,'410184','ж–°йғ‘еёӮ','41018428','и–ӣеә—й•Ү',8,'0','system','2025-12-04 19:38:12','system','2025-12-04 19:38:12',NULL),
	(177,'410184','ж–°йғ‘еёӮ','41018411','йҫҷж№–й•Ү',9,'0','system','2025-12-04 19:38:12','system','2025-12-04 19:38:12',NULL),
	(178,'410184','ж–°йғ‘еёӮ','41018416','еӯҹеә„й•Ү',10,'0','system','2025-12-04 19:38:12','system','2025-12-04 19:38:12',NULL),
	(179,'410184','ж–°йғ‘еёӮ','41018468','йғӯеә—й•Ү',11,'0','system','2025-12-04 19:38:12','system','2025-12-04 19:38:12',NULL),
	(180,'410184','ж–°йғ‘еёӮ','41018462','и§ӮйҹіеҜәй•Ү',12,'0','system','2025-12-04 19:38:12','system','2025-12-04 19:38:12',NULL),
	(181,'410184','ж–°йғ‘еёӮ','41018457','жўЁжІій•Ү',13,'0','system','2025-12-04 19:38:12','system','2025-12-04 19:38:12',NULL),
	(182,'410184','ж–°йғ‘еёӮ','41018450','ж–°зғҹиЎ—йҒ“',14,'0','system','2025-12-04 19:38:12','system','2025-12-04 19:38:12',NULL),
	(183,'410184','ж–°йғ‘еёӮ','41018464','ж–°йғ‘ж–°еҢәз®ЎзҗҶе§”е‘ҳдјҡ',15,'0','system','2025-12-04 19:38:13','system','2025-12-04 19:38:13',NULL),
	(184,'410185','зҷ»е°ҒеёӮ',NULL,NULL,1,'0','system','2025-12-04 19:38:13','system','2025-12-04 19:38:13',NULL),
	(185,'410185','зҷ»е°ҒеёӮ','41018555','еө©йҳіиЎ—йҒ“еҠһдәӢеӨ„',1,'0','system','2025-12-04 19:38:13','system','2025-12-04 19:38:13',NULL),
	(186,'410185','зҷ»е°ҒеёӮ','41018503','дёӯеІіиЎ—йҒ“еҠһдәӢеӨ„',2,'0','system','2025-12-04 19:38:13','system','2025-12-04 19:38:13',NULL),
	(187,'410185','зҷ»е°ҒеёӮ','41018595','е°‘жһ—иЎ—йҒ“еҠһдәӢеӨ„',3,'0','system','2025-12-04 19:38:13','system','2025-12-04 19:38:13',NULL),
	(188,'410185','зҷ»е°ҒеёӮ','41018510','еҚўеә—иЎ—йҒ“еҠһдәӢеӨ„',4,'0','system','2025-12-04 19:38:13','system','2025-12-04 19:38:13',NULL),
	(189,'410173','иҲӘз©әжёҜеҢә',NULL,NULL,1,'0','system','2025-12-04 19:38:13','system','2025-12-04 19:38:13',NULL),
	(190,'410173','иҲӘз©әжёҜеҢә','41017303','й“¶жІіеҠһдәӢеӨ„',1,'0','system','2025-12-04 19:38:13','system','2025-12-04 19:38:13',NULL),
	(191,'410173','иҲӘз©әжёҜеҢә','41017317','ж–°жёҜеҠһдәӢеӨ„',2,'0','system','2025-12-04 19:38:13','system','2025-12-04 19:38:13',NULL),
	(192,'410173','иҲӘз©әжёҜеҢә','41017309','жҳҺжёҜеҠһдәӢеӨ„',3,'0','system','2025-12-04 19:38:13','system','2025-12-04 19:38:13',NULL),
	(193,'410173','иҲӘз©әжёҜеҢә','41017316','йҫҷзҺӢеҠһдәӢеӨ„',4,'0','system','2025-12-04 19:38:13','system','2025-12-04 19:38:13',NULL),
	(194,'410173','иҲӘз©әжёҜеҢә','41017334','йғ‘жёҜеҠһдәӢеӨ„',5,'0','system','2025-12-04 19:38:13','system','2025-12-04 19:38:13',NULL),
	(195,'410173','иҲӘз©әжёҜеҢә','41017340','ж»ЁжІіеҠһдәӢеӨ„',6,'0','system','2025-12-04 19:38:13','system','2025-12-04 19:38:13',NULL),
	(196,'410173','иҲӘз©әжёҜеҢә','41017354','дёүе®ҳеәҷеҠһдәӢеӨ„',7,'0','system','2025-12-04 19:38:13','system','2025-12-04 19:38:13',NULL),
	(197,'410173','иҲӘз©әжёҜеҢә','41017372','еІ—жқҺд№Ў',8,'0','system','2025-12-04 19:38:13','system','2025-12-04 19:38:13',NULL),
	(198,'410173','иҲӘз©әжёҜеҢә','41017384','йҫҷжёҜеҠһдәӢеӨ„',9,'0','system','2025-12-04 19:38:13','system','2025-12-04 19:38:13',NULL),
	(199,'410173','иҲӘз©әжёҜеҢә','41017352','еј еә„еҠһдәӢеӨ„',10,'0','system','2025-12-04 19:38:13','system','2025-12-04 19:38:13',NULL);

/*!40000 ALTER TABLE `area_street` ENABLE KEYS */;
UNLOCK TABLES;


# иҪ¬еӮЁиЎЁ balance_warning
# ------------------------------------------------------------

DROP TABLE IF EXISTS `balance_warning`;

CREATE TABLE `balance_warning` (
  `warning_id` bigint NOT NULL AUTO_INCREMENT COMMENT 'жЈ°еӢ®?ID',
  `warning_no` varchar(50) NOT NULL COMMENT 'жЈ°еӢ®?зјӮж §еҪҝ',
  `account_id` bigint NOT NULL COMMENT 'з’җпёҪеҹӣID',
  `elder_id` bigint NOT NULL COMMENT 'й‘°дҪ·жұүID',
  `institution_id` bigint NOT NULL COMMENT 'йҸҲзғҳзҖҜID',
  `warning_type` char(1) DEFAULT '1' COMMENT 'жЈ°еӢ®?з»ӣеӨҢйӘҮ 1-йҺ»ж„®гҒҡ 2-з’Җп№ҖжҶЎ 3-ж¶“гғ©еҷё',
  `current_balance` decimal(15,2) DEFAULT '0.00' COMMENT 'иӨ°ж’іеў жөЈж¬“?',
  `available_months` int DEFAULT '0' COMMENT 'йҚҷ?ж•ӨйҸҲе ҹжҡҹ',
  `monthly_fee` decimal(10,2) DEFAULT '0.00' COMMENT 'йҸҲе ЈеһӮйҸҚеӣ§еҷҜ',
  `warning_reason` varchar(500) DEFAULT NULL COMMENT 'жЈ°еӢ®?йҚҳзҶ·жҙң',
  `suggestion` varchar(500) DEFAULT NULL COMMENT 'еҜӨйёҝ?йҺә?жҹҰ',
  `warning_status` char(1) DEFAULT '0' COMMENT 'жЈ°еӢ®?йҗҳиҲө? 0-йҸҲ??йҗһ?1-е®ёжҸ’?йҗһ?2-е®ёжҸ’жӢ·йҗЈ',
  `handle_time` datetime DEFAULT NULL COMMENT 'жҫ¶еӢӯжӮҠйҸғе •жЈҝ',
  `handler` varchar(64) DEFAULT NULL COMMENT 'жҫ¶еӢӯжӮҠжөң',
  `handle_remark` varchar(500) DEFAULT NULL COMMENT 'жҫ¶еӢӯжӮҠжҫ¶еӣЁж•һ',
  `is_notified` char(1) DEFAULT '0' COMMENT 'йҸ„?жғҒе®ёжҹҘ?йҗӯ?0-йҸҲ??йҗӯ?1-е®ёжҹҘ?йҗӯ',
  `notify_time` datetime DEFAULT NULL COMMENT 'й–«ж°ұз…ЎйҸғе •жЈҝ',
  `notify_method` varchar(100) DEFAULT NULL COMMENT 'й–«ж°ұз…ЎйҸӮз‘°зҙЎ',
  `remark` varchar(500) DEFAULT NULL COMMENT 'жҫ¶еӣЁж•һ',
  `create_by` varchar(64) DEFAULT '' COMMENT 'йҚ’ж¶ҳзј“й‘°',
  `create_time` datetime DEFAULT CURRENT_TIMESTAMP COMMENT 'йҚ’ж¶ҳзј“йҸғе •жЈҝ',
  `update_by` varchar(64) DEFAULT '' COMMENT 'йҸҮеӯҳжҹҠй‘°',
  `update_time` datetime DEFAULT CURRENT_TIMESTAMP ON UPDATE CURRENT_TIMESTAMP COMMENT 'йҸҮеӯҳжҹҠйҸғе •жЈҝ',
  PRIMARY KEY (`warning_id`),
  UNIQUE KEY `uk_warning_no` (`warning_no`),
  KEY `idx_warning_account` (`account_id`),
  KEY `idx_warning_elder` (`elder_id`),
  KEY `idx_warning_institution` (`institution_id`),
  KEY `idx_warning_type` (`warning_type`),
  KEY `idx_warning_status` (`warning_status`),
  KEY `idx_create_time` (`create_time`)
) ENGINE=InnoDB AUTO_INCREMENT=4 DEFAULT CHARSET=utf8mb4 COLLATE=utf8mb4_0900_ai_ci COMMENT='жөЈж¬“?жЈ°еӢ®?з’Ғжқҝз¶Қзҗӣ';



# иҪ¬еӮЁиЎЁ bed_allocation
# ------------------------------------------------------------

DROP TABLE IF EXISTS `bed_allocation`;

CREATE TABLE `bed_allocation` (
  `allocation_id` bigint NOT NULL AUTO_INCREMENT COMMENT 'еҲҶй…Қи®°еҪ•ID',
  `elder_id` bigint NOT NULL COMMENT 'иҖҒдәәID',
  `bed_id` bigint NOT NULL COMMENT 'еәҠдҪҚID',
  `institution_id` bigint NOT NULL COMMENT 'жңәжһ„ID',
  `check_in_date` date NOT NULL COMMENT 'е…ҘдҪҸж—Ҙжңҹ',
  `due_date` date DEFAULT NULL COMMENT 'еҲ°жңҹж—Ҙжңҹ',
  `check_out_date` date DEFAULT NULL COMMENT 'йҖҖдҪҸж—Ҙжңҹ',
  `allocation_status` char(1) DEFAULT '1' COMMENT 'еҲҶй…ҚзҠ¶жҖҒ(1еңЁдҪҸ 2е·ІйҖҖдҪҸ)',
  `monthly_fee` decimal(10,2) DEFAULT NULL COMMENT 'жңҲиҙ№з”Ё(е…ғ)',
  `deposit_status` char(1) DEFAULT '0' COMMENT 'жҠјйҮ‘зҠ¶жҖҒ(0жңӘж”Ҝд»ҳ 1е·Іж”Ҝд»ҳ 2е·ІйҖҖиҝҳ)',
  `deposit_amount` decimal(10,2) DEFAULT NULL COMMENT 'жҠјйҮ‘йҮ‘йўқ(е…ғ)',
  `create_by` varchar(64) DEFAULT '' COMMENT 'еҲӣе»әиҖ…',
  `create_time` datetime DEFAULT NULL COMMENT 'еҲӣе»әж—¶й—ҙ',
  `update_by` varchar(64) DEFAULT '' COMMENT 'жӣҙж–°иҖ…',
  `update_time` datetime DEFAULT NULL COMMENT 'жӣҙж–°ж—¶й—ҙ',
  `remark` varchar(500) DEFAULT NULL COMMENT 'еӨҮжіЁ',
  PRIMARY KEY (`allocation_id`),
  KEY `idx_elder_id` (`elder_id`),
  KEY `idx_bed_id` (`bed_id`),
  KEY `idx_institution_id` (`institution_id`),
  KEY `idx_check_in_date` (`check_in_date`),
  CONSTRAINT `fk_allocation_bed` FOREIGN KEY (`bed_id`) REFERENCES `bed_info` (`bed_id`) ON DELETE CASCADE,
  CONSTRAINT `fk_allocation_elder` FOREIGN KEY (`elder_id`) REFERENCES `elder_info` (`elder_id`) ON DELETE CASCADE,
  CONSTRAINT `fk_allocation_institution` FOREIGN KEY (`institution_id`) REFERENCES `pension_institution` (`institution_id`) ON DELETE CASCADE
) ENGINE=InnoDB AUTO_INCREMENT=74 DEFAULT CHARSET=utf8mb4 COLLATE=utf8mb4_0900_ai_ci COMMENT='еәҠдҪҚеҲҶй…Қи®°еҪ•иЎЁ';

LOCK TABLES `bed_allocation` WRITE;
/*!40000 ALTER TABLE `bed_allocation` DISABLE KEYS */;

INSERT INTO `bed_allocation` (`allocation_id`, `elder_id`, `bed_id`, `institution_id`, `check_in_date`, `due_date`, `check_out_date`, `allocation_status`, `monthly_fee`, `deposit_status`, `deposit_amount`, `create_by`, `create_time`, `update_by`, `update_time`, `remark`)
VALUES
	(72,91,73,36,'2026-02-03','2027-02-03',NULL,'0',500.00,'0',10000.00,'zhb_1670890634337372','2026-02-03 02:00:46','',NULL,'H5е°ҸзЁӢеәҸи®ўеҚ•жқҘжәҗ'),
	(73,92,72,36,'2026-02-03','2027-01-03',NULL,'0',900.00,'0',10000.00,'zhb_1670890634337372','2026-02-03 02:46:00','',NULL,'H5е°ҸзЁӢеәҸи®ўеҚ•жқҘжәҗ');

/*!40000 ALTER TABLE `bed_allocation` ENABLE KEYS */;
UNLOCK TABLES;


# иҪ¬еӮЁиЎЁ bed_info
# ------------------------------------------------------------

DROP TABLE IF EXISTS `bed_info`;

CREATE TABLE `bed_info` (
  `bed_id` bigint NOT NULL AUTO_INCREMENT COMMENT 'еәҠдҪҚID',
  `institution_id` bigint NOT NULL COMMENT 'жңәжһ„ID',
  `room_number` varchar(20) NOT NULL COMMENT 'жҲҝй—ҙеҸ·',
  `bed_number` varchar(10) NOT NULL COMMENT 'еәҠдҪҚеҸ·',
  `bed_type` char(1) DEFAULT '1' COMMENT 'еәҠдҪҚзұ»еһӢ(1жҷ®йҖҡ 2иұӘеҚҺ 3еҢ»з–—)',
  `bed_status` char(1) DEFAULT '1' COMMENT 'еәҠдҪҚзҠ¶жҖҒ(0з©әзҪ® 1еҚ з”Ё 2з»ҙдҝ®)',
  `price` decimal(10,2) NOT NULL DEFAULT '0.00' COMMENT 'д»·ж ј',
  `self_care_price` decimal(10,2) DEFAULT NULL COMMENT 'иҮӘзҗҶжҠӨзҗҶд»·ж ј(е…ғ/жңҲ)',
  `half_care_price` decimal(10,2) DEFAULT NULL COMMENT 'еҚҠжҠӨзҗҶд»·ж ј(е…ғ/жңҲ)',
  `full_care_price` decimal(10,2) DEFAULT NULL COMMENT 'е…ЁжҠӨзҗҶд»·ж ј(е…ғ/жңҲ)',
  `member_fee` decimal(10,2) DEFAULT NULL COMMENT 'дјҡе‘ҳиҙ№(дёҖж¬ЎжҖ§)',
  `deposit_fee` decimal(10,2) DEFAULT NULL COMMENT 'жҠјйҮ‘(дёҖж¬ЎжҖ§)',
  `floor_number` int DEFAULT NULL COMMENT 'жҘјеұӮ',
  `room_area` decimal(8,2) DEFAULT NULL COMMENT 'жҲҝй—ҙйқўз§Ҝ(е№іж–№зұі)',
  `has_bathroom` char(1) DEFAULT '0' COMMENT 'жҳҜеҗҰжңүзӢ¬з«ӢеҚ«з”ҹй—ҙ(0еҗҰ 1жҳҜ)',
  `has_balcony` char(1) DEFAULT '0' COMMENT 'жҳҜеҗҰжңүйҳіеҸ°(0еҗҰ 1жҳҜ)',
  `facilities` varchar(1000) DEFAULT NULL COMMENT 'и®ҫж–Ҫй…ҚзҪ®',
  `create_by` varchar(64) DEFAULT '' COMMENT 'еҲӣе»әиҖ…',
  `create_time` datetime DEFAULT NULL COMMENT 'еҲӣе»әж—¶й—ҙ',
  `update_by` varchar(64) DEFAULT '' COMMENT 'жӣҙж–°иҖ…',
  `update_time` datetime DEFAULT NULL COMMENT 'жӣҙж–°ж—¶й—ҙ',
  `remark` varchar(500) DEFAULT NULL COMMENT 'еӨҮжіЁ',
  PRIMARY KEY (`bed_id`),
  UNIQUE KEY `uk_institution_room_bed` (`institution_id`,`room_number`,`bed_number`),
  KEY `idx_institution_id` (`institution_id`),
  CONSTRAINT `fk_bed_institution` FOREIGN KEY (`institution_id`) REFERENCES `pension_institution` (`institution_id`) ON DELETE CASCADE
) ENGINE=InnoDB AUTO_INCREMENT=120 DEFAULT CHARSET=utf8mb4 COLLATE=utf8mb4_0900_ai_ci COMMENT='еәҠдҪҚдҝЎжҒҜиЎЁ';

LOCK TABLES `bed_info` WRITE;
/*!40000 ALTER TABLE `bed_info` DISABLE KEYS */;

INSERT INTO `bed_info` (`bed_id`, `institution_id`, `room_number`, `bed_number`, `bed_type`, `bed_status`, `price`, `self_care_price`, `half_care_price`, `full_care_price`, `member_fee`, `deposit_fee`, `floor_number`, `room_area`, `has_bathroom`, `has_balcony`, `facilities`, `create_by`, `create_time`, `update_by`, `update_time`, `remark`)
VALUES
	(58,30,'101','01','1','0',500.00,200.00,500.00,1000.00,500.00,500.00,1,60.00,'Y','N','з”ҹжҙ»з…§ж–ҷгҖҒеҢ»з–—жҠӨзҗҶгҖҒеә·еӨҚи®ӯз»ғ','','2026-01-25 22:43:47','',NULL,'дёӯеҢ»зҗҶз–—гҖҒж–ҮеҢ–еЁұд№җгҖҒиҗҘе…»иҶійЈҹ'),
	(59,30,'102','23','1','0',500.00,600.00,1200.00,2400.00,1000.00,2000.00,1,60.00,'Y','Y',NULL,'','2026-01-25 23:04:14','',NULL,NULL),
	(60,30,'203','12','2','0',1000.00,1500.00,2000.00,3000.00,5000.00,10000.00,1,150.00,'Y','Y','е…Ёйқўз…§ж–ҷ','','2026-01-26 00:50:25','',NULL,NULL),
	(61,30,'455','12','1','0',200.00,500.00,1000.00,1500.00,200.00,500.00,2,50.00,'N','N',NULL,'','2026-01-26 01:21:32','',NULL,NULL),
	(62,32,'123','12','1','0',500.00,500.00,1000.00,1500.00,2000.00,3000.00,1,30.00,'Y','Y','й…ҚеҘ—йҪҗе…Ё','','2026-01-26 19:01:03','',NULL,NULL),
	(63,32,'235','12','1','0',500.00,300.00,600.00,1200.00,500.00,1000.00,2,60.00,'Y','Y','йҳҝж–Ҝи’ӮиҠ¬','','2026-01-26 21:14:19','',NULL,NULL),
	(64,34,'101','10','1','0',500.00,500.00,1500.00,3000.00,1000.00,3500.00,1,30.00,'Y','Y',NULL,'','2026-01-27 02:36:27','',NULL,NULL),
	(65,34,'202','09','1','0',500.00,500.00,1000.00,1500.00,500.00,1500.00,2,30.00,'Y','Y',NULL,'','2026-01-27 09:25:58','',NULL,NULL),
	(66,34,'305','12','1','0',1000.00,500.00,1000.00,1500.00,1000.00,1000.00,2,30.00,'Y','Y',NULL,'','2026-01-27 09:26:41','',NULL,NULL),
	(67,36,'103','01','1','0',500.00,500.00,1000.00,2000.00,500.00,5000.00,2,30.00,'Y','Y','жөӢиҜ•','','2026-01-27 10:05:45','',NULL,NULL),
	(68,36,'204','01','1','0',1000.00,500.00,1000.00,1500.00,500.00,1000.00,2,30.00,'Y','Y','11','','2026-01-27 10:19:26','',NULL,NULL),
	(69,36,'103','12','1','0',10000.00,500.00,1000.00,1500.00,500.00,1000.00,1,20.00,'0','0',NULL,'','2026-01-27 22:59:48','',NULL,NULL),
	(70,36,'109','12','1','0',400.00,500.00,1000.00,2000.00,400.00,1000.00,1,103.00,'Y','0',NULL,'','2026-01-27 23:20:59','',NULL,NULL),
	(71,36,'303','23','1','0',800.00,500.00,1000.00,1500.00,500.00,1000.00,1,20.00,'Y','Y',NULL,'','2026-01-28 01:34:35','',NULL,NULL),
	(72,36,'123','12','1','1',400.00,500.00,600.00,700.00,100.00,NULL,NULL,NULL,'0','0',NULL,'','2026-01-28 02:42:38','',NULL,NULL),
	(73,36,'209','12','1','1',400.00,100.00,200.00,400.00,500.00,10000.00,NULL,NULL,'0','0',NULL,'','2026-01-28 03:19:37','',NULL,NULL),
	(74,36,'1201','12','1','0',500.00,300.00,600.00,1500.00,500.00,1500.00,12,30.00,'0','0',NULL,'','2026-01-28 19:29:02','','2026-01-28 22:54:12',NULL),
	(75,36,'105','17','1','0',500.00,500.00,600.00,700.00,500.00,2000.00,NULL,NULL,'0','0',NULL,'','2026-01-28 20:30:52','','2026-01-28 22:16:41',NULL),
	(76,36,'908','78','1','0',800.00,800.00,1600.00,2400.00,1000.00,10000.00,2,NULL,'0','0',NULL,'','2026-01-28 20:34:39','','2026-01-28 20:35:01',NULL),
	(77,36,'106','45','1','0',500.00,500.00,700.00,1000.00,1000.00,10000.00,NULL,NULL,'0','0',NULL,'','2026-01-28 22:53:05','','2026-01-28 22:54:12',NULL),
	(78,36,'309','12','1','0',500.00,600.00,700.00,800.00,1000.00,2000.00,2,NULL,'0','0',NULL,'','2026-01-29 10:05:21','',NULL,NULL),
	(99,36,'301','01','1','0',500.00,500.00,800.00,1200.00,500.00,5000.00,3,25.00,'1','1',NULL,'admin','2026-01-29 10:10:04','',NULL,NULL),
	(100,36,'301','02','1','0',500.00,500.00,800.00,1200.00,500.00,5000.00,3,25.00,'1','1',NULL,'admin','2026-01-29 10:10:04','',NULL,NULL),
	(101,36,'302','01','1','0',500.00,500.00,800.00,1200.00,500.00,5000.00,3,24.00,'1','0',NULL,'admin','2026-01-29 10:10:04','',NULL,NULL),
	(102,36,'302','02','2','0',800.00,800.00,1200.00,1800.00,800.00,8000.00,3,28.00,'1','1',NULL,'admin','2026-01-29 10:10:04','',NULL,NULL),
	(103,36,'303','01','1','0',500.00,500.00,800.00,1200.00,500.00,5000.00,3,22.00,'0','1',NULL,'admin','2026-01-29 10:10:04','',NULL,NULL),
	(104,36,'303','02','1','0',500.00,500.00,800.00,1200.00,500.00,5000.00,3,22.00,'0','1',NULL,'admin','2026-01-29 10:10:04','',NULL,NULL),
	(105,36,'304','01','2','0',800.00,800.00,1200.00,1800.00,800.00,8000.00,3,30.00,'1','1',NULL,'admin','2026-01-29 10:10:04','',NULL,NULL),
	(106,36,'304','02','2','0',800.00,800.00,1200.00,1800.00,800.00,8000.00,3,30.00,'1','1',NULL,'admin','2026-01-29 10:10:04','',NULL,NULL),
	(107,36,'305','01','1','0',500.00,500.00,800.00,1200.00,500.00,5000.00,3,24.00,'1','0',NULL,'admin','2026-01-29 10:10:04','',NULL,NULL),
	(108,36,'305','02','1','0',500.00,500.00,800.00,1200.00,500.00,5000.00,3,24.00,'1','0',NULL,'admin','2026-01-29 10:10:04','',NULL,NULL),
	(109,36,'306','01','3','0',1200.00,1200.00,1500.00,2200.00,1000.00,15000.00,3,35.00,'1','1',NULL,'admin','2026-01-29 10:10:04','',NULL,NULL),
	(110,36,'306','02','3','0',1200.00,1200.00,1500.00,2200.00,1000.00,15000.00,3,35.00,'1','1',NULL,'admin','2026-01-29 10:10:04','',NULL,NULL),
	(111,36,'307','01','1','0',500.00,500.00,800.00,1200.00,500.00,5000.00,3,26.00,'1','1',NULL,'admin','2026-01-29 10:10:04','',NULL,NULL),
	(112,36,'307','02','1','0',500.00,500.00,800.00,1200.00,500.00,5000.00,3,26.00,'1','1',NULL,'admin','2026-01-29 10:10:04','',NULL,NULL),
	(113,36,'308','01','2','0',800.00,800.00,1200.00,1800.00,800.00,8000.00,3,28.00,'1','0',NULL,'admin','2026-01-29 10:10:04','',NULL,NULL),
	(114,36,'308','02','2','0',800.00,800.00,1200.00,1800.00,800.00,8000.00,3,28.00,'1','0',NULL,'admin','2026-01-29 10:10:04','',NULL,NULL),
	(115,36,'309','01','1','0',500.00,500.00,800.00,1200.00,500.00,5000.00,3,23.00,'0','1',NULL,'admin','2026-01-29 10:10:04','',NULL,NULL),
	(116,36,'309','02','1','0',500.00,500.00,800.00,1200.00,500.00,5000.00,3,23.00,'0','1',NULL,'admin','2026-01-29 10:10:04','',NULL,NULL),
	(117,36,'310','01','3','0',1200.00,1200.00,1500.00,2200.00,1000.00,15000.00,3,38.00,'1','1',NULL,'admin','2026-01-29 10:10:04','',NULL,NULL),
	(118,36,'310','02','3','0',1200.00,1200.00,1500.00,2200.00,1000.00,15000.00,3,38.00,'1','1',NULL,'admin','2026-01-29 10:10:04','',NULL,NULL),
	(119,36,'909','12','1','0',500.00,500.00,1000.00,1500.00,NULL,1000.00,9,30.00,'Y','Y',NULL,'','2026-01-31 17:00:51','',NULL,NULL);

/*!40000 ALTER TABLE `bed_info` ENABLE KEYS */;
UNLOCK TABLES;


# иҪ¬еӮЁиЎЁ bed_type
# ------------------------------------------------------------

DROP TABLE IF EXISTS `bed_type`;

CREATE TABLE `bed_type` (
  `bed_type_id` bigint NOT NULL AUTO_INCREMENT COMMENT 'жҗҙе©Ғз¶…з»«иҜІзҖ·ID',
  `institution_id` bigint NOT NULL COMMENT 'йҸҲзғҳзҖҜID',
  `bed_type_name` varchar(100) NOT NULL COMMENT 'жҗҙе©Ғз¶…з»«иҜІзҖ·йҚҡе¶ҮРһ',
  `bed_fee` decimal(10,2) NOT NULL COMMENT 'жҗҙе©Ғз¶…з’җеңӯж•Ө(йҚҸ?йҸҲ?',
  `bed_count` int DEFAULT NULL COMMENT 'жҗҙе©Ғз¶…йҸҒ',
  `available_count` int DEFAULT NULL COMMENT 'йҚҷ?ж•Өжҗҙе©Ғз¶…йҸҒ',
  `description` varchar(500) DEFAULT NULL COMMENT 'йҺ»еҝҡе Ә',
  `create_by` varchar(64) DEFAULT '' COMMENT 'йҚ’ж¶ҳзј“й‘°',
  `create_time` datetime DEFAULT NULL COMMENT 'йҚ’ж¶ҳзј“йҸғе •жЈҝ',
  `update_by` varchar(64) DEFAULT '' COMMENT 'йҸҮеӯҳжҹҠй‘°',
  `update_time` datetime DEFAULT NULL COMMENT 'йҸҮеӯҳжҹҠйҸғе •жЈҝ',
  PRIMARY KEY (`bed_type_id`),
  KEY `idx_institution_id` (`institution_id`)
) ENGINE=InnoDB DEFAULT CHARSET=utf8mb4 COLLATE=utf8mb4_0900_ai_ci COMMENT='жҗҙе©Ғз¶…з»«иҜІзҖ·зҗӣ';



# иҪ¬еӮЁиЎЁ deposit_apply
# ------------------------------------------------------------

DROP TABLE IF EXISTS `deposit_apply`;

CREATE TABLE `deposit_apply` (
  `apply_id` bigint NOT NULL AUTO_INCREMENT COMMENT 'з”іиҜ·ID',
  `apply_no` varchar(50) NOT NULL COMMENT 'з”іиҜ·еҚ•еҸ·',
  `elder_id` bigint NOT NULL COMMENT 'иҖҒдәәID',
  `institution_id` bigint NOT NULL COMMENT 'жңәжһ„ID',
  `account_id` bigint DEFAULT NULL COMMENT 'иҙҰжҲ·ID',
  `apply_amount` decimal(10,2) NOT NULL COMMENT 'з”іиҜ·йҮ‘йўқ',
  `apply_reason` varchar(500) NOT NULL COMMENT 'з”іиҜ·еҺҹеӣ ',
  `apply_type` varchar(50) DEFAULT NULL COMMENT 'з”іиҜ·зұ»еһӢ',
  `urgency_level` varchar(20) DEFAULT 'дёҖиҲ¬' COMMENT 'зҙ§жҖҘзЁӢеәҰ(дёҖиҲ¬/зҙ§жҖҘ/йқһеёёзҙ§жҖҘ)',
  `purpose` varchar(200) DEFAULT NULL COMMENT 'дҪҝз”ЁдәӢз”ұ',
  `description` text COMMENT 'иҜҰз»ҶиҜҙжҳҺ',
  `expected_use_date` date DEFAULT NULL COMMENT 'жңҹжңӣдҪҝз”Ёж—Ҙжңҹ',
  `attachments` text COMMENT 'з”іиҜ·жқҗж–ҷйҷ„д»¶(JSONж јејҸеӯҳеӮЁж–Үд»¶и·Ҝеҫ„)',
  `apply_status` varchar(30) DEFAULT 'draft' COMMENT 'з”іиҜ·зҠ¶жҖҒ(draft-иҚүзЁҝ, pending_family-еҫ…е®¶еұһе®Ўжү№, family_approved-е®¶еұһе·Іе®Ўжү№, pending_supervision-еҫ…зӣ‘з®Ўе®Ўжү№, approved-е·ІйҖҡиҝҮ, rejected-е·Ій©іеӣһ, withdrawn-е·Іж’Өеӣһ)',
  `family_confirm_name` varchar(50) DEFAULT NULL COMMENT 'е®¶еұһзЎ®и®Өдәәе§“еҗҚ',
  `family_relation` varchar(20) DEFAULT NULL COMMENT 'е®¶еұһдёҺиҖҒдәәе…ізі»',
  `family_phone` varchar(20) DEFAULT NULL COMMENT 'е®¶еұһиҒ”зі»з”өиҜқ',
  `family_approve_time` datetime DEFAULT NULL COMMENT 'е®¶еұһе®Ўжү№ж—¶й—ҙ',
  `family_approve_opinion` varchar(500) DEFAULT NULL COMMENT 'е®¶еұһе®Ўжү№ж„Ҹи§Ғ',
  `approver` varchar(50) DEFAULT NULL COMMENT 'е®Ўжү№дәә',
  `approve_time` datetime DEFAULT NULL COMMENT 'е®Ўжү№ж—¶й—ҙ',
  `approve_remark` varchar(500) DEFAULT NULL COMMENT 'е®Ўжү№ж„Ҹи§Ғ',
  `actual_amount` decimal(10,2) DEFAULT NULL COMMENT 'е®һйҷ…дҪҝз”ЁйҮ‘йўқ',
  `use_time` datetime DEFAULT NULL COMMENT 'дҪҝз”Ёж—¶й—ҙ',
  `create_by` varchar(64) DEFAULT NULL COMMENT 'еҲӣе»әиҖ…',
  `create_time` datetime DEFAULT NULL COMMENT 'еҲӣе»әж—¶й—ҙ',
  `update_by` varchar(64) DEFAULT NULL COMMENT 'жӣҙж–°иҖ…',
  `update_time` datetime DEFAULT NULL COMMENT 'жӣҙж–°ж—¶й—ҙ',
  `remark` varchar(500) DEFAULT NULL COMMENT 'еӨҮжіЁ',
  PRIMARY KEY (`apply_id`),
  UNIQUE KEY `uk_apply_no` (`apply_no`),
  KEY `idx_elder_id` (`elder_id`),
  KEY `idx_institution_id` (`institution_id`),
  KEY `idx_account_id` (`account_id`),
  KEY `idx_apply_status` (`apply_status`),
  KEY `idx_create_time` (`create_time`)
) ENGINE=InnoDB AUTO_INCREMENT=20 DEFAULT CHARSET=utf8mb4 COLLATE=utf8mb4_0900_ai_ci COMMENT='жҠјйҮ‘дҪҝз”Ёз”іиҜ·иЎЁ';



# иҪ¬еӮЁиЎЁ elder_attachment
# ------------------------------------------------------------

DROP TABLE IF EXISTS `elder_attachment`;

CREATE TABLE `elder_attachment` (
  `attachment_id` bigint NOT NULL AUTO_INCREMENT COMMENT 'йҷ„д»¶ID',
  `elder_id` bigint NOT NULL COMMENT 'иҖҒдәәID',
  `attachment_type` char(1) NOT NULL COMMENT 'йҷ„д»¶зұ»еһӢ(1иә«д»ҪиҜҒжӯЈйқў 2иә«д»ҪиҜҒеҸҚйқў)',
  `file_path` varchar(500) NOT NULL COMMENT 'ж–Үд»¶и·Ҝеҫ„',
  `file_name` varchar(200) DEFAULT NULL COMMENT 'ж–Үд»¶еҗҚ',
  `file_size` bigint DEFAULT NULL COMMENT 'ж–Үд»¶еӨ§е°Ҹ',
  `create_time` datetime DEFAULT CURRENT_TIMESTAMP COMMENT 'еҲӣе»әж—¶й—ҙ',
  PRIMARY KEY (`attachment_id`),
  KEY `idx_elder_id` (`elder_id`)
) ENGINE=InnoDB AUTO_INCREMENT=28 DEFAULT CHARSET=utf8mb4 COLLATE=utf8mb4_0900_ai_ci COMMENT='иҖҒдәәйҷ„д»¶иЎЁ';



# иҪ¬еӮЁиЎЁ elder_check_in
# ------------------------------------------------------------

DROP TABLE IF EXISTS `elder_check_in`;

CREATE TABLE `elder_check_in` (
  `check_in_id` bigint NOT NULL AUTO_INCREMENT COMMENT 'е…ҘдҪҸз”іиҜ·ID',
  `elder_id` bigint NOT NULL COMMENT 'иҖҒдәәID',
  `institution_id` bigint NOT NULL COMMENT 'жңәжһ„ID',
  `bed_id` bigint DEFAULT NULL COMMENT 'еҲҶй…Қзҡ„еәҠдҪҚID',
  `apply_date` datetime NOT NULL COMMENT 'з”іиҜ·ж—Ҙжңҹ',
  `expected_check_in_date` date NOT NULL COMMENT 'жңҹжңӣе…ҘдҪҸж—Ҙжңҹ',
  `actual_check_in_date` date DEFAULT NULL COMMENT 'е®һйҷ…е…ҘдҪҸж—Ҙжңҹ',
  `check_in_status` char(1) DEFAULT '0' COMMENT 'е…ҘдҪҸзҠ¶жҖҒ(0з”іиҜ·дёӯ 1е·Іе…ҘдҪҸ 2е·ІжӢ’з»қ 3е·ІеҸ–ж¶Ҳ)',
  `care_level` char(1) NOT NULL COMMENT 'жҠӨзҗҶзӯүзә§(1иҮӘзҗҶ 2еҚҠжҠӨзҗҶ 3е…ЁжҠӨзҗҶ)',
  `monthly_fee` decimal(10,2) NOT NULL DEFAULT '0.00' COMMENT 'жңҲиҙ№з”Ё',
  `deposit_amount` decimal(10,2) NOT NULL DEFAULT '0.00' COMMENT 'жҠјйҮ‘йҮ‘йўқ',
  `payment_method` varchar(50) DEFAULT NULL COMMENT 'ж”Ҝд»ҳж–№ејҸ',
  `interview_date` datetime DEFAULT NULL COMMENT 'йқўи°Ҳж—¶й—ҙ',
  `interview_result` varchar(500) DEFAULT NULL COMMENT 'йқўи°Ҳз»“жһң',
  `approval_user` varchar(64) DEFAULT NULL COMMENT 'е®Ўжү№дәә',
  `approval_time` datetime DEFAULT NULL COMMENT 'е®Ўжү№ж—¶й—ҙ',
  `approval_remark` varchar(500) DEFAULT NULL COMMENT 'е®Ўжү№ж„Ҹи§Ғ',
  `create_by` varchar(64) DEFAULT '' COMMENT 'еҲӣе»әиҖ…',
  `create_time` datetime DEFAULT NULL COMMENT 'еҲӣе»әж—¶й—ҙ',
  `update_by` varchar(64) DEFAULT '' COMMENT 'жӣҙж–°иҖ…',
  `update_time` datetime DEFAULT NULL COMMENT 'жӣҙж–°ж—¶й—ҙ',
  `remark` varchar(500) DEFAULT NULL COMMENT 'еӨҮжіЁ',
  PRIMARY KEY (`check_in_id`),
  KEY `idx_elder_id` (`elder_id`),
  KEY `idx_institution_id` (`institution_id`),
  KEY `idx_bed_id` (`bed_id`),
  CONSTRAINT `fk_checkin_bed` FOREIGN KEY (`bed_id`) REFERENCES `bed_info` (`bed_id`) ON DELETE SET NULL,
  CONSTRAINT `fk_checkin_elder` FOREIGN KEY (`elder_id`) REFERENCES `elder_info` (`elder_id`) ON DELETE CASCADE,
  CONSTRAINT `fk_checkin_institution` FOREIGN KEY (`institution_id`) REFERENCES `pension_institution` (`institution_id`) ON DELETE CASCADE
) ENGINE=InnoDB AUTO_INCREMENT=4 DEFAULT CHARSET=utf8mb4 COLLATE=utf8mb4_0900_ai_ci COMMENT='иҖҒдәәе…ҘдҪҸз”іиҜ·иЎЁ';



# иҪ¬еӮЁиЎЁ elder_family
# ------------------------------------------------------------

DROP TABLE IF EXISTS `elder_family`;

CREATE TABLE `elder_family` (
  `family_id` bigint NOT NULL AUTO_INCREMENT COMMENT 'е®¶еұһе…ізі»ID',
  `user_id` bigint NOT NULL COMMENT 'з”ЁжҲ·ID(е…іиҒ”sys_userиЎЁ)',
  `elder_id` bigint NOT NULL COMMENT 'иҖҒдәәID(е…іиҒ”elder_infoиЎЁ)',
  `relation_type` char(1) NOT NULL DEFAULT '1' COMMENT 'е…ізі»зұ»еһӢ(1:еӯҗеҘі 2:й…ҚеҒ¶ 3:е…„ејҹе§җеҰ№ 4:е…¶д»–дәІеұһ 5:жңӢеҸӢ)',
  `relation_name` varchar(50) DEFAULT NULL COMMENT 'е…ізі»жҸҸиҝ°(еҰӮ:е„ҝеӯҗгҖҒеҘіе„ҝгҖҒй…ҚеҒ¶зӯү)',
  `is_default` char(1) DEFAULT '0' COMMENT 'жҳҜеҗҰй»ҳи®ӨиҖҒдәә(0:еҗҰ 1:жҳҜ)',
  `is_main_contact` char(1) DEFAULT '0' COMMENT 'жҳҜеҗҰдё»иҰҒиҒ”зі»дәә(0:еҗҰ 1:жҳҜ)',
  `status` char(1) DEFAULT '0' COMMENT 'е…іиҒ”зҠ¶жҖҒ(0:жӯЈеёё 1:е·Іи§ЈйҷӨ)',
  `create_time` datetime DEFAULT CURRENT_TIMESTAMP COMMENT 'еҲӣе»әж—¶й—ҙ',
  `update_time` datetime DEFAULT CURRENT_TIMESTAMP ON UPDATE CURRENT_TIMESTAMP COMMENT 'жӣҙж–°ж—¶й—ҙ',
  `remark` varchar(500) DEFAULT NULL COMMENT 'еӨҮжіЁ',
  PRIMARY KEY (`family_id`),
  UNIQUE KEY `uk_user_elder` (`user_id`,`elder_id`) COMMENT 'дёҖдёӘз”ЁжҲ·еҜ№дёҖдёӘиҖҒдәәеҸӘиғҪжңүдёҖжқЎе…іиҒ”и®°еҪ•',
  KEY `idx_user_id` (`user_id`) COMMENT 'з”ЁжҲ·IDзҙўеј•',
  KEY `idx_elder_id` (`elder_id`) COMMENT 'иҖҒдәәIDзҙўеј•'
) ENGINE=InnoDB AUTO_INCREMENT=95 DEFAULT CHARSET=utf8mb4 COLLATE=utf8mb4_0900_ai_ci COMMENT='з”ЁжҲ·-иҖҒдәәе…іиҒ”иЎЁ';

LOCK TABLES `elder_family` WRITE;
/*!40000 ALTER TABLE `elder_family` DISABLE KEYS */;

INSERT INTO `elder_family` (`family_id`, `user_id`, `elder_id`, `relation_type`, `relation_name`, `is_default`, `is_main_contact`, `status`, `create_time`, `update_time`, `remark`)
VALUES
	(93,130,91,'5','жңӢеҸӢ','0','0','0','2026-02-03 02:00:31','2026-02-03 02:00:30',NULL),
	(94,130,92,'5','жңӢеҸӢ','0','0','0','2026-02-03 02:44:48','2026-02-03 02:44:47',NULL);

/*!40000 ALTER TABLE `elder_family` ENABLE KEYS */;
UNLOCK TABLES;


# иҪ¬еӮЁиЎЁ elder_info
# ------------------------------------------------------------

DROP TABLE IF EXISTS `elder_info`;

CREATE TABLE `elder_info` (
  `elder_id` bigint NOT NULL AUTO_INCREMENT COMMENT 'иҖҒдәәID',
  `elder_name` varchar(50) NOT NULL COMMENT 'иҖҒдәәе§“еҗҚ',
  `gender` char(1) NOT NULL COMMENT 'жҖ§еҲ«(1з”· 2еҘі)',
  `id_card` varchar(18) NOT NULL COMMENT 'иә«д»ҪиҜҒеҸ·',
  `birth_date` date NOT NULL COMMENT 'еҮәз”ҹж—Ҙжңҹ',
  `age` int NOT NULL COMMENT 'е№ҙйҫ„',
  `phone` varchar(20) DEFAULT NULL COMMENT 'иҒ”зі»з”өиҜқ',
  `address` varchar(500) DEFAULT NULL COMMENT 'е®¶еәӯдҪҸеқҖ',
  `emergency_contact` varchar(50) DEFAULT NULL COMMENT 'зҙ§жҖҘиҒ”зі»дәә',
  `emergency_phone` varchar(20) DEFAULT NULL COMMENT 'зҙ§жҖҘиҒ”зі»з”өиҜқ',
  `health_status` varchar(500) DEFAULT NULL COMMENT 'еҒҘеә·зҠ¶еҶөжҸҸиҝ°',
  `care_level` char(1) DEFAULT '1' COMMENT 'жҠӨзҗҶзӯүзә§(1иҮӘзҗҶ 2еҚҠжҠӨзҗҶ 3е…ЁжҠӨзҗҶ)',
  `special_needs` varchar(1000) DEFAULT NULL COMMENT 'зү№ж®ҠйңҖжұӮиҜҙжҳҺ',
  `photo_path` varchar(500) DEFAULT NULL COMMENT 'з…§зүҮи·Ҝеҫ„',
  `id_card_front_path` varchar(500) DEFAULT NULL COMMENT 'иә«д»ҪиҜҒжӯЈйқўз…§зүҮи·Ҝеҫ„',
  `id_card_back_path` varchar(500) DEFAULT NULL COMMENT 'иә«д»ҪиҜҒеҸҚйқўз…§зүҮи·Ҝеҫ„',
  `password` varchar(100) DEFAULT NULL COMMENT 'зҷ»еҪ•еҜҶз Ғ(MD5еҠ еҜҶ)',
  `medical_history` varchar(1000) DEFAULT NULL COMMENT 'ж—ўеҫҖз—…еҸІ',
  `status` char(1) DEFAULT '1' COMMENT 'зҠ¶жҖҒ(0жңӘе…ҘдҪҸ 1е·Іе…ҘдҪҸ 2е·ІйҖҖдҪҸ)',
  `source_type` char(1) DEFAULT '1' COMMENT 'жқҘжәҗзұ»еһӢ(1еҗҺеҸ°з®ЎзҗҶ 2H5з”ЁжҲ·)',
  `submit_user_id` bigint DEFAULT NULL COMMENT 'жҸҗдәӨз”ЁжҲ·ID(е…іиҒ”sys_userиЎЁ)',
  `create_by` varchar(64) DEFAULT '' COMMENT 'еҲӣе»әиҖ…',
  `create_time` datetime DEFAULT NULL COMMENT 'еҲӣе»әж—¶й—ҙ',
  `update_by` varchar(64) DEFAULT '' COMMENT 'жӣҙж–°иҖ…',
  `update_time` datetime DEFAULT NULL COMMENT 'жӣҙж–°ж—¶й—ҙ',
  `remark` varchar(500) DEFAULT NULL COMMENT 'еӨҮжіЁ',
  PRIMARY KEY (`elder_id`),
  UNIQUE KEY `uk_id_card` (`id_card`),
  KEY `idx_submit_user_id` (`submit_user_id`),
  KEY `idx_source_type` (`source_type`)
) ENGINE=InnoDB AUTO_INCREMENT=93 DEFAULT CHARSET=utf8mb4 COLLATE=utf8mb4_0900_ai_ci COMMENT='иҖҒдәәеҹәзЎҖдҝЎжҒҜиЎЁ';

LOCK TABLES `elder_info` WRITE;
/*!40000 ALTER TABLE `elder_info` DISABLE KEYS */;

INSERT INTO `elder_info` (`elder_id`, `elder_name`, `gender`, `id_card`, `birth_date`, `age`, `phone`, `address`, `emergency_contact`, `emergency_phone`, `health_status`, `care_level`, `special_needs`, `photo_path`, `id_card_front_path`, `id_card_back_path`, `password`, `medical_history`, `status`, `source_type`, `submit_user_id`, `create_by`, `create_time`, `update_by`, `update_time`, `remark`)
VALUES
	(41,'йҷҲиҸІ','2','412829196002202356','1960-02-20',65,'13656456325','йғ‘е·һеёӮйҮ‘ж°ҙи·Ҝ65еҸ·','иҜҰз»Ҷ','15645156456','еҒҘеә·','1',NULL,'/profile/upload/2026/01/26/ScreenShot_2026-01-26_005508_903_20260126005610A002.png',NULL,NULL,NULL,NULL,'2','1',NULL,'jg696562','2026-01-25 23:00:27','15981934928','2026-01-26 01:21:56',NULL),
	(42,'жҳҺжҳҺ','2','412829195202202352','1952-02-20',73,'13656235623','йғ‘е·һеёӮй»„жІіи·Ҝ','жқҺзҺІзҺІ','13652325412','еҒҘеә·','1','ж— ','/profile/upload/2026/01/26/ScreenShot_2026-01-26_005517_113_20260126005623A003.png',NULL,NULL,NULL,NULL,'0','1',NULL,'jg696562','2026-01-25 23:18:16','','2026-01-26 00:56:24',NULL),
	(43,'зҺӢеҠӣ','2','412829195002205321','1950-02-20',76,'18563245621','жөӢиҜ•ең°еқҖ','йҷҲеҚҡжҙӢ','15652564125','еҒҘеә·','1',NULL,'/profile/upload/2026/01/26/ScreenShot_2026-01-26_005440_272_20260126005954A004.png','/profile/upload/2026/01/26/ec2e0608bc494ec78d21d4ddba114944_20260126204128A001.png','/profile/upload/2026/01/26/QP61014284_20260126204128A002.jpg',NULL,NULL,'2','1',NULL,'','2026-01-26 00:59:55','15981934928','2026-01-26 20:41:29',NULL),
	(44,'еј дёү','1','412829198602202352','1986-02-20',39,NULL,'йҳҝж–Ҝи’ӮиҠ¬','жҷЁе”ұ','15623562356',NULL,'1','йҳҝж–Ҝи’ӮиҠ¬','/profile/upload/2026/01/26/ec2e0608bc494ec78d21d4ddba114944_20260126201242A002.png',NULL,NULL,NULL,NULL,'0','1',NULL,'admin','2026-01-26 20:13:26','',NULL,NULL),
	(45,'еј еӣӣ','1','412829199002205321','1990-02-20',35,'15656265623','йҳҝж–Ҝи’ӮиҠ¬','еҶҚжүҫжүҫ','15626532356',NULL,'1','йҳҝж–Ҝи’ӮиҠ¬','/profile/upload/2026/01/26/ec2e0608bc494ec78d21d4ddba114944_20260126201439A003.png','/profile/upload/2026/01/26/ec2e0608bc494ec78d21d4ddba114944_20260126203153A001.png','/profile/upload/2026/01/26/R-C (2)_20260126203155A002.jpg',NULL,NULL,'2','1',NULL,'jg963477','2026-01-26 20:15:06','jg963477','2026-01-26 20:45:53',NULL),
	(46,'йҷҲе…ӯ','1','412829198002205321','1980-02-20',45,'15623652356','йҳҝж–Ҝи’ӮиҠ¬','зңӢзңӢ','13663256325','еҒҘеә·','1','йҳҝж–Ҝи’ӮиҠ¬йҳҝж–Ҝи’ӮиҠ¬','/profile/upload/2026/01/26/4255.jpg_wh860_20260126211305A001.jpg','/profile/upload/2026/01/26/ScreenShot_2026-01-26_005455_278_20260126211317A002.png','/profile/upload/2026/01/26/yingyezhizhai2_20260126211320A003.jpg',NULL,NULL,'2','1',NULL,'jg963477','2026-01-26 21:13:23','jg963477','2026-01-26 21:14:44',NULL),
	(47,'йҷҲжҷЁ','1','412829194002205323','1940-02-20',85,'15678908765','жөӢиҜ•е®¶еәӯең°еқҖ','йҷҲй•ҝжҳҘ','18529876578','еҒҘеә·','1',NULL,'/profile/upload/2026/01/27/ScreenShot_2026-01-26_005420_531_20260127100730A023.png','/profile/upload/2026/01/27/zheng_20260127100736A024.png','/profile/upload/2026/01/27/fan_20260127100740A025.png',NULL,NULL,'2','1',NULL,'jg765678','2026-01-27 10:07:42','jg765678','2026-01-27 10:10:44',NULL),
	(48,'еј еӨ§йӣ·','2','412829195002205322','1950-02-20',89,'18539279011','жөӢиҜ•ең°еқҖ','дёҖиҲ¬','18539279011','еҒҘеә·','1',NULL,'/profile/upload/2026/01/27/ScreenShot_2026-01-26_005508_903_20260127101727A026.png','/profile/upload/2026/01/27/fan_20260127101727A027.png','/profile/upload/2026/01/27/zheng_20260127101727A028.png',NULL,NULL,'2','1',NULL,'','2026-01-27 10:17:28','15981934928','2026-01-27 10:19:56',NULL),
	(49,'йҷҲйЈһе®Ү','1','412829198708170074','1987-08-15',38,'18789876545','е•ҠжҳҜзҡ„','йҷҲжҷЁ','13662789876','еҒҘеә·','1',NULL,'/profile/upload/2026/01/27/ScreenShot_2026-01-26_005546_068_20260127230100A003.png','/profile/upload/2026/01/27/fan_20260127230109A004.png','/profile/upload/2026/01/27/fan2_20260127230114A005.png',NULL,NULL,'2','1',NULL,'jg765678','2026-01-27 23:01:17','jg765678','2026-01-27 23:01:44',NULL),
	(50,'дёңдёң','1','412829197602208989','1976-02-20',49,'15678909876','е•ҠжҳҜзҹӯеҸ‘е•ҠжҳҜзҡ„','йҷҲйЈһйЈһ','18987747890','еҒҘеә·','1','е•ҠжҳҜ','/profile/upload/2026/01/27/ScreenShot_2026-01-26_005420_531_20260127231908A001.png','/profile/upload/2026/01/27/fan_20260127231913A002.png','/profile/upload/2026/01/27/fan2_20260127231919A003.png',NULL,NULL,'2','1',NULL,'jg765678','2026-01-27 23:19:22','jg765678','2026-01-27 23:21:25',NULL),
	(51,'зҫҺзҫҺ','1','412829198908170098','1989-08-15',87,'17890987654','жҳҜи°Ғ','ж—¶е°ҡ','18767899876','еҒҘеә·','1',NULL,'/profile/upload/2026/01/27/ec2e0608bc494ec78d21d4ddba114944_20260127232855A001.png','/profile/upload/2026/01/27/fan_20260127232855A002.png','/profile/upload/2026/01/27/fan2_20260127232855A003.png','e10adc3949ba59abbe56e057f20f883e',NULL,'2','1',NULL,'','2026-01-27 23:28:56','15981934928','2026-01-28 20:33:19',NULL),
	(52,'е•ҠжҳҜ','1','412829195002208765','1950-02-20',75,'13667898765',NULL,'иҪҰиҸң','18767890987',NULL,'1',NULL,NULL,NULL,NULL,'e10adc3949ba59abbe56e057f20f883e',NULL,'2','1',NULL,'jg765678','2026-01-28 01:35:07','jg765678','2026-01-28 01:36:52',NULL),
	(53,'еҢ—еҢ…еҢ…','1','412829197602201234','1976-02-20',49,'18548938900',NULL,'еҝ«зңӢзңӢ','18538290987',NULL,'1',NULL,NULL,NULL,NULL,'e10adc3949ba59abbe56e057f20f883e',NULL,'2','1',NULL,'jg765678','2026-01-28 02:42:08','jg765678','2026-01-28 02:42:55',NULL),
	(54,'е“Ҳе“Ҳе“Ҳ','1','412829195602207654','1956-02-20',69,'18547892888',NULL,'йҷҲе‘ў','18549098909',NULL,'1',NULL,NULL,NULL,NULL,'e10adc3949ba59abbe56e057f20f883e',NULL,'2','1',NULL,'jg765678','2026-01-28 03:20:19','jg765678','2026-01-28 03:20:47',NULL),
	(55,'йҷҲе°ҡ','2','412829196602205321','1966-02-20',60,'18578987654',NULL,'еј з§ҖиӢұ','18767898765',NULL,'1',NULL,'/profile/upload/2026/01/28/ec2e0608bc494ec78d21d4ddba114944_20260128193025A001.png',NULL,NULL,'e10adc3949ba59abbe56e057f20f883e',NULL,'2','1',NULL,'','2026-01-28 19:30:25','15981934928','2026-01-28 19:30:45',NULL),
	(56,'зҫҺзҫҺ','2','412829194002206789','1940-02-20',89,'18529899988',NULL,'з”ңз”ңеӨ©','18549289898',NULL,'1',NULL,'/profile/upload/2026/01/28/fan_20260128203247A002.png',NULL,NULL,'e10adc3949ba59abbe56e057f20f883e',NULL,'0','1',NULL,'','2026-01-28 20:32:47','',NULL,NULL),
	(57,'жңүж„Ҹд№ү','2','412829195002206543','1950-02-20',87,'13678965789',NULL,'иғ–иғ–иғ–','15678900987',NULL,'1',NULL,NULL,NULL,NULL,'e10adc3949ba59abbe56e057f20f883e',NULL,'2','1',NULL,'','2026-01-28 22:52:05','15981934928','2026-01-28 22:53:21',NULL),
	(58,'еҚғдёҮ','1','411322194002205678','1940-02-20',85,'18539289001',NULL,'зңӢзңӢ','18520908909','еҒҘеә·','1',NULL,NULL,NULL,NULL,'e10adc3949ba59abbe56e057f20f883e',NULL,'2','1',NULL,'jg765678','2026-01-29 09:48:31','jg765678','2026-01-29 09:48:52',NULL),
	(59,'е•ҠжҳҜзҹӯеҸ‘','1','411322194002204567','1940-02-20',85,'18539878909',NULL,'зҹӯеҸ‘','18549389876',NULL,'1',NULL,NULL,NULL,NULL,'e10adc3949ba59abbe56e057f20f883e',NULL,'2','1',NULL,'jg765678','2026-01-29 10:04:49','jg765678','2026-01-29 10:05:40',NULL),
	(75,'еј ж·‘иҠ¬','0','410102195203156728','1952-03-15',73,'13800138001','жІіеҚ—зңҒйғ‘е·һеёӮдёӯеҺҹеҢәе»әи®ҫи·Ҝ123еҸ·','еј дјҹ','13900139001','иә«дҪ“еҒҘеә·пјҢй«ҳиЎҖеҺӢзЁіе®ҡ','1',NULL,NULL,NULL,NULL,'e10adc3949ba59abbe56e057f20f883e',NULL,'2','1',NULL,'jg765678','2026-01-29 10:15:09','jg765678','2026-01-29 10:16:01',NULL),
	(76,'жқҺе»әеӣҪ','1','410102194908204351','1949-08-20',76,'13800138002','жІіеҚ—зңҒйғ‘е·һеёӮдәҢдёғеҢәеӨ§еӯҰи·Ҝ456еҸ·','жқҺеЁң','13900139002','зі–е°ҝз—…пјҢйңҖе®ҡжңҹжіЁе°„иғ°еІӣзҙ ','2',NULL,NULL,NULL,NULL,'e10adc3949ba59abbe56e057f20f883e',NULL,'2','1',NULL,'jg765678','2026-01-29 10:15:09','jg765678','2026-01-29 10:28:11',NULL),
	(77,'зҺӢз§ҖиӢұ','0','410102195511106542','1955-11-10',69,'13800138003','жІіеҚ—зңҒйғ‘е·һеёӮйҮ‘ж°ҙеҢәиҠұеӣӯи·Ҝ789еҸ·','зҺӢејә','13900139003','еҶ еҝғз—…пјҢиҪ»еәҰ','1',NULL,NULL,NULL,NULL,'e10adc3949ba59abbe56e057f20f883e',NULL,'2','1',NULL,'jg765678','2026-01-29 10:15:09','jg765678','2026-01-29 10:27:26',NULL),
	(78,'еҲҳеҫ·еҸ‘','1','410102194705225189','1947-05-21',78,'13800138004','жІіеҚ—зңҒйғ‘е·һеёӮз®ЎеҹҺеҢәзҙ«иҚҶеұұи·Ҝ321еҸ·','еҲҳж•Ҹ','13900139004','её•йҮ‘жЈ®ж—©жңҹпјҢиЎҢеҠЁдёҚдҫҝ','3',NULL,NULL,NULL,NULL,'e10adc3949ba59abbe56e057f20f883e',NULL,'2','1',NULL,'jg765678','2026-01-29 10:15:09','jg765678','2026-01-29 23:31:32',NULL),
	(79,'йҷҲзҺүе…°','0','410102195807184367','1958-07-18',67,'13800138005','жІіеҚ—зңҒйғ‘е·һеёӮжғ жөҺеҢәеҚ—йҳіи·Ҝ654еҸ·','йҷҲеҶӣ','13900139005','й«ҳиЎҖеҺӢпјҢйӘЁиҙЁз–Ҹжқҫ','2',NULL,NULL,NULL,NULL,'e10adc3949ba59abbe56e057f20f883e',NULL,'2','1',NULL,'jg765678','2026-01-29 10:15:09','jg765678','2026-01-31 21:14:27',NULL),
	(80,'иөөеӣҪејә','1','410102195212309876','1952-12-30',73,'13800138006','жІіеҚ—зңҒйғ‘е·һеёӮдёҠиЎ—еҢәжөҺжәҗи·Ҝ987еҸ·','иөөдёҪ','13900139006','ж…ўжҖ§ж”Ҝж°”з®ЎзӮҺ','1',NULL,NULL,NULL,NULL,'e10adc3949ba59abbe56e057f20f883e',NULL,'0','1',NULL,'jg765678','2026-01-29 10:15:09','',NULL,NULL),
	(81,'еӯҷжЎӮиҠі','0','410102196001154329','1960-01-15',65,'13800138007','жІіеҚ—зңҒйғ‘е·һй«ҳж–°еҢәз‘һиҫҫи·Ҝ147еҸ·','еӯҷжө©','13900139007','иҪ»еәҰзі–е°ҝз—…пјҢйҘ®йЈҹжҺ§еҲ¶','1',NULL,NULL,NULL,NULL,'e10adc3949ba59abbe56e057f20f883e',NULL,'0','1',NULL,'jg765678','2026-01-29 10:15:09','',NULL,NULL),
	(82,'е‘ЁжҳҺиҝң','1','410102194803287654','1948-03-28',77,'13800138008','жІіеҚ—зңҒйғ‘е·һеёӮз»ҸејҖеҢәиҲӘжө·и·Ҝ258еҸ·','е‘Ёе©·','13900139008','зҷҪеҶ…йҡңжңҜеҗҺжҒўеӨҚжңҹ','2',NULL,NULL,NULL,NULL,'e10adc3949ba59abbe56e057f20f883e',NULL,'0','1',NULL,'jg765678','2026-01-29 10:15:09','',NULL,NULL),
	(83,'еҗҙз§Җе…°','0','410102195609104321','1956-09-10',68,'13800138009','жІіеҚ—зңҒйғ‘е·һеёӮйғ‘дёңж–°еҢәйҮ‘пҝҪпҝҪи·Ҝ369еҸ·','еҗҙзЈҠ','13900139009','йЈҺж№ҝжҖ§е…іиҠӮзӮҺ','2',NULL,NULL,NULL,NULL,'e10adc3949ba59abbe56e057f20f883e',NULL,'0','1',NULL,'jg765678','2026-01-29 10:15:09','',NULL,NULL),
	(84,'йғ‘е»әеҶӣ','1','410102195406059872','1954-06-05',71,'13800138010','жІіеҚ—зңҒйғ‘е·һй«ҳж–°еҢәз§‘еӯҰеӨ§йҒ“159еҸ·','йғ‘еҚҺ','13900139010','еүҚеҲ—и…әеўһз”ҹ','1',NULL,NULL,NULL,NULL,'e10adc3949ba59abbe56e057f20f883e',NULL,'0','1',NULL,'jg765678','2026-01-29 10:15:09','',NULL,NULL),
	(85,'еҶҜзҙ зҸҚ','0','410102196304212567','1963-04-21',62,'13800138011','жІіеҚ—зңҒйғ‘е·һеёӮдёӯеҺҹеҢәжЎҗжҹҸи·Ҝ753еҸ·','еҶҜж¶ӣ','13900139011','еҒҘеә·иүҜеҘҪ','1',NULL,NULL,NULL,NULL,'e10adc3949ba59abbe56e057f20f883e',NULL,'0','1',NULL,'jg765678','2026-01-29 10:15:09','',NULL,NULL),
	(86,'иўҒеҫ·жҳҺ','1','410102195111145632','1951-11-14',74,'13800138012','жІіеҚ—зңҒйғ‘е·һеёӮдәҢдёғеҢәдә¬е№ҝи·Ҝ964еҸ·','иўҒйқҷ','13900139012','иҪ»еҫ®и„‘еҚ’дёӯеҗҺйҒ—з—Ү','3',NULL,NULL,NULL,NULL,'e10adc3949ba59abbe56e057f20f883e',NULL,'0','1',NULL,'jg765678','2026-01-29 10:15:09','',NULL,NULL),
	(87,'дҪ•жҳҘиҠұ','0','410102195708087654','1957-08-08',67,'13800138013','жІіеҚ—зңҒйғ‘е·һеёӮйҮ‘ж°ҙеҢәж–ҮеҢ–и·Ҝ752еҸ·','дҪ•жҙӢ','13900139013','еӨұзң з—ҮпјҢиҪ»еәҰжҠ‘йғҒ','1',NULL,NULL,NULL,NULL,'e10adc3949ba59abbe56e057f20f883e',NULL,'0','1',NULL,'jg765678','2026-01-29 10:15:09','',NULL,NULL),
	(88,'жһ—еӣҪж Ӣ','1','410102195002198765','1950-02-19',75,'13800138014','жІіеҚ—зңҒйғ‘е·һй«ҳж–°еҢәй•ҝжӨҝи·Ҝ357еҸ·','жһ—жҷ“','13900139014','йқ’е…үзңј','2',NULL,NULL,NULL,NULL,'e10adc3949ba59abbe56e057f20f883e',NULL,'0','1',NULL,'jg765678','2026-01-29 10:15:09','',NULL,NULL),
	(89,'иғЎз§ҖиҠ¬','0','410102196506305432','1965-06-30',59,'13800138015','жІіеҚ—зңҒйғ‘е·һеёӮз®ЎеҹҺеҢәеҹҺдёңи·Ҝ168еҸ·','иғЎж–Ң','13900139015','еҒҘеә·пјҢиЎҢеҠЁиҮӘеҰӮ','1',NULL,NULL,NULL,NULL,'e10adc3949ba59abbe56e057f20f883e',NULL,'0','1',NULL,'jg765678','2026-01-29 10:15:09','',NULL,NULL),
	(90,'wangwen','1','412829198908160073','1989-08-14',36,'18539279011',NULL,'chenbd','18656787890',NULL,'1',NULL,'/profile/upload/2026/01/31/image_1769739148525_20260131122054A001.png',NULL,NULL,'e10adc3949ba59abbe56e057f20f883e',NULL,'2','1',NULL,'jg765678','2026-01-31 11:41:59','jg765678','2026-01-31 12:20:55',NULL),
	(91,'е“Ҳе“Ҳ','2','412829195002205326','1950-02-20',86,'18539265868',NULL,'еҘҪеӨҡеҘҪ','18539658563',NULL,'1',NULL,'/profile/upload/2026/02/03/ScreenShot_2026-01-08_144242_956_20260203020030A001.png',NULL,NULL,'e10adc3949ba59abbe56e057f20f883e',NULL,'1','1',NULL,'','2026-02-03 02:00:30','zhb_1670890634337372','2026-02-03 02:00:46',NULL),
	(92,'еҳҝеҳҝ','2','412829198902205326','1989-02-20',68,'18539652365',NULL,'е°қе°қ','18536256953',NULL,'1',NULL,'/profile/upload/2026/02/03/IMG_20260129_142821_20260203024447A001.jpg',NULL,NULL,'e10adc3949ba59abbe56e057f20f883e',NULL,'1','1',NULL,'','2026-02-03 02:44:48','zhb_1670890634337372','2026-02-03 02:46:00',NULL);

/*!40000 ALTER TABLE `elder_info` ENABLE KEYS */;
UNLOCK TABLES;


# иҪ¬еӮЁиЎЁ elder_photo
# ------------------------------------------------------------

DROP TABLE IF EXISTS `elder_photo`;

CREATE TABLE `elder_photo` (
  `photo_id` bigint NOT NULL AUTO_INCREMENT COMMENT 'з…§зүҮID',
  `elder_id` bigint NOT NULL COMMENT 'иҖҒдәәID(е…іиҒ”elder_infoиЎЁ)',
  `photo_type` char(1) NOT NULL COMMENT 'з…§зүҮзұ»еһӢ(1иҖҒдәәз…§зүҮ 2иә«д»ҪиҜҒжӯЈйқў 3иә«д»ҪиҜҒеҸҚйқў)',
  `photo_path` varchar(500) NOT NULL COMMENT 'з…§зүҮеӯҳеӮЁи·Ҝеҫ„',
  `photo_name` varchar(200) DEFAULT NULL COMMENT 'з…§зүҮеҺҹе§ӢеҗҚз§°',
  `photo_size` bigint DEFAULT NULL COMMENT 'з…§зүҮеӨ§е°Ҹ(еӯ—иҠӮ)',
  `photo_url` varchar(500) DEFAULT NULL COMMENT 'з…§зүҮи®ҝй—®URL',
  `sort_order` int DEFAULT '0' COMMENT 'з…§зүҮжҺ’еәҸеәҸеҸ·',
  `status` char(1) DEFAULT '1' COMMENT 'зҠ¶жҖҒ(0зҰҒз”Ё 1жӯЈеёё)',
  `create_by` varchar(64) DEFAULT '' COMMENT 'еҲӣе»әиҖ…',
  `create_time` datetime DEFAULT NULL COMMENT 'еҲӣе»әж—¶й—ҙ',
  `update_by` varchar(64) DEFAULT '' COMMENT 'жӣҙж–°иҖ…',
  `update_time` datetime DEFAULT NULL COMMENT 'жӣҙж–°ж—¶й—ҙ',
  `remark` varchar(500) DEFAULT NULL COMMENT 'еӨҮжіЁ',
  PRIMARY KEY (`photo_id`),
  KEY `idx_elder_id` (`elder_id`),
  KEY `idx_photo_type` (`photo_type`),
  KEY `idx_elder_type` (`elder_id`,`photo_type`),
  CONSTRAINT `fk_elder_photo_elder_info` FOREIGN KEY (`elder_id`) REFERENCES `elder_info` (`elder_id`) ON DELETE CASCADE
) ENGINE=InnoDB DEFAULT CHARSET=utf8mb4 COLLATE=utf8mb4_0900_ai_ci COMMENT='иҖҒдәәз…§зүҮиЎЁ';



# иҪ¬еӮЁиЎЁ expense_record
# ------------------------------------------------------------

DROP TABLE IF EXISTS `expense_record`;

CREATE TABLE `expense_record` (
  `record_id` bigint NOT NULL AUTO_INCREMENT COMMENT 'з’Ғжқҝз¶ҚID',
  `elder_id` bigint NOT NULL COMMENT 'й‘°дҪ·жұүID',
  `account_id` bigint DEFAULT NULL COMMENT 'з’җпёҪеҹӣID',
  `expense_type` varchar(20) NOT NULL COMMENT 'з’җеңӯж•Өз»«иҜІзҖ·(deposit:йҺ¶еҘёеҷҫ,service:йҸҲе¶…е§ҹз’җ?member:жөјж°¬жҶіз’җ?other:йҚҸжңөзІ¬)',
  `transaction_type` varchar(20) NOT NULL COMMENT 'жөңгӮҶж§—з»«иҜІзҖ·(income:йҸҖи·әеҸҶ,expense:йҸҖ?еҡӯ)',
  `amount` decimal(10,2) NOT NULL COMMENT 'й–ІжҲҰ?',
  `description` varchar(500) DEFAULT NULL COMMENT 'йҺ»еҝҡе Ә',
  `related_id` bigint DEFAULT NULL COMMENT 'йҚҸе® д»ҲID(жҝЎеӮқ?йҚ—ж—ҫDйҠҶдҪ№еЁӮй–ІжҲ ж•өз’ҮзЁ©Dз»ӣ?',
  `related_type` varchar(50) DEFAULT NULL COMMENT 'йҚҸе® д»Ҳз»«иҜІзҖ·',
  `balance_before` decimal(10,2) DEFAULT NULL COMMENT 'жөңгӮҶж§—йҚ“е¶„з¶‘жЈ°',
  `balance_after` decimal(10,2) DEFAULT NULL COMMENT 'жөңгӮҶж§—йҚҡеәқз¶‘жЈ°',
  `create_by` varchar(64) DEFAULT '' COMMENT 'йҚ’ж¶ҳзј“й‘°',
  `create_time` datetime DEFAULT NULL COMMENT 'йҚ’ж¶ҳзј“йҸғе •жЈҝ',
  `update_by` varchar(64) DEFAULT '' COMMENT 'йҸҮеӯҳжҹҠй‘°',
  `update_time` datetime DEFAULT NULL COMMENT 'йҸҮеӯҳжҹҠйҸғе •жЈҝ',
  `remark` varchar(500) DEFAULT NULL COMMENT 'жҫ¶еӣЁж•һ',
  PRIMARY KEY (`record_id`),
  KEY `idx_elder_id` (`elder_id`),
  KEY `idx_account_id` (`account_id`),
  KEY `idx_expense_type` (`expense_type`),
  KEY `idx_create_time` (`create_time`)
) ENGINE=InnoDB AUTO_INCREMENT=167 DEFAULT CHARSET=utf8mb4 COLLATE=utf8mb4_0900_ai_ci COMMENT='з’җеңӯж•Өз’Ғжқҝз¶Қзҗӣ';

LOCK TABLES `expense_record` WRITE;
/*!40000 ALTER TABLE `expense_record` DISABLE KEYS */;

INSERT INTO `expense_record` (`record_id`, `elder_id`, `account_id`, `expense_type`, `transaction_type`, `amount`, `description`, `related_id`, `related_type`, `balance_before`, `balance_after`, `create_by`, `create_time`, `update_by`, `update_time`, `remark`)
VALUES
	(159,91,49,'deposit','income',10000.00,'и®ўеҚ•ж”Ҝд»ҳпјҡе…Ҙй©»и®ўеҚ•-жҠјйҮ‘зјҙзәі',97,'order_info',0.00,16500.00,'system','2026-02-03 02:02:01','',NULL,NULL),
	(160,91,49,'service','income',6000.00,'и®ўеҚ•ж”Ҝд»ҳпјҡе…Ҙй©»и®ўеҚ•-жңҚеҠЎиҙ№йў„еӯҳ',97,'order_info',0.00,16500.00,'system','2026-02-03 02:02:01','',NULL,NULL),
	(161,91,49,'member','income',500.00,'и®ўеҚ•ж”Ҝд»ҳпјҡе…Ҙй©»и®ўеҚ•-дјҡе‘ҳиҙ№зјҙзәі',97,'order_info',0.00,16500.00,'system','2026-02-03 02:02:01','',NULL,NULL),
	(162,91,49,'service','expense',500.00,'и®ўеҚ•ж”Ҝд»ҳпјҡе…Ҙй©»и®ўеҚ•-йҰ–жңҲжңҚеҠЎиҙ№жүЈйҷӨ',97,'order_info',16500.00,16000.00,'system','2026-02-03 02:02:01','',NULL,NULL),
	(163,92,50,'deposit','income',10000.00,'и®ўеҚ•ж”Ҝд»ҳпјҡе…Ҙй©»и®ўеҚ•-жҠјйҮ‘зјҙзәі',98,'order_info',0.00,20000.00,'system','2026-02-03 02:46:45','',NULL,NULL),
	(164,92,50,'service','income',9900.00,'и®ўеҚ•ж”Ҝд»ҳпјҡе…Ҙй©»и®ўеҚ•-жңҚеҠЎиҙ№йў„еӯҳ',98,'order_info',0.00,20000.00,'system','2026-02-03 02:46:45','',NULL,NULL),
	(165,92,50,'member','income',100.00,'и®ўеҚ•ж”Ҝд»ҳпјҡе…Ҙй©»и®ўеҚ•-дјҡе‘ҳиҙ№зјҙзәі',98,'order_info',0.00,20000.00,'system','2026-02-03 02:46:45','',NULL,NULL),
	(166,92,50,'service','expense',900.00,'и®ўеҚ•ж”Ҝд»ҳпјҡе…Ҙй©»и®ўеҚ•-йҰ–жңҲжңҚеҠЎиҙ№жүЈйҷӨ',98,'order_info',20000.00,19100.00,'system','2026-02-03 02:46:45','',NULL,NULL);

/*!40000 ALTER TABLE `expense_record` ENABLE KEYS */;
UNLOCK TABLES;


# иҪ¬еӮЁиЎЁ facility_icon_config
# ------------------------------------------------------------

DROP TABLE IF EXISTS `facility_icon_config`;

CREATE TABLE `facility_icon_config` (
  `id` bigint NOT NULL AUTO_INCREMENT COMMENT 'й…ҚзҪ®ID',
  `facility_name` varchar(100) CHARACTER SET utf8mb4 COLLATE utf8mb4_general_ci NOT NULL COMMENT 'и®ҫж–ҪеҗҚз§°',
  `icon_name` varchar(100) CHARACTER SET utf8mb4 COLLATE utf8mb4_general_ci NOT NULL COMMENT 'еӣҫж ҮеҗҚз§°',
  `facility_type` varchar(20) CHARACTER SET utf8mb4 COLLATE utf8mb4_general_ci NOT NULL COMMENT 'и®ҫж–Ҫзұ»еһӢпјҡlife-з”ҹжҙ»и®ҫж–ҪпјҢmedical-еҢ»з–—и®ҫж–Ҫ',
  `sort_order` int DEFAULT '0' COMMENT 'жҺ’еәҸеәҸеҸ·',
  `status` char(1) CHARACTER SET utf8mb4 COLLATE utf8mb4_general_ci DEFAULT '0' COMMENT 'зҠ¶жҖҒпјҡ0-еҗҜз”ЁпјҢ1-еҒңз”Ё',
  `create_by` varchar(64) CHARACTER SET utf8mb4 COLLATE utf8mb4_general_ci DEFAULT NULL COMMENT 'еҲӣе»әиҖ…',
  `create_time` datetime DEFAULT NULL COMMENT 'еҲӣе»әж—¶й—ҙ',
  `update_by` varchar(64) CHARACTER SET utf8mb4 COLLATE utf8mb4_general_ci DEFAULT NULL COMMENT 'жӣҙж–°иҖ…',
  `update_time` datetime DEFAULT NULL COMMENT 'жӣҙж–°ж—¶й—ҙ',
  `remark` varchar(500) CHARACTER SET utf8mb4 COLLATE utf8mb4_general_ci DEFAULT NULL COMMENT 'еӨҮжіЁ',
  PRIMARY KEY (`id`)
) ENGINE=InnoDB AUTO_INCREMENT=31 DEFAULT CHARSET=utf8mb4 COLLATE=utf8mb4_general_ci COMMENT='и®ҫж–Ҫеӣҫж Үй…ҚзҪ®иЎЁ';

LOCK TABLES `facility_icon_config` WRITE;
/*!40000 ALTER TABLE `facility_icon_config` DISABLE KEYS */;

INSERT INTO `facility_icon_config` (`id`, `facility_name`, `icon_name`, `facility_type`, `sort_order`, `status`, `create_by`, `create_time`, `update_by`, `update_time`, `remark`)
VALUES
	(1,'зӢ¬з«ӢеҚ«жөҙ','enter','life',1,'0',NULL,NULL,NULL,NULL,NULL),
	(2,'зҙ§жҖҘе‘јеҸ«','radio','life',2,'0',NULL,NULL,NULL,NULL,NULL),
	(3,'жҙ—иЎЈжңҚеҠЎ','component','life',3,'0',NULL,NULL,NULL,NULL,NULL),
	(4,'жҙ»еҠЁе®Ө','date','life',4,'0',NULL,NULL,NULL,NULL,NULL),
	(5,'еӣҫд№Ұйҳ…и§Ҳе®Ө','education','life',5,'0',NULL,NULL,NULL,NULL,NULL),
	(6,'з”өи§Ҷ/еЁұд№җи®ҫеӨҮ','language','life',6,'0',NULL,NULL,NULL,NULL,NULL),
	(7,'з©әи°ғи®ҫеӨҮ','user','life',7,'0',NULL,NULL,NULL,NULL,NULL),
	(8,'жҡ–ж°”и®ҫеӨҮ','tool','life',8,'0',NULL,NULL,NULL,NULL,NULL),
	(9,'ж— зәҝзҪ‘з»ң','tool','life',9,'0',NULL,NULL,NULL,NULL,NULL),
	(10,'еӮЁзү©жҹң','lock','life',10,'0',NULL,NULL,NULL,NULL,NULL),
	(11,'иЎЈжҹң','question','life',11,'0',NULL,NULL,NULL,NULL,NULL),
	(12,'еҗ§еҸ°/иҢ¶ж°ҙй—ҙ','redis','life',12,'0',NULL,NULL,NULL,NULL,NULL),
	(13,'йҳіеҸ°/йңІеҸ°','textarea','life',13,'0',NULL,NULL,NULL,NULL,NULL),
	(14,'е‘јеҸ«зі»з»ҹ','button','life',14,'0',NULL,NULL,NULL,NULL,NULL),
	(15,'еҢ»з–—е®Ө','rate','medical',1,'0',NULL,NULL,NULL,NULL,NULL),
	(16,'еә·еӨҚе®Ө','select','medical',2,'0',NULL,NULL,NULL,NULL,NULL),
	(17,'зҗҶз–—е®Ө','tool','medical',3,'0',NULL,NULL,NULL,NULL,NULL),
	(18,'еҒҘеә·зӣ‘жөӢ','chart','medical',4,'0',NULL,NULL,NULL,NULL,NULL),
	(19,'иҚҜжҲҝ','shopping','medical',5,'0',NULL,NULL,NULL,NULL,NULL),
	(20,'жҖҘж•‘и®ҫеӨҮ','time','medical',6,'0',NULL,NULL,NULL,NULL,NULL),
	(21,'дё“дёҡеҢ»з”ҹ','phone','medical',7,'0',NULL,NULL,NULL,NULL,NULL),
	(22,'жҠӨеЈ«з«ҷ','user','medical',8,'0',NULL,NULL,NULL,NULL,NULL),
	(23,'дҪ“жЈҖи®ҫеӨҮ','monitor','medical',9,'0',NULL,NULL,NULL,NULL,NULL),
	(24,'еҝғз”өеӣҫжңә','chart','medical',10,'0',NULL,NULL,NULL,NULL,NULL),
	(25,'иЎҖеҺӢзӣ‘жөӢ','edit','medical',11,'0',NULL,NULL,NULL,NULL,NULL),
	(26,'иҫ“ж¶Іи®ҫеӨҮ','tool','medical',12,'0',NULL,NULL,NULL,NULL,NULL),
	(27,'ж°§ж°”и®ҫеӨҮ','server','medical',13,'0',NULL,NULL,NULL,NULL,NULL),
	(28,'е‘јеҗёжңә','server','medical',14,'0',NULL,NULL,NULL,NULL,NULL),
	(29,'йҷӨйўӨд»Ә','tool','medical',15,'0',NULL,NULL,NULL,NULL,NULL),
	(30,'жөӢиҜ•и®ҫж–Ҫ','chart','life',0,'0',NULL,NULL,NULL,NULL,NULL);

/*!40000 ALTER TABLE `facility_icon_config` ENABLE KEYS */;
UNLOCK TABLES;


# иҪ¬еӮЁиЎЁ fund_transfer
# ------------------------------------------------------------

DROP TABLE IF EXISTS `fund_transfer`;

CREATE TABLE `fund_transfer` (
  `transfer_id` bigint NOT NULL AUTO_INCREMENT COMMENT 'йҚ’жҺ“е«§ID',
  `institution_id` bigint NOT NULL COMMENT 'йҸҲзғҳзҖҜID',
  `transfer_no` varchar(50) NOT NULL COMMENT 'йҚ’жҺ“е«§йҚ—жӣһеҪҝ',
  `transfer_type` char(1) NOT NULL COMMENT 'йҚ’жҺ“е«§з»«иҜІзҖ·(1й‘·?е§©йҚ’жҺ“е«§ 2йҺөе¬Әе§©йҚ’жҺ“е«§ 3йҗ—и§„з•©йҗўе® ?)',
  `transfer_amount` decimal(15,2) NOT NULL COMMENT 'йҚ’жҺ“е«§й–ІжҲҰ?',
  `transfer_date` date NOT NULL COMMENT 'йҚ’жҺ“е«§йҸғгғҰж№Ў',
  `transfer_period` varchar(20) DEFAULT NULL COMMENT 'йҚ’жҺ“е«§йҸҲзҶјжЈҝ(жҝЎ?025-12)',
  `elder_count` int DEFAULT '0' COMMENT 'еЁ‘еӨҠеј·й‘°дҪ·жұүйҸҒдјҙеҷә',
  `transfer_status` char(1) DEFAULT '0' COMMENT 'йҚ’жҺ“е«§йҗҳиҲө?(0еҜ°е‘ӯ?йҗһ?1йҺҙж„¬е§ӣ 2жҫ¶иҫ«и§Ұ)',
  `bank_order_no` varchar(100) DEFAULT NULL COMMENT 'й–ҫжғ°?з’ҒгҲ еҙҹйҚҷ',
  `failure_reason` varchar(500) DEFAULT NULL COMMENT 'жҫ¶иҫ«и§ҰйҚҳзҶ·жҙң',
  `approve_user` varchar(64) DEFAULT NULL COMMENT 'зҖ№в„ғеЈ’жөң',
  `approve_time` datetime DEFAULT NULL COMMENT 'зҖ№в„ғеЈ’йҸғе •жЈҝ',
  `execute_user` varchar(64) DEFAULT NULL COMMENT 'йҺөСҶ?жөң',
  `execute_time` datetime DEFAULT NULL COMMENT 'йҺөСҶ?йҸғе •жЈҝ',
  `create_by` varchar(64) DEFAULT '' COMMENT 'йҚ’ж¶ҳзј“й‘°',
  `create_time` datetime DEFAULT NULL COMMENT 'йҚ’ж¶ҳзј“йҸғе •жЈҝ',
  `update_by` varchar(64) DEFAULT '' COMMENT 'йҸҮеӯҳжҹҠй‘°',
  `update_time` datetime DEFAULT NULL COMMENT 'йҸҮеӯҳжҹҠйҸғе •жЈҝ',
  `remark` varchar(500) DEFAULT NULL COMMENT 'жҫ¶еӣЁж•һ',
  `is_paid` char(1) DEFAULT '0' COMMENT 'жҳҜеҗҰе·ІеҲ’жӢЁ 0-еҗҰ 1-жҳҜ',
  `paid_time` datetime DEFAULT NULL COMMENT 'е®һйҷ…еҲ’жӢЁж—¶й—ҙ',
  `paid_method` varchar(20) DEFAULT NULL COMMENT 'еҲ’жӢЁж–№ејҸ auto-иҮӘеҠЁ manual-жүӢеҠЁз”іиҜ·',
  `apply_id` bigint DEFAULT NULL COMMENT 'е…іиҒ”зҡ„з”іиҜ·IDпјҲжүӢеҠЁз”іиҜ·ж—¶пјү',
  `elder_id` bigint DEFAULT NULL COMMENT 'иҖҒдәәID',
  `order_id` bigint DEFAULT NULL COMMENT 'е…іиҒ”и®ўеҚ•ID',
  `billing_month` varchar(7) DEFAULT NULL COMMENT 'иҙҰеҚ•жңҲд»Ҫ (ж јејҸ: 2025-02)',
  `status` varchar(30) DEFAULT 'pending' COMMENT 'еҲ’жӢЁеҚ•зҠ¶жҖҒ pending-еҫ…еҲ’жӢЁ processing-еҲ’жӢЁдёӯ completed-е·Іе®ҢжҲҗ cancelled-е·ІеҸ–ж¶Ҳ',
  PRIMARY KEY (`transfer_id`),
  UNIQUE KEY `uk_transfer_no` (`transfer_no`),
  KEY `idx_institution_id` (`institution_id`),
  KEY `idx_transfer_date` (`transfer_date`),
  KEY `idx_elder_id` (`elder_id`),
  KEY `idx_order_id` (`order_id`),
  KEY `idx_billing_month` (`billing_month`),
  KEY `idx_is_paid` (`is_paid`),
  KEY `idx_status` (`status`)
) ENGINE=InnoDB AUTO_INCREMENT=117 DEFAULT CHARSET=utf8mb4 COLLATE=utf8mb4_0900_ai_ci COMMENT='з’§еӢҜеҷҫйҚ’жҺ“е«§з’Ғжқҝз¶Қзҗӣ';

LOCK TABLES `fund_transfer` WRITE;
/*!40000 ALTER TABLE `fund_transfer` DISABLE KEYS */;

INSERT INTO `fund_transfer` (`transfer_id`, `institution_id`, `transfer_no`, `transfer_type`, `transfer_amount`, `transfer_date`, `transfer_period`, `elder_count`, `transfer_status`, `bank_order_no`, `failure_reason`, `approve_user`, `approve_time`, `execute_user`, `execute_time`, `create_by`, `create_time`, `update_by`, `update_time`, `remark`, `is_paid`, `paid_time`, `paid_method`, `apply_id`, `elder_id`, `order_id`, `billing_month`, `status`)
VALUES
	(93,36,'TRF1770055321430FM46','1',500.00,'2026-02-03','2026-02',1,'1',NULL,NULL,NULL,NULL,'system','2026-02-03 02:02:01','system','2026-02-03 02:02:01','',NULL,'йҰ–жңҲжңҚеҠЎиҙ№з«ӢеҚіеҲ’жӢЁ-ORD1770055245749','1','2026-02-03 02:02:01','auto',NULL,91,97,'2026-02','completed'),
	(94,36,'TRF1770055321436006','1',500.00,'2026-03-01','2026-03',1,'0',NULL,NULL,NULL,NULL,NULL,NULL,'system','2026-02-03 02:02:01','',NULL,'и®ўеҚ•ж”Ҝд»ҳеҗҺиҮӘеҠЁз”ҹжҲҗ-2026-03','0',NULL,NULL,NULL,91,97,'2026-03','pending'),
	(95,36,'TRF1770055321437100','1',500.00,'2026-04-01','2026-04',1,'0',NULL,NULL,NULL,NULL,NULL,NULL,'system','2026-02-03 02:02:01','',NULL,'и®ўеҚ•ж”Ҝд»ҳеҗҺиҮӘеҠЁз”ҹжҲҗ-2026-04','0',NULL,NULL,NULL,91,97,'2026-04','pending'),
	(96,36,'TRF1770055321438289','1',500.00,'2026-05-01','2026-05',1,'0',NULL,NULL,NULL,NULL,NULL,NULL,'system','2026-02-03 02:02:01','',NULL,'и®ўеҚ•ж”Ҝд»ҳеҗҺиҮӘеҠЁз”ҹжҲҗ-2026-05','0',NULL,NULL,NULL,91,97,'2026-05','pending'),
	(97,36,'TRF1770055321439328','1',500.00,'2026-06-01','2026-06',1,'0',NULL,NULL,NULL,NULL,NULL,NULL,'system','2026-02-03 02:02:01','',NULL,'и®ўеҚ•ж”Ҝд»ҳеҗҺиҮӘеҠЁз”ҹжҲҗ-2026-06','0',NULL,NULL,NULL,91,97,'2026-06','pending'),
	(98,36,'TRF1770055321440415','1',500.00,'2026-07-01','2026-07',1,'0',NULL,NULL,NULL,NULL,NULL,NULL,'system','2026-02-03 02:02:01','',NULL,'и®ўеҚ•ж”Ҝд»ҳеҗҺиҮӘеҠЁз”ҹжҲҗ-2026-07','0',NULL,NULL,NULL,91,97,'2026-07','pending'),
	(99,36,'TRF1770055321440581','1',500.00,'2026-08-01','2026-08',1,'0',NULL,NULL,NULL,NULL,NULL,NULL,'system','2026-02-03 02:02:01','',NULL,'и®ўеҚ•ж”Ҝд»ҳеҗҺиҮӘеҠЁз”ҹжҲҗ-2026-08','0',NULL,NULL,NULL,91,97,'2026-08','pending'),
	(100,36,'TRF1770055321441635','1',500.00,'2026-09-01','2026-09',1,'0',NULL,NULL,NULL,NULL,NULL,NULL,'system','2026-02-03 02:02:01','',NULL,'и®ўеҚ•ж”Ҝд»ҳеҗҺиҮӘеҠЁз”ҹжҲҗ-2026-09','0',NULL,NULL,NULL,91,97,'2026-09','pending'),
	(101,36,'TRF1770055321442728','1',500.00,'2026-10-01','2026-10',1,'0',NULL,NULL,NULL,NULL,NULL,NULL,'system','2026-02-03 02:02:01','',NULL,'и®ўеҚ•ж”Ҝд»ҳеҗҺиҮӘеҠЁз”ҹжҲҗ-2026-10','0',NULL,NULL,NULL,91,97,'2026-10','pending'),
	(102,36,'TRF1770055321443849','1',500.00,'2026-11-01','2026-11',1,'0',NULL,NULL,NULL,NULL,NULL,NULL,'system','2026-02-03 02:02:01','',NULL,'и®ўеҚ•ж”Ҝд»ҳеҗҺиҮӘеҠЁз”ҹжҲҗ-2026-11','0',NULL,NULL,NULL,91,97,'2026-11','pending'),
	(103,36,'TRF1770055321443939','1',500.00,'2026-12-01','2026-12',1,'0',NULL,NULL,NULL,NULL,NULL,NULL,'system','2026-02-03 02:02:01','',NULL,'и®ўеҚ•ж”Ҝд»ҳеҗҺиҮӘеҠЁз”ҹжҲҗ-2026-12','0',NULL,NULL,NULL,91,97,'2026-12','pending'),
	(104,36,'TRF17700553214441053','1',500.00,'2027-01-01','2027-01',1,'0',NULL,NULL,NULL,NULL,NULL,NULL,'system','2026-02-03 02:02:01','',NULL,'и®ўеҚ•ж”Ҝд»ҳеҗҺиҮӘеҠЁз”ҹжҲҗ-2027-01','0',NULL,NULL,NULL,91,97,'2027-01','pending'),
	(105,36,'TRF1770058005057FM24','1',900.00,'2026-02-03','2026-02',1,'1',NULL,NULL,NULL,NULL,'system','2026-02-03 02:46:45','system','2026-02-03 02:46:45','',NULL,'йҰ–жңҲжңҚеҠЎиҙ№з«ӢеҚіеҲ’жӢЁ-ORD1770057960126','1','2026-02-03 02:46:45','auto',NULL,92,98,'2026-02','completed'),
	(106,36,'TRF1770058005064015','1',900.00,'2026-03-01','2026-03',1,'0',NULL,NULL,NULL,NULL,NULL,NULL,'system','2026-02-03 02:46:45','',NULL,'и®ўеҚ•ж”Ҝд»ҳеҗҺиҮӘеҠЁз”ҹжҲҗ-2026-03','0',NULL,NULL,NULL,92,98,'2026-03','pending'),
	(107,36,'TRF1770058005064132','1',900.00,'2026-04-01','2026-04',1,'0',NULL,NULL,NULL,NULL,NULL,NULL,'system','2026-02-03 02:46:45','',NULL,'и®ўеҚ•ж”Ҝд»ҳеҗҺиҮӘеҠЁз”ҹжҲҗ-2026-04','0',NULL,NULL,NULL,92,98,'2026-04','pending'),
	(108,36,'TRF1770058005065251','1',900.00,'2026-05-01','2026-05',1,'0',NULL,NULL,NULL,NULL,NULL,NULL,'system','2026-02-03 02:46:45','',NULL,'и®ўеҚ•ж”Ҝд»ҳеҗҺиҮӘеҠЁз”ҹжҲҗ-2026-05','0',NULL,NULL,NULL,92,98,'2026-05','pending'),
	(109,36,'TRF1770058005066334','1',900.00,'2026-06-01','2026-06',1,'0',NULL,NULL,NULL,NULL,NULL,NULL,'system','2026-02-03 02:46:45','',NULL,'и®ўеҚ•ж”Ҝд»ҳеҗҺиҮӘеҠЁз”ҹжҲҗ-2026-06','0',NULL,NULL,NULL,92,98,'2026-06','pending'),
	(110,36,'TRF1770058005067444','1',900.00,'2026-07-01','2026-07',1,'0',NULL,NULL,NULL,NULL,NULL,NULL,'system','2026-02-03 02:46:45','',NULL,'и®ўеҚ•ж”Ҝд»ҳеҗҺиҮӘеҠЁз”ҹжҲҗ-2026-07','0',NULL,NULL,NULL,92,98,'2026-07','pending'),
	(111,36,'TRF1770058005068585','1',900.00,'2026-08-01','2026-08',1,'0',NULL,NULL,NULL,NULL,NULL,NULL,'system','2026-02-03 02:46:45','',NULL,'и®ўеҚ•ж”Ҝд»ҳеҗҺиҮӘеҠЁз”ҹжҲҗ-2026-08','0',NULL,NULL,NULL,92,98,'2026-08','pending'),
	(112,36,'TRF1770058005069641','1',900.00,'2026-09-01','2026-09',1,'0',NULL,NULL,NULL,NULL,NULL,NULL,'system','2026-02-03 02:46:45','',NULL,'и®ўеҚ•ж”Ҝд»ҳеҗҺиҮӘеҠЁз”ҹжҲҗ-2026-09','0',NULL,NULL,NULL,92,98,'2026-09','pending'),
	(113,36,'TRF1770058005069760','1',900.00,'2026-10-01','2026-10',1,'0',NULL,NULL,NULL,NULL,NULL,NULL,'system','2026-02-03 02:46:45','',NULL,'и®ўеҚ•ж”Ҝд»ҳеҗҺиҮӘеҠЁз”ҹжҲҗ-2026-10','0',NULL,NULL,NULL,92,98,'2026-10','pending'),
	(114,36,'TRF1770058005070827','1',900.00,'2026-11-01','2026-11',1,'0',NULL,NULL,NULL,NULL,NULL,NULL,'system','2026-02-03 02:46:45','',NULL,'и®ўеҚ•ж”Ҝд»ҳеҗҺиҮӘеҠЁз”ҹжҲҗ-2026-11','0',NULL,NULL,NULL,92,98,'2026-11','pending'),
	(115,36,'TRF1770058005071998','1',900.00,'2026-12-01','2026-12',1,'0',NULL,NULL,NULL,NULL,NULL,NULL,'system','2026-02-03 02:46:45','',NULL,'и®ўеҚ•ж”Ҝд»ҳеҗҺиҮӘеҠЁз”ҹжҲҗ-2026-12','0',NULL,NULL,NULL,92,98,'2026-12','pending'),
	(116,36,'TRF1770134692680','3',35100.00,'2026-02-04',NULL,0,'0',NULL,NULL,NULL,NULL,NULL,NULL,'system','2026-02-04 00:04:52','',NULL,'и§ЈйҷӨзӣ‘з®Ўе…ЁйўқеҲ’жӢЁ-REL1770130922890','1','2026-02-04 00:04:52','й“¶иЎҢиҪ¬иҙҰ',NULL,NULL,NULL,NULL,'completed');

/*!40000 ALTER TABLE `fund_transfer` ENABLE KEYS */;
UNLOCK TABLES;


# иҪ¬еӮЁиЎЁ fund_transfer_apply
# ------------------------------------------------------------

DROP TABLE IF EXISTS `fund_transfer_apply`;

CREATE TABLE `fund_transfer_apply` (
  `apply_id` bigint NOT NULL AUTO_INCREMENT COMMENT 'з”іиҜ·ID',
  `apply_no` varchar(50) NOT NULL COMMENT 'з”іиҜ·еҚ•еҸ·',
  `institution_id` bigint NOT NULL COMMENT 'жңәжһ„ID',
  `elder_id` bigint NOT NULL COMMENT 'иҖҒдәәID',
  `apply_amount` decimal(15,2) NOT NULL COMMENT 'з”іиҜ·жҖ»йҮ‘йўқ',
  `apply_reason` varchar(500) DEFAULT NULL COMMENT 'з”іиҜ·еҺҹеӣ ',
  `urgency_level` varchar(20) DEFAULT 'дёҖиҲ¬' COMMENT 'зҙ§жҖҘзЁӢеәҰ',
  `expected_use_date` date DEFAULT NULL COMMENT 'жңҹжңӣдҪҝз”Ёж—Ҙжңҹ',
  `attachments` text COMMENT 'йҷ„д»¶жқҗж–ҷ',
  `apply_status` varchar(30) DEFAULT 'draft' COMMENT 'з”іиҜ·зҠ¶жҖҒ draft-иҚүзЁҝ pending_family-еҫ…е®¶еұһзЎ®и®Ө pending_supervision-еҫ…зӣ‘з®Ўе®Ўж ё approved-е·Іжү№еҮҶ rejected-е·ІжӢ’з»қ completed-е·Іе®ҢжҲҗ',
  `family_confirm_name` varchar(50) DEFAULT NULL COMMENT 'е®¶еұһзЎ®и®Өдәә',
  `family_relation` varchar(20) DEFAULT NULL COMMENT 'е®¶еұһе…ізі»',
  `family_phone` varchar(20) DEFAULT NULL COMMENT 'е®¶еұһз”өиҜқ',
  `family_approve_time` datetime DEFAULT NULL COMMENT 'е®¶еұһе®Ўж ёж—¶й—ҙ',
  `family_approve_opinion` varchar(500) DEFAULT NULL COMMENT 'е®¶еұһе®Ўж ёж„Ҹи§Ғ',
  `approver` varchar(50) DEFAULT NULL COMMENT 'зӣ‘з®Ўе®Ўж ёдәә',
  `approve_time` datetime DEFAULT NULL COMMENT 'зӣ‘з®Ўе®Ўж ёж—¶й—ҙ',
  `approve_remark` varchar(500) DEFAULT NULL COMMENT 'зӣ‘з®Ўе®Ўж ёж„Ҹи§Ғ',
  `actual_amount` decimal(10,2) DEFAULT NULL COMMENT 'е®һйҷ…жү№еҮҶйҮ‘йўқ',
  `use_time` datetime DEFAULT NULL COMMENT 'е®һйҷ…еҲ’жӢЁж—¶й—ҙ',
  `create_by` varchar(64) DEFAULT NULL COMMENT 'еҲӣе»әдәә',
  `create_time` datetime DEFAULT NULL COMMENT 'еҲӣе»әж—¶й—ҙ',
  `update_by` varchar(64) DEFAULT NULL COMMENT 'жӣҙж–°дәә',
  `update_time` datetime DEFAULT NULL COMMENT 'жӣҙж–°ж—¶й—ҙ',
  `remark` varchar(500) DEFAULT NULL COMMENT 'еӨҮжіЁ',
  PRIMARY KEY (`apply_id`),
  UNIQUE KEY `apply_no` (`apply_no`),
  KEY `idx_institution_id` (`institution_id`),
  KEY `idx_elder_id` (`elder_id`),
  KEY `idx_apply_status` (`apply_status`),
  KEY `idx_create_time` (`create_time`)
) ENGINE=InnoDB AUTO_INCREMENT=3 DEFAULT CHARSET=utf8mb4 COLLATE=utf8mb4_0900_ai_ci COMMENT='иө„йҮ‘еҲ’жӢЁз”іиҜ·иЎЁ';



# иҪ¬еӮЁиЎЁ fund_transfer_apply_detail
# ------------------------------------------------------------

DROP TABLE IF EXISTS `fund_transfer_apply_detail`;

CREATE TABLE `fund_transfer_apply_detail` (
  `detail_id` bigint NOT NULL AUTO_INCREMENT COMMENT 'жҳҺз»ҶID',
  `apply_id` bigint NOT NULL COMMENT 'з”іиҜ·ID',
  `transfer_id` bigint NOT NULL COMMENT 'еҲ’жӢЁеҚ•ID',
  `elder_id` bigint NOT NULL COMMENT 'иҖҒдәәID',
  `transfer_amount` decimal(12,2) NOT NULL COMMENT 'еҲ’жӢЁйҮ‘йўқ',
  `billing_month` varchar(7) NOT NULL COMMENT 'иҙҰеҚ•жңҲд»Ҫ',
  `create_time` datetime DEFAULT NULL COMMENT 'еҲӣе»әж—¶й—ҙ',
  PRIMARY KEY (`detail_id`),
  KEY `idx_apply_id` (`apply_id`),
  KEY `idx_transfer_id` (`transfer_id`),
  KEY `idx_elder_id` (`elder_id`)
) ENGINE=InnoDB AUTO_INCREMENT=3 DEFAULT CHARSET=utf8mb4 COLLATE=utf8mb4_0900_ai_ci COMMENT='иө„йҮ‘еҲ’жӢЁз”іиҜ·жҳҺз»ҶиЎЁ';



# иҪ¬еӮЁиЎЁ fund_transfer_detail
# ------------------------------------------------------------

DROP TABLE IF EXISTS `fund_transfer_detail`;

CREATE TABLE `fund_transfer_detail` (
  `detail_id` bigint NOT NULL AUTO_INCREMENT COMMENT 'йҸ„еәЈзІҸID',
  `transfer_id` bigint NOT NULL COMMENT 'йҚ’жҺ“е«§ID',
  `account_id` bigint NOT NULL COMMENT 'з’җпёҪеҹӣID',
  `elder_id` bigint NOT NULL COMMENT 'й‘°дҪ·жұүID',
  `transfer_amount` decimal(12,2) NOT NULL COMMENT 'йҚ’жҺ“е«§й–ІжҲҰ?',
  `service_fee` decimal(12,2) DEFAULT '0.00' COMMENT 'йҸҲе¶…е§ҹз’җ',
  `care_fee` decimal(12,2) DEFAULT '0.00' COMMENT 'йҺ¶гӮҮжӮҠз’җ',
  `food_fee` decimal(12,2) DEFAULT '0.00' COMMENT 'жөјж¬“?з’җ',
  `other_fee` decimal(12,2) DEFAULT '0.00' COMMENT 'йҚҸжңөзІ¬з’җеңӯж•Ө',
  `billing_month` varchar(7) NOT NULL COMMENT 'зјҒж’¶з•»йҸҲе ңе”Ө(YYYY-MM)',
  `create_time` datetime DEFAULT NULL COMMENT 'йҚ’ж¶ҳзј“йҸғе •жЈҝ',
  PRIMARY KEY (`detail_id`),
  KEY `idx_transfer_id` (`transfer_id`),
  KEY `idx_account_id` (`account_id`),
  KEY `idx_billing_month` (`billing_month`)
) ENGINE=InnoDB DEFAULT CHARSET=utf8mb4 COLLATE=utf8mb4_0900_ai_ci COMMENT='з’§еӢҜеҷҫйҚ’жҺ“е«§йҸ„еәЈзІҸзҗӣ';



# иҪ¬еӮЁиЎЁ fund_transfer_rule
# ------------------------------------------------------------

DROP TABLE IF EXISTS `fund_transfer_rule`;

CREATE TABLE `fund_transfer_rule` (
  `rule_id` bigint NOT NULL AUTO_INCREMENT COMMENT 'з‘ҷеӢ«еһҜID',
  `rule_name` varchar(100) NOT NULL COMMENT 'з‘ҷеӢ«еһҜйҚҡе¶ҮРһ',
  `transfer_cycle` char(1) NOT NULL COMMENT 'йҚ’жҺ“е«§йҚӣг„Ұж№Ў(1е§Јеҝ”ж№Җ 2е§Јеҝ“?жҗҙ?3е§Јеҝ“еҙҗйӘһ?',
  `transfer_day` int NOT NULL COMMENT 'йҚ’жҺ“е«§йҸғ?жҝЎеӮӣзҳЎйҸҲ?йҸғ?',
  `advance_days` int DEFAULT '0' COMMENT 'йҺ»ж„¬еў жҫ¶в•Ӯжҡҹ',
  `min_balance_ratio` decimal(5,2) DEFAULT '0.20' COMMENT 'йҸҲ?з¶ҶжөЈж¬“?е§Јж–ҫз·Ҙ',
  `auto_approve` char(1) DEFAULT '1' COMMENT 'й‘·?е§©зҖ№в„ғеЈ’(0йҚҡ?1йҸ„?',
  `status` char(1) DEFAULT '1' COMMENT 'йҗҳиҲө?(0з»ӮдҪәж•Ө 1йҚҡ?ж•Ө)',
  `create_by` varchar(64) DEFAULT '' COMMENT 'йҚ’ж¶ҳзј“й‘°',
  `create_time` datetime DEFAULT NULL COMMENT 'йҚ’ж¶ҳзј“йҸғе •жЈҝ',
  `update_by` varchar(64) DEFAULT '' COMMENT 'йҸҮеӯҳжҹҠй‘°',
  `update_time` datetime DEFAULT NULL COMMENT 'йҸҮеӯҳжҹҠйҸғе •жЈҝ',
  `remark` varchar(500) DEFAULT NULL COMMENT 'жҫ¶еӣЁж•һ',
  PRIMARY KEY (`rule_id`)
) ENGINE=InnoDB AUTO_INCREMENT=2 DEFAULT CHARSET=utf8mb4 COLLATE=utf8mb4_0900_ai_ci COMMENT='з’§еӢҜеҷҫйҚ’жҺ“е«§з‘ҷеӢ«еһҜй–°е¶Үз–Ҷзҗӣ';

LOCK TABLES `fund_transfer_rule` WRITE;
/*!40000 ALTER TABLE `fund_transfer_rule` DISABLE KEYS */;

INSERT INTO `fund_transfer_rule` (`rule_id`, `rule_name`, `transfer_cycle`, `transfer_day`, `advance_days`, `min_balance_ratio`, `auto_approve`, `status`, `create_by`, `create_time`, `update_by`, `update_time`, `remark`)
VALUES
	(1,'Default Monthly Transfer Rule','1',1,0,0.20,'1','1','system','2025-10-29 00:37:11','',NULL,'Monthly transfer on day 1, keep 20% as risk deposit');

/*!40000 ALTER TABLE `fund_transfer_rule` ENABLE KEYS */;
UNLOCK TABLES;


# иҪ¬еӮЁиЎЁ gen_table
# ------------------------------------------------------------

DROP TABLE IF EXISTS `gen_table`;

CREATE TABLE `gen_table` (
  `table_id` bigint NOT NULL AUTO_INCREMENT COMMENT 'зј–еҸ·',
  `table_name` varchar(200) CHARACTER SET utf8mb4 COLLATE utf8mb4_general_ci DEFAULT '' COMMENT 'иЎЁеҗҚз§°',
  `table_comment` varchar(500) CHARACTER SET utf8mb4 COLLATE utf8mb4_general_ci DEFAULT '' COMMENT 'иЎЁжҸҸиҝ°',
  `sub_table_name` varchar(64) CHARACTER SET utf8mb4 COLLATE utf8mb4_general_ci DEFAULT NULL COMMENT 'е…іиҒ”еӯҗиЎЁзҡ„иЎЁеҗҚ',
  `sub_table_fk_name` varchar(64) CHARACTER SET utf8mb4 COLLATE utf8mb4_general_ci DEFAULT NULL COMMENT 'еӯҗиЎЁе…іиҒ”зҡ„еӨ–й”®еҗҚ',
  `class_name` varchar(100) CHARACTER SET utf8mb4 COLLATE utf8mb4_general_ci DEFAULT '' COMMENT 'е®һдҪ“зұ»еҗҚз§°',
  `tpl_category` varchar(200) CHARACTER SET utf8mb4 COLLATE utf8mb4_general_ci DEFAULT 'crud' COMMENT 'дҪҝз”Ёзҡ„жЁЎжқҝпјҲcrudеҚ•иЎЁж“ҚдҪң treeж ‘иЎЁж“ҚдҪңпјү',
  `tpl_web_type` varchar(30) CHARACTER SET utf8mb4 COLLATE utf8mb4_general_ci DEFAULT '' COMMENT 'еүҚз«ҜжЁЎжқҝзұ»еһӢпјҲelement-uiжЁЎзүҲ element-plusжЁЎзүҲпјү',
  `package_name` varchar(100) CHARACTER SET utf8mb4 COLLATE utf8mb4_general_ci DEFAULT NULL COMMENT 'з”ҹжҲҗеҢ…и·Ҝеҫ„',
  `module_name` varchar(30) CHARACTER SET utf8mb4 COLLATE utf8mb4_general_ci DEFAULT NULL COMMENT 'з”ҹжҲҗжЁЎеқ—еҗҚ',
  `business_name` varchar(30) CHARACTER SET utf8mb4 COLLATE utf8mb4_general_ci DEFAULT NULL COMMENT 'з”ҹжҲҗдёҡеҠЎеҗҚ',
  `function_name` varchar(50) CHARACTER SET utf8mb4 COLLATE utf8mb4_general_ci DEFAULT NULL COMMENT 'з”ҹжҲҗеҠҹиғҪеҗҚ',
  `function_author` varchar(50) CHARACTER SET utf8mb4 COLLATE utf8mb4_general_ci DEFAULT NULL COMMENT 'з”ҹжҲҗеҠҹиғҪдҪңиҖ…',
  `gen_type` char(1) CHARACTER SET utf8mb4 COLLATE utf8mb4_general_ci DEFAULT '0' COMMENT 'з”ҹжҲҗд»Јз Ғж–№ејҸпјҲ0zipеҺӢзј©еҢ… 1иҮӘе®ҡд№үи·Ҝеҫ„пјү',
  `gen_path` varchar(200) CHARACTER SET utf8mb4 COLLATE utf8mb4_general_ci DEFAULT '/' COMMENT 'з”ҹжҲҗи·Ҝеҫ„пјҲдёҚеЎ«й»ҳи®ӨйЎ№зӣ®и·Ҝеҫ„пјү',
  `options` varchar(1000) CHARACTER SET utf8mb4 COLLATE utf8mb4_general_ci DEFAULT NULL COMMENT 'е…¶е®ғз”ҹжҲҗйҖүйЎ№',
  `create_by` varchar(64) CHARACTER SET utf8mb4 COLLATE utf8mb4_general_ci DEFAULT '' COMMENT 'еҲӣе»әиҖ…',
  `create_time` datetime DEFAULT NULL COMMENT 'еҲӣе»әж—¶й—ҙ',
  `update_by` varchar(64) CHARACTER SET utf8mb4 COLLATE utf8mb4_general_ci DEFAULT '' COMMENT 'жӣҙж–°иҖ…',
  `update_time` datetime DEFAULT NULL COMMENT 'жӣҙж–°ж—¶й—ҙ',
  `remark` varchar(500) CHARACTER SET utf8mb4 COLLATE utf8mb4_general_ci DEFAULT NULL COMMENT 'еӨҮжіЁ',
  PRIMARY KEY (`table_id`)
) ENGINE=InnoDB DEFAULT CHARSET=utf8mb4 COLLATE=utf8mb4_general_ci COMMENT='д»Јз Ғз”ҹжҲҗдёҡеҠЎиЎЁ';



# иҪ¬еӮЁиЎЁ gen_table_column
# ------------------------------------------------------------

DROP TABLE IF EXISTS `gen_table_column`;

CREATE TABLE `gen_table_column` (
  `column_id` bigint NOT NULL AUTO_INCREMENT COMMENT 'зј–еҸ·',
  `table_id` bigint DEFAULT NULL COMMENT 'еҪ’еұһиЎЁзј–еҸ·',
  `column_name` varchar(200) CHARACTER SET utf8mb4 COLLATE utf8mb4_general_ci DEFAULT NULL COMMENT 'еҲ—еҗҚз§°',
  `column_comment` varchar(500) CHARACTER SET utf8mb4 COLLATE utf8mb4_general_ci DEFAULT NULL COMMENT 'еҲ—жҸҸиҝ°',
  `column_type` varchar(100) CHARACTER SET utf8mb4 COLLATE utf8mb4_general_ci DEFAULT NULL COMMENT 'еҲ—зұ»еһӢ',
  `java_type` varchar(500) CHARACTER SET utf8mb4 COLLATE utf8mb4_general_ci DEFAULT NULL COMMENT 'JAVAзұ»еһӢ',
  `java_field` varchar(200) CHARACTER SET utf8mb4 COLLATE utf8mb4_general_ci DEFAULT NULL COMMENT 'JAVAеӯ—ж®өеҗҚ',
  `is_pk` char(1) CHARACTER SET utf8mb4 COLLATE utf8mb4_general_ci DEFAULT NULL COMMENT 'жҳҜеҗҰдё»й”®пјҲ1жҳҜпјү',
  `is_increment` char(1) CHARACTER SET utf8mb4 COLLATE utf8mb4_general_ci DEFAULT NULL COMMENT 'жҳҜеҗҰиҮӘеўһпјҲ1жҳҜпјү',
  `is_required` char(1) CHARACTER SET utf8mb4 COLLATE utf8mb4_general_ci DEFAULT NULL COMMENT 'жҳҜеҗҰеҝ…еЎ«пјҲ1жҳҜпјү',
  `is_insert` char(1) CHARACTER SET utf8mb4 COLLATE utf8mb4_general_ci DEFAULT NULL COMMENT 'жҳҜеҗҰдёәжҸ’е…Ҙеӯ—ж®өпјҲ1жҳҜпјү',
  `is_edit` char(1) CHARACTER SET utf8mb4 COLLATE utf8mb4_general_ci DEFAULT NULL COMMENT 'жҳҜеҗҰзј–иҫ‘еӯ—ж®өпјҲ1жҳҜпјү',
  `is_list` char(1) CHARACTER SET utf8mb4 COLLATE utf8mb4_general_ci DEFAULT NULL COMMENT 'жҳҜеҗҰеҲ—иЎЁеӯ—ж®өпјҲ1жҳҜпјү',
  `is_query` char(1) CHARACTER SET utf8mb4 COLLATE utf8mb4_general_ci DEFAULT NULL COMMENT 'жҳҜеҗҰжҹҘиҜўеӯ—ж®өпјҲ1жҳҜпјү',
  `query_type` varchar(200) CHARACTER SET utf8mb4 COLLATE utf8mb4_general_ci DEFAULT 'EQ' COMMENT 'жҹҘиҜўж–№ејҸпјҲзӯүдәҺгҖҒдёҚзӯүдәҺгҖҒеӨ§дәҺгҖҒе°ҸдәҺгҖҒиҢғеӣҙпјү',
  `html_type` varchar(200) CHARACTER SET utf8mb4 COLLATE utf8mb4_general_ci DEFAULT NULL COMMENT 'жҳҫзӨәзұ»еһӢпјҲж–Үжң¬жЎҶгҖҒж–Үжң¬еҹҹгҖҒдёӢжӢүжЎҶгҖҒеӨҚйҖүжЎҶгҖҒеҚ•йҖүжЎҶгҖҒж—ҘжңҹжҺ§д»¶пјү',
  `dict_type` varchar(200) CHARACTER SET utf8mb4 COLLATE utf8mb4_general_ci DEFAULT '' COMMENT 'еӯ—е…ёзұ»еһӢ',
  `sort` int DEFAULT NULL COMMENT 'жҺ’еәҸ',
  `create_by` varchar(64) CHARACTER SET utf8mb4 COLLATE utf8mb4_general_ci DEFAULT '' COMMENT 'еҲӣе»әиҖ…',
  `create_time` datetime DEFAULT NULL COMMENT 'еҲӣе»әж—¶й—ҙ',
  `update_by` varchar(64) CHARACTER SET utf8mb4 COLLATE utf8mb4_general_ci DEFAULT '' COMMENT 'жӣҙж–°иҖ…',
  `update_time` datetime DEFAULT NULL COMMENT 'жӣҙж–°ж—¶й—ҙ',
  PRIMARY KEY (`column_id`)
) ENGINE=InnoDB DEFAULT CHARSET=utf8mb4 COLLATE=utf8mb4_general_ci COMMENT='д»Јз Ғз”ҹжҲҗдёҡеҠЎиЎЁеӯ—ж®ө';



# иҪ¬еӮЁиЎЁ institution_blacklist
# ------------------------------------------------------------

DROP TABLE IF EXISTS `institution_blacklist`;

CREATE TABLE `institution_blacklist` (
  `id` bigint NOT NULL AUTO_INCREMENT COMMENT 'дё»й”®ID',
  `institution_id` bigint NOT NULL COMMENT 'жңәжһ„ID',
  `institution_name` varchar(100) COLLATE utf8mb4_general_ci NOT NULL COMMENT 'жңәжһ„еҗҚз§°',
  `blacklist_type` varchar(20) COLLATE utf8mb4_general_ci NOT NULL COMMENT 'й»‘еҗҚеҚ•зұ»еһӢ',
  `reason` varchar(500) COLLATE utf8mb4_general_ci DEFAULT NULL COMMENT 'еҺҹеӣ жҸҸиҝ°',
  `status` char(1) COLLATE utf8mb4_general_ci DEFAULT '1' COMMENT 'зҠ¶жҖҒ:1з”ҹж•Ҳдёӯ 2е·Іи§ЈйҷӨ',
  `add_time` datetime DEFAULT CURRENT_TIMESTAMP COMMENT 'еҠ е…Ҙж—¶й—ҙ',
  `remove_time` datetime DEFAULT NULL COMMENT 'з§»йҷӨж—¶й—ҙ',
  `handle_opinion` varchar(500) COLLATE utf8mb4_general_ci DEFAULT NULL COMMENT 'еӨ„зҗҶж„Ҹи§Ғ',
  `create_by` varchar(64) COLLATE utf8mb4_general_ci DEFAULT '' COMMENT 'еҲӣе»әиҖ…',
  `create_time` datetime DEFAULT CURRENT_TIMESTAMP COMMENT 'еҲӣе»әж—¶й—ҙ',
  `update_by` varchar(64) COLLATE utf8mb4_general_ci DEFAULT '' COMMENT 'жӣҙж–°иҖ…',
  `update_time` datetime DEFAULT CURRENT_TIMESTAMP ON UPDATE CURRENT_TIMESTAMP COMMENT 'жӣҙж–°ж—¶й—ҙ',
  `remark` varchar(500) COLLATE utf8mb4_general_ci DEFAULT NULL COMMENT 'еӨҮжіЁ',
  PRIMARY KEY (`id`),
  KEY `idx_institution_id` (`institution_id`),
  KEY `idx_status` (`status`)
) ENGINE=InnoDB AUTO_INCREMENT=4 DEFAULT CHARSET=utf8mb4 COLLATE=utf8mb4_general_ci COMMENT='жңәжһ„й»‘еҗҚеҚ•иЎЁ';

LOCK TABLES `institution_blacklist` WRITE;
/*!40000 ALTER TABLE `institution_blacklist` DISABLE KEYS */;

INSERT INTO `institution_blacklist` (`id`, `institution_id`, `institution_name`, `blacklist_type`, `reason`, `status`, `add_time`, `remove_time`, `handle_opinion`, `create_by`, `create_time`, `update_by`, `update_time`, `remark`)
VALUES
	(2,32,'йғ‘е·һеӨ•йҳізәўйӣҶеӣўйҮ‘ж°ҙеҢәеӣӯеҢә','е…¶д»–иҝқи§„','дәӨжҺҘзҸӯ','2','2026-01-31 13:34:01','2026-01-31 16:21:37',NULL,'admin','2026-01-31 13:34:00','','2026-01-31 16:21:37',NULL),
	(3,31,'йғ‘е·һеӨ•йҳізәўе…»иҖҒе…¬еҸё','е…¶д»–иҝқи§„','е—·е—·','2','2026-01-31 16:13:00','2026-01-31 16:21:41',NULL,'admin','2026-01-31 16:12:59','','2026-01-31 16:21:41',NULL);

/*!40000 ALTER TABLE `institution_blacklist` ENABLE KEYS */;
UNLOCK TABLES;


# иҪ¬еӮЁиЎЁ institution_rating
# ------------------------------------------------------------

DROP TABLE IF EXISTS `institution_rating`;

CREATE TABLE `institution_rating` (
  `rating_id` bigint NOT NULL AUTO_INCREMENT COMMENT 'иҜ„зә§ID',
  `institution_id` bigint NOT NULL COMMENT 'жңәжһ„ID',
  `institution_name` varchar(200) NOT NULL COMMENT 'жңәжһ„еҗҚз§°',
  `credit_code` varchar(50) NOT NULL COMMENT 'з»ҹдёҖдҝЎз”Ёд»Јз Ғ',
  `rating_level` int NOT NULL COMMENT 'иҜ„зә§зӯүзә§(1-5жҳҹ)',
  `total_score` decimal(5,1) NOT NULL COMMENT 'жҖ»еҲҶ(0-100еҲҶ)',
  `service_score` decimal(5,1) NOT NULL COMMENT 'жңҚеҠЎиҙЁйҮҸеҫ—еҲҶ(0-25еҲҶ)',
  `facility_score` decimal(5,1) NOT NULL COMMENT 'и®ҫж–ҪзҺҜеўғеҫ—еҲҶ(0-25еҲҶ)',
  `management_score` decimal(5,1) NOT NULL COMMENT 'з®ЎзҗҶж°ҙе№іеҫ—еҲҶ(0-25еҲҶ)',
  `safety_score` decimal(5,1) NOT NULL COMMENT 'е®үе…ЁеҚ«з”ҹеҫ—еҲҶ(0-25еҲҶ)',
  `rating_date` date NOT NULL COMMENT 'иҜ„зә§ж—Ҙжңҹ',
  `expire_date` date NOT NULL COMMENT 'жңүж•ҲжңҹиҮі',
  `validity_period` int NOT NULL DEFAULT '12' COMMENT 'жңүж•Ҳжңҹ(жңҲ)',
  `rating_status` char(1) NOT NULL DEFAULT '1' COMMENT 'иҜ„зә§зҠ¶жҖҒ(1-жңүж•Ҳ,0-е·ІиҝҮжңҹ)',
  `rating_remark` text COMMENT 'иҜ„зә§ж„Ҹи§Ғ',
  `create_by` varchar(64) DEFAULT '' COMMENT 'еҲӣе»әиҖ…',
  `create_time` datetime DEFAULT NULL COMMENT 'еҲӣе»әж—¶й—ҙ',
  `update_by` varchar(64) DEFAULT '' COMMENT 'жӣҙж–°иҖ…',
  `update_time` datetime DEFAULT NULL COMMENT 'жӣҙж–°ж—¶й—ҙ',
  `remark` varchar(500) DEFAULT NULL COMMENT 'еӨҮжіЁ',
  PRIMARY KEY (`rating_id`),
  KEY `idx_institution_id` (`institution_id`),
  KEY `idx_credit_code` (`credit_code`),
  KEY `idx_rating_status` (`rating_status`),
  CONSTRAINT `fk_rating_institution` FOREIGN KEY (`institution_id`) REFERENCES `pension_institution` (`institution_id`)
) ENGINE=InnoDB AUTO_INCREMENT=5 DEFAULT CHARSET=utf8mb4 COLLATE=utf8mb4_0900_ai_ci COMMENT='жңәжһ„иҜ„зә§иЎЁ';

LOCK TABLES `institution_rating` WRITE;
/*!40000 ALTER TABLE `institution_rating` DISABLE KEYS */;

INSERT INTO `institution_rating` (`rating_id`, `institution_id`, `institution_name`, `credit_code`, `rating_level`, `total_score`, `service_score`, `facility_score`, `management_score`, `safety_score`, `rating_date`, `expire_date`, `validity_period`, `rating_status`, `rating_remark`, `create_by`, `create_time`, `update_by`, `update_time`, `remark`)
VALUES
	(3,30,'е…ҙзҰҸе…»иҖҒйӣҶеӣўйғ‘е·һиҠұеӣӯи·ҜеӣӯеҢә','91410100MA46852591',5,100.0,25.0,25.0,25.0,25.0,'2026-01-14','2027-01-14',12,'1',NULL,'admin','2026-01-25 22:30:22','',NULL,NULL),
	(4,36,'йғ‘е·һй«ҳж–°е…»иҖҒйӣҶеӣўз‘һиҫҫи·ҜеӣӯеҢә','91410100MA45TE2X81',5,50.0,25.0,25.0,0.0,0.0,'2026-01-27','2027-01-27',12,'1',NULL,'admin','2026-01-27 10:43:35','',NULL,NULL);

/*!40000 ALTER TABLE `institution_rating` ENABLE KEYS */;
UNLOCK TABLES;


# иҪ¬еӮЁиЎЁ institution_review
# ------------------------------------------------------------

DROP TABLE IF EXISTS `institution_review`;

CREATE TABLE `institution_review` (
  `review_id` bigint NOT NULL AUTO_INCREMENT COMMENT 'з’ҮеӢӘзҺҜID',
  `order_id` varchar(50) NOT NULL COMMENT 'йҚҸе® д»Ҳз’ҒгҲ еҙҹйҚҷ',
  `institution_id` bigint NOT NULL COMMENT 'йҸҲзғҳзҖҜID',
  `elder_id` bigint NOT NULL COMMENT 'й‘°дҪ·жұүID',
  `user_id` bigint NOT NULL COMMENT 'з’ҮеӢӘзҺҜйҗўг„ҰеҹӣID',
  `environment_rating` int NOT NULL DEFAULT '5' COMMENT 'йҗң??з’ҮеӢ«еһҺ(1-5йҸ„?',
  `service_rating` int NOT NULL DEFAULT '5' COMMENT 'йҸҲе¶…е§ҹз’ҮеӢ«еһҺ(1-5йҸ„?',
  `price_rating` int NOT NULL DEFAULT '5' COMMENT 'жө й”Ӣзүёз’ҮеӢ«еһҺ(1-5йҸ„?',
  `average_rating` decimal(3,2) GENERATED ALWAYS AS ((((`environment_rating` + `service_rating`) + `price_rating`) / 3.0)) STORED COMMENT 'йӘһеҶІжҪҺз’ҮеӢ«еһҺ',
  `content` text COMMENT 'з’ҮеӢӘзҺҜйҚҗе‘ӯ?',
  `images` json DEFAULT NULL COMMENT 'з’ҮеӢӘзҺҜйҚҘеү§еў–(JSONйҸҒжү®зІҚ)',
  `status` tinyint NOT NULL DEFAULT '0' COMMENT 'йҗҳиҲө?: 0-еҜ°е‘ӯ?йҸҚ? 1-е®ёжҹҘ?жқ©? 2-е®ёеҸүе«ҶзјҒ',
  `review_remark` varchar(500) DEFAULT NULL COMMENT 'зҖ№в„ғзүіжҫ¶еӣЁж•һ',
  `review_time` datetime DEFAULT NULL COMMENT 'зҖ№в„ғзүійҸғе •жЈҝ',
  `review_by` varchar(50) DEFAULT NULL COMMENT 'зҖ№в„ғзүіжөң',
  `feedback_id` bigint DEFAULT NULL COMMENT 'йҚҸе® д»ҲйҚҷе¶ү?IDй”ӣе ўж•ӨжөңеәЎ?йҸҚйқ©зҙҡ',
  `create_time` datetime DEFAULT CURRENT_TIMESTAMP COMMENT 'йҚ’ж¶ҳзј“йҸғе •жЈҝ',
  `update_time` datetime DEFAULT CURRENT_TIMESTAMP ON UPDATE CURRENT_TIMESTAMP COMMENT 'йҸҮеӯҳжҹҠйҸғе •жЈҝ',
  PRIMARY KEY (`review_id`),
  UNIQUE KEY `uk_order_id` (`order_id`) COMMENT 'е§ЈеҝҺйҮңз’ҒгҲ еҙҹйҚҷ?е…ҳз’ҮеӢӘзҺҜж¶“??',
  KEY `idx_order_id` (`order_id`),
  KEY `idx_institution_id` (`institution_id`),
  KEY `idx_elder_id` (`elder_id`),
  KEY `idx_user_id` (`user_id`),
  KEY `idx_status` (`status`),
  KEY `idx_create_time` (`create_time`)
) ENGINE=InnoDB AUTO_INCREMENT=6 DEFAULT CHARSET=utf8mb4 COLLATE=utf8mb4_0900_ai_ci COMMENT='йҸҲзғҳзҖҜз’ҮеӢӘзҺҜзҗӣ';



# иҪ¬еӮЁиЎЁ institution_visit_reservation
# ------------------------------------------------------------

DROP TABLE IF EXISTS `institution_visit_reservation`;

CREATE TABLE `institution_visit_reservation` (
  `reservation_id` bigint NOT NULL AUTO_INCREMENT COMMENT 'йў„зәҰID',
  `reservation_no` varchar(50) NOT NULL COMMENT 'йў„зәҰзј–еҸ·',
  `institution_id` bigint NOT NULL COMMENT 'жңәжһ„ID',
  `user_id` bigint NOT NULL COMMENT 'йў„зәҰз”ЁжҲ·ID',
  `visitor_name` varchar(50) NOT NULL COMMENT 'еҸӮи§Ӯдәәе§“еҗҚ',
  `visitor_phone` varchar(20) NOT NULL COMMENT 'еҸӮи§Ӯдәәз”өиҜқ',
  `visit_date` date NOT NULL COMMENT 'йў„и®ЎеҲ°и®ҝж—Ҙжңҹ',
  `visit_time` varchar(10) NOT NULL COMMENT 'йў„и®ЎеҲ°и®ҝж—¶й—ҙ',
  `visitor_count` int NOT NULL DEFAULT '1' COMMENT 'еҸӮи§Ӯдәәж•°',
  `remark` varchar(500) DEFAULT NULL COMMENT 'еӨҮжіЁиҜҙжҳҺ',
  `status` char(1) NOT NULL DEFAULT '0' COMMENT 'зҠ¶жҖҒ(0-еҫ…еҸӮи§Ӯ 1-е·Іе®ҢжҲҗ 2-е·ІеҸ–ж¶Ҳ)',
  `handle_user` varchar(64) DEFAULT NULL COMMENT 'еӨ„зҗҶдәә',
  `handle_time` datetime DEFAULT NULL COMMENT 'еӨ„зҗҶж—¶й—ҙ',
  `handle_remark` varchar(500) DEFAULT NULL COMMENT 'еӨ„зҗҶеӨҮжіЁ',
  `create_time` datetime DEFAULT CURRENT_TIMESTAMP COMMENT 'еҲӣе»әж—¶й—ҙ',
  `update_time` datetime DEFAULT NULL ON UPDATE CURRENT_TIMESTAMP COMMENT 'жӣҙж–°ж—¶й—ҙ',
  PRIMARY KEY (`reservation_id`),
  UNIQUE KEY `uk_reservation_no` (`reservation_no`),
  KEY `idx_institution_id` (`institution_id`),
  KEY `idx_user_id` (`user_id`),
  KEY `idx_visit_date` (`visit_date`),
  KEY `idx_status` (`status`)
) ENGINE=InnoDB AUTO_INCREMENT=9 DEFAULT CHARSET=utf8mb4 COLLATE=utf8mb4_0900_ai_ci COMMENT='жңәжһ„йў„зәҰеҸӮи§ӮиЎЁ';



# иҪ¬еӮЁиЎЁ order_info
# ------------------------------------------------------------

DROP TABLE IF EXISTS `order_info`;

CREATE TABLE `order_info` (
  `order_id` bigint NOT NULL AUTO_INCREMENT COMMENT 'и®ўеҚ•ID',
  `order_no` varchar(50) NOT NULL COMMENT 'и®ўеҚ•зј–еҸ·',
  `order_type` char(1) NOT NULL COMMENT 'и®ўеҚ•зұ»еһӢ(1еәҠдҪҚиҙ№ 2жҠӨзҗҶиҙ№ 3йӨҗйҘ®иҙ№ 4еҢ»з–—иҙ№ 5е…¶д»–иҙ№з”Ё)',
  `elder_id` bigint DEFAULT NULL COMMENT 'иҖҒдәәID',
  `creator_user_id` bigint DEFAULT NULL COMMENT 'дёӢеҚ•дәәID',
  `institution_id` bigint DEFAULT NULL COMMENT 'жңәжһ„ID',
  `check_in_id` bigint DEFAULT NULL COMMENT 'е…ҘдҪҸз”іиҜ·ID',
  `bed_id` bigint DEFAULT NULL COMMENT 'еәҠдҪҚID',
  `order_amount` decimal(10,2) NOT NULL COMMENT 'и®ўеҚ•жҖ»йҮ‘йўқ(е…ғ)',
  `original_amount` decimal(10,2) DEFAULT NULL COMMENT 'жҗҙж—Җж•№йҺ¬жҳҸ?(жөјжЁ»е„¬йҚ“?',
  `discount_amount` decimal(10,2) DEFAULT '0.00' COMMENT 'жөјжЁ»е„¬й–ІжҲҰ?',
  `paid_amount` decimal(10,2) DEFAULT '0.00' COMMENT 'е·Ід»ҳйҮ‘йўқ(е…ғ)',
  `order_status` char(1) DEFAULT '0' COMMENT 'и®ўеҚ•зҠ¶жҖҒ(0еҫ…ж”Ҝд»ҳ 1е·Іж”Ҝд»ҳ 2е·ІеҸ–ж¶Ҳ 3е·ІйҖҖж¬ҫ)',
  `payment_method` varchar(50) DEFAULT NULL COMMENT 'ж”Ҝд»ҳж–№ејҸ',
  `payment_time` datetime DEFAULT NULL COMMENT 'ж”Ҝд»ҳж—¶й—ҙ',
  `order_date` date NOT NULL COMMENT 'и®ўеҚ•ж—Ҙжңҹ',
  `service_start_date` date DEFAULT NULL COMMENT 'жңҚеҠЎејҖе§Ӣж—Ҙжңҹ',
  `service_end_date` date DEFAULT NULL COMMENT 'жңҚеҠЎз»“жқҹж—Ҙжңҹ',
  `billing_cycle` varchar(20) DEFAULT NULL COMMENT 'и®Ўиҙ№е‘Ёжңҹ(жңҲеәҰгҖҒеӯЈеәҰгҖҒе№ҙеәҰ)',
  `month_count` int DEFAULT NULL COMMENT 'йҚҸгғ©в”—йҸҲе ҹжҡҹ',
  `due_date` date DEFAULT NULL COMMENT 'еҲ°жңҹж—Ҙжңҹ',
  `remark` varchar(500) DEFAULT NULL COMMENT 'еӨҮжіЁ',
  `create_by` varchar(64) DEFAULT '' COMMENT 'еҲӣе»әиҖ…',
  `create_time` datetime DEFAULT NULL COMMENT 'еҲӣе»әж—¶й—ҙ',
  `update_by` varchar(64) DEFAULT '' COMMENT 'пҝҪпҝҪпҝҪж–°иҖ…',
  `update_time` datetime DEFAULT NULL COMMENT 'жӣҙж–°ж—¶й—ҙ',
  `payment_proof` varchar(255) DEFAULT NULL COMMENT 'ж”Ҝд»ҳеҮӯиҜҒеӣҫзүҮURL',
  `payment_proof_remark` varchar(500) DEFAULT NULL COMMENT 'ж”Ҝд»ҳеҮӯиҜҒеӨҮжіЁ',
  PRIMARY KEY (`order_id`),
  UNIQUE KEY `uk_order_no` (`order_no`),
  KEY `idx_elder_id` (`elder_id`),
  KEY `idx_institution_id` (`institution_id`),
  KEY `idx_check_in_id` (`check_in_id`),
  KEY `idx_order_date` (`order_date`),
  KEY `idx_order_status` (`order_status`)
) ENGINE=InnoDB AUTO_INCREMENT=99 DEFAULT CHARSET=utf8mb4 COLLATE=utf8mb4_0900_ai_ci COMMENT='и®ўеҚ•дё»иЎЁ';

LOCK TABLES `order_info` WRITE;
/*!40000 ALTER TABLE `order_info` DISABLE KEYS */;

INSERT INTO `order_info` (`order_id`, `order_no`, `order_type`, `elder_id`, `creator_user_id`, `institution_id`, `check_in_id`, `bed_id`, `order_amount`, `original_amount`, `discount_amount`, `paid_amount`, `order_status`, `payment_method`, `payment_time`, `order_date`, `service_start_date`, `service_end_date`, `billing_cycle`, `month_count`, `due_date`, `remark`, `create_by`, `create_time`, `update_by`, `update_time`, `payment_proof`, `payment_proof_remark`)
VALUES
	(97,'ORD1770055245749','1',91,130,36,NULL,73,16500.00,16500.00,0.00,16500.00,'1','еҫ®дҝЎ','2026-02-03 02:02:01','2026-02-03','2026-02-03','2027-02-03','жңҲеәҰ',12,NULL,'еәҠдҪҚиҙ№пјҡ400е…ғ/жңҲ\\nжҠӨзҗҶиҙ№пјҡ100е…ғ/жңҲ\\nжҠӨзҗҶзӯүзә§пјҡиҮӘзҗҶ\\nжңҚеҠЎиҙ№еҗҲи®Ўпјҡ500.00е…ғ/жңҲ\\nзјҙиҙ№жңҲж•°пјҡ12дёӘжңҲ\\nжҠјйҮ‘пјҡ10000е…ғ\\nдјҡе‘ҳиҙ№пјҡ500е…ғ\\nжҖ»и®Ўпјҡ16500.00е…ғ','zhb_1670890634337372','2026-02-03 02:00:46','','2026-02-03 02:02:01',NULL,NULL),
	(98,'ORD1770057960126','1',92,130,36,NULL,72,20000.00,20000.00,0.00,20000.00,'1','еҫ®дҝЎ','2026-02-03 02:46:45','2026-02-03','2026-02-03','2027-01-03','жңҲеәҰ',11,NULL,'еәҠдҪҚиҙ№пјҡ400е…ғ/жңҲ\\nжҠӨзҗҶиҙ№пјҡ500е…ғ/жңҲ\\nжҠӨзҗҶзӯүзә§пјҡиҮӘзҗҶ\\nжңҚеҠЎиҙ№еҗҲи®Ўпјҡ900.00е…ғ/жңҲ\\nзјҙиҙ№жңҲж•°пјҡ11дёӘжңҲ\\nжҠјйҮ‘пјҡ10000е…ғ\\nдјҡе‘ҳиҙ№пјҡ100е…ғ\\nжҖ»и®Ўпјҡ20000.00е…ғ','zhb_1670890634337372','2026-02-03 02:46:00','','2026-02-03 02:46:45',NULL,NULL);

/*!40000 ALTER TABLE `order_info` ENABLE KEYS */;
UNLOCK TABLES;


# иҪ¬еӮЁиЎЁ order_item
# ------------------------------------------------------------

DROP TABLE IF EXISTS `order_item`;

CREATE TABLE `order_item` (
  `item_id` bigint NOT NULL AUTO_INCREMENT COMMENT 'жҳҺз»ҶID',
  `order_id` bigint NOT NULL COMMENT 'и®ўеҚ•ID',
  `order_no` varchar(50) DEFAULT NULL COMMENT 'и®ўеҚ•еҸ·',
  `item_name` varchar(100) NOT NULL COMMENT 'йЎ№зӣ®еҗҚз§°',
  `item_type` varchar(50) DEFAULT NULL COMMENT 'йЎ№зӣ®зұ»еһӢ',
  `item_description` varchar(500) DEFAULT NULL COMMENT 'йЎ№зӣ®жҸҸиҝ°',
  `unit_price` decimal(10,2) NOT NULL COMMENT 'еҚ•д»·(е…ғ)',
  `original_unit_price` decimal(10,2) DEFAULT NULL COMMENT 'еҺҹе§ӢеҚ•д»·пјҲе®Ўж ёдҝ®ж”№еүҚдҝқеӯҳпјү',
  `is_price_modified` char(1) DEFAULT '0' COMMENT 'д»·ж јжҳҜеҗҰиў«дҝ®ж”№иҝҮ 0-еҗҰ 1-жҳҜ',
  `quantity` int NOT NULL DEFAULT '1' COMMENT 'ж•°йҮҸ',
  `total_amount` decimal(10,2) NOT NULL COMMENT 'е°Ҹи®ЎйҮ‘йўқ(е…ғ)',
  `service_period` varchar(50) DEFAULT NULL COMMENT 'жңҚеҠЎе‘Ёжңҹ',
  `create_by` varchar(64) DEFAULT '' COMMENT 'еҲӣе»әиҖ…',
  `create_time` datetime DEFAULT NULL COMMENT 'еҲӣе»әж—¶й—ҙ',
  `update_by` varchar(64) DEFAULT '' COMMENT 'жӣҙж–°иҖ…',
  `update_time` datetime DEFAULT NULL COMMENT 'жӣҙж–°ж—¶й—ҙ',
  `remark` varchar(500) DEFAULT NULL COMMENT 'еӨҮжіЁ',
  PRIMARY KEY (`item_id`),
  KEY `idx_order_id` (`order_id`)
) ENGINE=InnoDB AUTO_INCREMENT=324 DEFAULT CHARSET=utf8mb4 COLLATE=utf8mb4_0900_ai_ci COMMENT='и®ўеҚ•жҳҺз»ҶиЎЁ';

LOCK TABLES `order_item` WRITE;
/*!40000 ALTER TABLE `order_item` DISABLE KEYS */;

INSERT INTO `order_item` (`item_id`, `order_id`, `order_no`, `item_name`, `item_type`, `item_description`, `unit_price`, `original_unit_price`, `is_price_modified`, `quantity`, `total_amount`, `service_period`, `create_by`, `create_time`, `update_by`, `update_time`, `remark`)
VALUES
	(316,97,'ORD1770055245749','еәҠдҪҚиҙ№','bed_fee','209-12еәҠдҪҚиҙ№',400.00,400.00,'1',12,4800.00,'жңҲеәҰ','zhb_1670890634337372','2026-02-03 02:00:46','','2026-02-03 02:01:31',NULL),
	(317,97,'ORD1770055245749','жҠӨзҗҶиҙ№','care_fee','иҮӘзҗҶжҠӨзҗҶиҙ№',100.00,100.00,'1',12,1200.00,'жңҲеәҰ','zhb_1670890634337372','2026-02-03 02:00:46','','2026-02-03 02:01:31',NULL),
	(318,97,'ORD1770055245749','жҠјйҮ‘','deposit','е…ҘдҪҸжҠјйҮ‘',10000.00,10000.00,'1',1,10000.00,NULL,'zhb_1670890634337372','2026-02-03 02:00:46','','2026-02-03 02:01:31',NULL),
	(319,97,'ORD1770055245749','дјҡе‘ҳиҙ№','member_fee','дјҡе‘ҳеҚЎе……еҖј',500.00,500.00,'1',1,500.00,NULL,'zhb_1670890634337372','2026-02-03 02:00:46','','2026-02-03 02:01:31',NULL),
	(320,98,'ORD1770057960126','еәҠдҪҚиҙ№','bed_fee','123-12еәҠдҪҚиҙ№',400.00,400.00,'1',11,4400.00,'жңҲеәҰ','zhb_1670890634337372','2026-02-03 02:46:00','','2026-02-03 02:46:38',NULL),
	(321,98,'ORD1770057960126','жҠӨзҗҶиҙ№','care_fee','иҮӘзҗҶжҠӨзҗҶиҙ№',500.00,500.00,'1',11,5500.00,'жңҲеәҰ','zhb_1670890634337372','2026-02-03 02:46:00','','2026-02-03 02:46:38',NULL),
	(322,98,'ORD1770057960126','жҠјйҮ‘','deposit','е…ҘдҪҸжҠјйҮ‘',10000.00,10000.00,'1',1,10000.00,NULL,'zhb_1670890634337372','2026-02-03 02:46:00','','2026-02-03 02:46:38',NULL),
	(323,98,'ORD1770057960126','дјҡе‘ҳиҙ№','member_fee','дјҡе‘ҳеҚЎе……еҖј',100.00,100.00,'1',1,100.00,NULL,'zhb_1670890634337372','2026-02-03 02:46:00','','2026-02-03 02:46:38',NULL);

/*!40000 ALTER TABLE `order_item` ENABLE KEYS */;
UNLOCK TABLES;


# иҪ¬еӮЁиЎЁ payment_record
# ------------------------------------------------------------

DROP TABLE IF EXISTS `payment_record`;

CREATE TABLE `payment_record` (
  `payment_id` bigint NOT NULL AUTO_INCREMENT COMMENT 'ж”Ҝд»ҳи®°еҪ•ID',
  `payment_no` varchar(50) NOT NULL COMMENT 'ж”Ҝд»ҳжөҒж°ҙеҸ·',
  `order_id` bigint NOT NULL COMMENT 'и®ўеҚ•ID',
  `elder_id` bigint NOT NULL COMMENT 'иҖҒдәәID',
  `institution_id` bigint NOT NULL COMMENT 'жңәжһ„ID',
  `payment_amount` decimal(10,2) NOT NULL COMMENT 'ж”Ҝд»ҳйҮ‘йўқ(е…ғ)',
  `payment_method` varchar(50) NOT NULL COMMENT 'ж”Ҝд»ҳж–№ејҸ(еҫ®дҝЎ ж”Ҝд»ҳе®қ й“¶иЎҢеҚЎиҪ¬иҙҰ зҺ°йҮ‘)',
  `payment_status` char(1) DEFAULT '0' COMMENT 'ж”Ҝд»ҳзҠ¶жҖҒ(0еӨ„зҗҶдёӯ 1жҲҗеҠҹ 2пҝҪпҝҪпҝҪиҙҘ)',
  `payment_time` datetime DEFAULT NULL COMMENT 'ж”Ҝд»ҳж—¶й—ҙ',
  `transaction_id` varchar(100) DEFAULT NULL COMMENT 'з¬¬дёүж–№дәӨжҳ“еҸ·',
  `gateway_response` text COMMENT 'ж”Ҝд»ҳзҪ‘е…іе“Қеә”дҝЎжҒҜ',
  `operator` varchar(50) DEFAULT NULL COMMENT 'ж“ҚдҪңдәә',
  `remark` varchar(500) DEFAULT NULL COMMENT 'еӨҮжіЁ',
  `create_by` varchar(64) DEFAULT '' COMMENT 'еҲӣе»әиҖ…',
  `create_time` datetime DEFAULT NULL COMMENT 'еҲӣе»әж—¶й—ҙ',
  `update_by` varchar(64) DEFAULT '' COMMENT 'жӣҙж–°иҖ…',
  `update_time` datetime DEFAULT NULL COMMENT 'жӣҙж–°ж—¶й—ҙ',
  `payment_proof` varchar(255) DEFAULT NULL COMMENT 'ж”Ҝд»ҳеҮӯиҜҒеӣҫзүҮURL',
  `payment_proof_remark` varchar(500) DEFAULT NULL COMMENT 'ж”Ҝд»ҳеҮӯиҜҒеӨҮжіЁ',
  PRIMARY KEY (`payment_id`),
  UNIQUE KEY `uk_payment_no` (`payment_no`),
  KEY `idx_order_id` (`order_id`),
  KEY `idx_elder_id` (`elder_id`),
  KEY `idx_payment_time` (`payment_time`),
  KEY `idx_payment_status` (`payment_status`)
) ENGINE=InnoDB AUTO_INCREMENT=55 DEFAULT CHARSET=utf8mb4 COLLATE=utf8mb4_0900_ai_ci COMMENT='ж”Ҝд»ҳи®°еҪ•иЎЁ';

LOCK TABLES `payment_record` WRITE;
/*!40000 ALTER TABLE `payment_record` DISABLE KEYS */;

INSERT INTO `payment_record` (`payment_id`, `payment_no`, `order_id`, `elder_id`, `institution_id`, `payment_amount`, `payment_method`, `payment_status`, `payment_time`, `transaction_id`, `gateway_response`, `operator`, `remark`, `create_by`, `create_time`, `update_by`, `update_time`, `payment_proof`, `payment_proof_remark`)
VALUES
	(53,'PAY1770055320359992',97,91,36,16500.00,'еҫ®дҝЎ','1','2026-02-03 02:02:01','PAY1770055320359992',NULL,'130',NULL,'','2026-02-03 02:02:01','',NULL,NULL,NULL),
	(54,'PAY1770058003999852',98,92,36,20000.00,'еҫ®дҝЎ','1','2026-02-03 02:46:45','PAY1770058003999852',NULL,'130',NULL,'','2026-02-03 02:46:45','',NULL,NULL,NULL);

/*!40000 ALTER TABLE `payment_record` ENABLE KEYS */;
UNLOCK TABLES;


# иҪ¬еӮЁиЎЁ pension_complaint
# ------------------------------------------------------------

DROP TABLE IF EXISTS `pension_complaint`;

CREATE TABLE `pension_complaint` (
  `complaint_id` bigint NOT NULL AUTO_INCREMENT COMMENT 'жҠ•иҜүID',
  `complaint_no` varchar(50) NOT NULL COMMENT 'жҠ•иҜүзј–еҸ·',
  `institution_id` bigint DEFAULT NULL COMMENT 'жңәжһ„ID',
  `institution_name` varchar(200) DEFAULT NULL COMMENT 'жңәжһ„еҗҚз§°',
  `user_id` bigint NOT NULL COMMENT 'жҸҗдәӨз”ЁжҲ·ID',
  `complaint_type` varchar(50) DEFAULT NULL COMMENT 'жҠ•иҜүзұ»еһӢ',
  `title` varchar(200) NOT NULL COMMENT 'жҠ•иҜүж Үйўҳ',
  `content` text NOT NULL COMMENT 'жҠ•иҜүеҶ…е®№',
  `images` longtext COMMENT 'еӣҫзүҮйҷ„д»¶(JSONж•°з»„)',
  `contact_name` varchar(50) DEFAULT NULL COMMENT 'иҒ”зі»дәә',
  `contact_phone` varchar(20) DEFAULT NULL COMMENT 'иҒ”зі»з”өиҜқ',
  `status` varchar(20) DEFAULT '1' COMMENT 'зҠ¶жҖҒ(0-е·ІжӢ’з»қ 1-еӨ„зҗҶдёӯ 2-е·ІеӨ„зҗҶ)',
  `reply_content` text COMMENT 'еӣһеӨҚеҶ…е®№',
  `handle_user_id` bigint DEFAULT NULL COMMENT 'еӨ„зҗҶдәәID',
  `handle_user_name` varchar(50) DEFAULT NULL COMMENT 'еӨ„зҗҶдәәе§“еҗҚ',
  `handle_time` datetime DEFAULT NULL COMMENT 'еӨ„зҗҶж—¶й—ҙ',
  `create_time` datetime DEFAULT CURRENT_TIMESTAMP COMMENT 'еҲӣе»әж—¶й—ҙ',
  `update_time` datetime DEFAULT CURRENT_TIMESTAMP ON UPDATE CURRENT_TIMESTAMP COMMENT 'жӣҙж–°ж—¶й—ҙ',
  `remark` varchar(500) DEFAULT NULL COMMENT 'еӨҮжіЁ',
  PRIMARY KEY (`complaint_id`),
  UNIQUE KEY `uk_complaint_no` (`complaint_no`),
  KEY `idx_institution` (`institution_id`),
  KEY `idx_user` (`user_id`),
  KEY `idx_status` (`status`)
) ENGINE=InnoDB AUTO_INCREMENT=4 DEFAULT CHARSET=utf8mb4 COLLATE=utf8mb4_0900_ai_ci COMMENT='жҠ•иҜүе»әи®®иЎЁ';



# иҪ¬еӮЁиЎЁ pension_institution
# ------------------------------------------------------------

DROP TABLE IF EXISTS `pension_institution`;

CREATE TABLE `pension_institution` (
  `institution_id` bigint NOT NULL AUTO_INCREMENT COMMENT 'йҸҲзғҳзҖҜID',
  `institution_name` varchar(200) NOT NULL COMMENT 'йҸҲзғҳзҖҜйҚҡе¶ҮРһ',
  `credit_code` varchar(50) NOT NULL COMMENT 'зјҒзҶ¶з«ҙж·Үпј„ж•Өжө пҪҮзҲң',
  `registered_capital` decimal(15,2) DEFAULT NULL COMMENT 'еЁүг„Ҙе”Ҫз’§еӢҜеҷҫ(ж¶“еӣ§еҺ“)',
  `registered_address` varchar(500) DEFAULT NULL COMMENT 'еЁүг„Ҙе”ҪйҚҰжқҝжҪғ',
  `street` varchar(200) DEFAULT NULL COMMENT 'жүҖеұһиЎ—йҒ“/еҢәеҹҹ',
  `district_code` varchar(50) DEFAULT NULL COMMENT 'еҢәеҺҝд»Јз Ғ(е…іиҒ”pension_districtеӯ—е…ё)',
  `area_code` varchar(12) DEFAULT NULL COMMENT 'еҢәеҺҝд»Јз Ғ',
  `actual_address` varchar(500) DEFAULT NULL COMMENT 'зҖ№зӮәжӘҜзјҒеҝҡжғҖйҚҰжқҝжҪғ',
  `legal_person` varchar(50) DEFAULT NULL COMMENT 'еЁүжӣһз•ҫжө пҪҲгҖғжөң',
  `contact_person` varchar(50) NOT NULL COMMENT 'й‘ұж—Ӯйғҙжөң',
  `contact_phone` varchar(20) NOT NULL COMMENT 'й‘ұж—ӮйғҙйҗўдҪғзҳҪ',
  `contact_email` varchar(100) DEFAULT NULL COMMENT 'й‘ұж—Ӯйғҙй–ӯ??',
  `business_scope` varchar(1000) DEFAULT NULL COMMENT 'зјҒеҝҡжғҖй‘јеҶЁжҙҝ',
  `institution_type` varchar(50) DEFAULT '1' COMMENT 'жңәжһ„зұ»еһӢ(nursing_homeе…»иҖҒйҷў, service_centerе…»иҖҒжңҚеҠЎдёӯеҝғ, day_careж—Ҙй—ҙз…§ж–ҷдёӯеҝғ, senior_apartmentе…»иҖҒе…¬еҜ“, otherе…¶д»–)',
  `institution_nature` char(1) DEFAULT '1' COMMENT 'жңәжһ„жҖ§иҙЁ: 1-ж°‘еҠһ 2-е…¬еҠһ 3-е…¬е»әж°‘иҗҘ',
  `bed_count` int DEFAULT NULL COMMENT 'жҗҙе©Ғз¶…йҸҒ',
  `care_levels` varchar(100) DEFAULT NULL COMMENT 'ж”¶дҪҸзұ»еһӢ(еӨҡйҖү): 1-иҮӘзҗҶ,2-еҚҠжҠӨзҗҶ,3-е…ЁжҠӨзҗҶ,4-еӨұиғҪ,5-еӨұжҷә',
  `medical_condition` char(1) DEFAULT NULL COMMENT 'еҢ»з–—жқЎд»¶: 1-еҶ…и®ҫеҢ»з–—жңәжһ„,2-дёҺеҢ»з–—жңәжһ„еҗҲдҪң,3-иҮӘиҗҘеҢ»з–—жңәжһ„,4-ж— еҢ»е…»з»“еҗҲ',
  `rating_level` int DEFAULT '3' COMMENT 'жҳҹзә§иҜ„еҲҶ: 1-5жҳҹ',
  `price_range_min` decimal(10,2) DEFAULT '0.00' COMMENT 'жңҖдҪҺд»·ж ј(е…ғ/жңҲ)',
  `price_range_max` decimal(10,2) DEFAULT '0.00' COMMENT 'жңҖй«ҳд»·ж ј(е…ғ/жңҲ)',
  `free_trial` char(1) DEFAULT '0' COMMENT 'жҳҜеҗҰж”ҜжҢҒе…Қиҙ№иҜ•дҪҸ: 0-еҗҰ 1-жҳҜ',
  `fee_range` varchar(100) DEFAULT NULL COMMENT 'ж”¶иҙ№еҢәй—ҙ',
  `business_license` varchar(500) DEFAULT NULL COMMENT 'иҗҘдёҡжү§з…§ж–Үд»¶и·Ҝеҫ„',
  `approval_certificate` varchar(500) DEFAULT NULL COMMENT 'жү№еҮҶиҜҒд№Ұж–Үд»¶и·Ҝеҫ„',
  `supervision_agreement` varchar(500) DEFAULT NULL COMMENT 'зӣ‘з®ЎеҚҸи®®ж–Үд»¶и·Ҝеҫ„',
  `established_date` date DEFAULT NULL COMMENT 'йҺҙж„®зҸӣйҸғгғҰж№Ў',
  `organizer` varchar(200) DEFAULT NULL COMMENT 'е…ҙеҠһжңәжһ„',
  `responsible_name` varchar(50) DEFAULT NULL COMMENT 'иҙҹиҙЈдәәе§“еҗҚ',
  `responsible_id_card` varchar(18) DEFAULT NULL COMMENT 'иҙҹиҙЈдәәиә«д»ҪиҜҒеҸ·',
  `responsible_address` varchar(500) DEFAULT NULL COMMENT 'иҙҹиҙЈдәәеұ…дҪҸең°',
  `responsible_phone` varchar(20) DEFAULT NULL COMMENT 'иҙҹиҙЈдәәз”өиҜқ',
  `record_number` varchar(100) DEFAULT NULL COMMENT 'жҫ¶еӣЁ?йҚҷ',
  `fixed_assets` decimal(15,2) DEFAULT NULL COMMENT 'йҚҘе“„з•ҫз’§еӢӘйӘҮйҚ‘??(ж¶“еӣ§еҺ“)',
  `bank_account` varchar(100) DEFAULT NULL COMMENT 'йҚ©зғҳж№°зјҒж’¶з•»з’җпёҪеҹӣ',
  `basic_bank` varchar(100) DEFAULT NULL COMMENT 'еҹәжң¬иҙҰжҲ·ејҖжҲ·иЎҢ',
  `supervise_account` varchar(100) DEFAULT NULL COMMENT 'йҗ©жҲ ?з’җпёҪеҹӣ',
  `supervise_bank` varchar(100) DEFAULT NULL COMMENT 'зӣ‘з®ЎиҙҰжҲ·ејҖжҲ·иЎҢ',
  `supervise_account_status` char(1) DEFAULT '0' COMMENT 'зӣ‘з®ЎиҙҰжҲ·зҠ¶жҖҒ:0-жңӘејҖжҲ·,1-е·ІејҖжҲ·',
  `status` varchar(10) DEFAULT NULL COMMENT 'зҠ¶жҖҒ:4-иҚүзЁҝ,0-еҫ…е®Ўжү№,1-е·Іе…Ҙй©»,2-е·Ій©іеӣһ,5-з»ҙжҠӨдёӯ,6-з»ҙжҠӨеҫ…е®Ўжү№',
  `apply_time` datetime DEFAULT NULL COMMENT 'йҗўе® ?йҸғе •жЈҝ',
  `approve_time` datetime DEFAULT NULL COMMENT 'зҖ№в„ғеЈ’йҸғе •жЈҝ',
  `approve_user` varchar(64) DEFAULT NULL COMMENT 'зҖ№в„ғеЈ’жөң',
  `approve_remark` varchar(500) DEFAULT NULL COMMENT 'зҖ№в„ғеЈ’йҺ°еҝҡ?',
  `blacklist_flag` char(1) DEFAULT '0' COMMENT 'жҰӣжҲқжӮ•йҚ—жӣҹзҲЈи№Ү?0е§қпҪ…зҲ¶ 1жҰӣжҲқжӮ•йҚ—?',
  `create_by` varchar(64) DEFAULT '' COMMENT 'йҚ’ж¶ҳзј“й‘°',
  `create_time` datetime DEFAULT NULL COMMENT 'йҚ’ж¶ҳзј“йҸғе •жЈҝ',
  `update_by` varchar(64) DEFAULT '' COMMENT 'йҸҮеӯҳжҹҠй‘°',
  `update_time` datetime DEFAULT NULL COMMENT 'йҸҮеӯҳжҹҠйҸғе •жЈҝ',
  `remark` varchar(500) DEFAULT NULL COMMENT 'жҫ¶еӣЁж•һ',
  `approval_by` varchar(64) DEFAULT NULL COMMENT 'е®Ўжү№дәә',
  `approval_time` datetime DEFAULT NULL COMMENT 'е®Ўжү№ж—¶й—ҙ',
  `nursing_fee_min` decimal(10,2) DEFAULT NULL COMMENT 'жҠӨзҗҶиҙ№жңҖдҪҺд»·',
  `nursing_fee_max` decimal(10,2) DEFAULT NULL COMMENT 'жҠӨзҗҶиҙ№жңҖй«ҳд»·',
  `bed_fee_min` decimal(10,2) DEFAULT NULL COMMENT 'еәҠдҪҚиҙ№жңҖдҪҺд»·',
  `bed_fee_max` decimal(10,2) DEFAULT NULL COMMENT 'еәҠдҪҚиҙ№жңҖй«ҳд»·',
  `meal_fee_min` decimal(10,2) DEFAULT NULL COMMENT 'иҶійЈҹиҙ№жңҖдҪҺд»·',
  `meal_fee_max` decimal(10,2) DEFAULT NULL COMMENT 'иҶійЈҹиҙ№жңҖй«ҳд»·',
  `cover_images` text COMMENT 'жңәжһ„е°ҒйқўеӣҫзүҮJSONж јејҸеӯҳеӮЁеӨҡеј еӣҫзүҮURL',
  PRIMARY KEY (`institution_id`),
  KEY `idx_district_code` (`district_code`),
  KEY `idx_institution_nature` (`institution_nature`),
  KEY `idx_medical_condition` (`medical_condition`),
  KEY `idx_rating_level` (`rating_level`),
  KEY `idx_price_range` (`price_range_min`,`price_range_max`)
) ENGINE=InnoDB AUTO_INCREMENT=44 DEFAULT CHARSET=utf8mb4 COLLATE=utf8mb4_0900_ai_ci COMMENT='йҚҸжҳҸ?йҸҲзғҳзҖҜж·Үв„ғдј…зҗӣ';

LOCK TABLES `pension_institution` WRITE;
/*!40000 ALTER TABLE `pension_institution` DISABLE KEYS */;

INSERT INTO `pension_institution` (`institution_id`, `institution_name`, `credit_code`, `registered_capital`, `registered_address`, `street`, `district_code`, `area_code`, `actual_address`, `legal_person`, `contact_person`, `contact_phone`, `contact_email`, `business_scope`, `institution_type`, `institution_nature`, `bed_count`, `care_levels`, `medical_condition`, `rating_level`, `price_range_min`, `price_range_max`, `free_trial`, `fee_range`, `business_license`, `approval_certificate`, `supervision_agreement`, `established_date`, `organizer`, `responsible_name`, `responsible_id_card`, `responsible_address`, `responsible_phone`, `record_number`, `fixed_assets`, `bank_account`, `basic_bank`, `supervise_account`, `supervise_bank`, `supervise_account_status`, `status`, `apply_time`, `approve_time`, `approve_user`, `approve_remark`, `blacklist_flag`, `create_by`, `create_time`, `update_by`, `update_time`, `remark`, `approval_by`, `approval_time`, `nursing_fee_min`, `nursing_fee_max`, `bed_fee_min`, `bed_fee_max`, `meal_fee_min`, `meal_fee_max`, `cover_images`)
VALUES
	(29,'йғ‘е·һе…ҙзҰҸе…»иҖҒйӣҶеӣў','91410100MA45815623',NULL,NULL,NULL,NULL,NULL,NULL,NULL,'зЁӢжҳҹ','15623696562',NULL,NULL,'1','1',NULL,NULL,NULL,3,0.00,0.00,'0',NULL,NULL,NULL,NULL,NULL,NULL,NULL,NULL,NULL,NULL,NULL,NULL,NULL,NULL,NULL,NULL,'0',NULL,NULL,NULL,NULL,NULL,'0','admin','2026-01-25 19:16:59','',NULL,NULL,NULL,NULL,NULL,NULL,NULL,NULL,NULL,NULL,NULL),
	(30,'е…ҙзҰҸе…»иҖҒйӣҶеӣўйғ‘е·һиҠұеӣӯи·ҜеӣӯеҢә','91410100MA46852591',500.00,'йғ‘е·һеёӮиҠұеӣӯи·Ҝ56еҸ·','иҠұеӣӯи·ҜиЎ—йҒ“еҠһдәӢеӨ„',NULL,'410105','йғ‘е·һеёӮиҠұеӣӯи·Ҝ56еҸ·',NULL,'йҷҲйЈһйӣЁ','15626963212',NULL,NULL,'nursing_home','1',200,NULL,NULL,3,0.00,0.00,'0','1000-5000е…ғ/жңҲ','/profile/upload/2026/01/25/750+371_20260125192531A001.png','/profile/upload/2026/01/25/ScreenShot_2026-01-25_021926_586_20260125192535A002.png','/profile/upload/2026/01/25/1d4a86835c7039b8bacdb9642fbf5c3d_20260125192539A003.jpg','2009-11-30','е…ҙзҰҸе…»иҖҒйӣҶеӣў','жқҺе…ҙзҰҸ','412829198905060056','йғ‘е·һеёӮиҠұеӣӯи·Ҝ566еҸ·','15623965489','562323',1000.00,'12356321',NULL,'569865623',NULL,'0','1','2026-01-25 19:25:44','2026-01-25 22:12:13','admin',NULL,'0','','2026-01-25 19:25:44','','2026-01-25 22:12:13',NULL,NULL,NULL,NULL,NULL,NULL,NULL,NULL,NULL,NULL),
	(31,'йғ‘е·һеӨ•йҳізәўе…»иҖҒе…¬еҸё','91410100MA45787451',100.00,'е•ҠжҳҜзҡ„е•Ҡзҡ„иә«д»Ҫ','иҲӘжө·иҘҝи·ҜиЎ—йҒ“еҠһдәӢеӨ„',NULL,'410102','е•ҠжҳҜзҹӯеҸ‘йҳҝйҒ“еӨ«',NULL,'жқЁдҝҠ','13663963477',NULL,NULL,'nursing_home','1',100,NULL,NULL,3,0.00,0.00,'0','2000-5000/жңҲ','/profile/upload/2026/01/31/fan_20260131140219A001.png','/profile/upload/2026/01/31/4255.jpg_wh860_20260131140235A002.jpg','/profile/upload/2026/01/31/750+371_20260131140238A003.png','2021-10-25','е•ҠжҳҜзҹӯеҸ‘е•ҠжҳҜзҹӯеҸ‘','е•ҠжҳҜзҡ„','412678199002203456','еҸІи’ӮеӨ«','18567899877','45566767',80.00,'34567890',NULL,'56789876',NULL,'0','1','2026-01-31 14:02:41','2026-01-31 14:03:22','admin','з»ҙжҠӨз”іиҜ·е®Ўжү№йҖҡиҝҮпјҢжңәжһ„дҝЎжҒҜе·Іжӣҙж–°','0','admin','2026-01-26 18:20:04','admin','2026-01-31 16:21:41',NULL,NULL,NULL,NULL,NULL,NULL,NULL,NULL,NULL,NULL),
	(32,'йғ‘е·һеӨ•йҳізәўйӣҶеӣўйҮ‘ж°ҙеҢәеӣӯеҢә','91410022MK45678541',100.00,'йғ‘е·һйҮ‘ж°ҙи·Ҝ25еҸ·','дё°еәҶи·ҜиЎ—йҒ“еҠһдәӢеӨ„',NULL,'410105','жөӢиҜ•ең°еқҖ',NULL,'жқЁйҮ‘','18539279011',NULL,NULL,'nursing_home','1',1000,NULL,NULL,3,0.00,0.00,'0','1000-3000е…ғ/жңҲ','/profile/upload/2026/01/26/yingyezhizhao1_20260126182551A002.jpg','/profile/upload/2026/01/26/u=897478838,3582769154&fm=253&app=138&f=JPEG_20260126182604A003.jpg','/profile/upload/2026/01/26/wKhkGWckO1uAPT9rAAFXjXWDNLs422_20260126182608A004.jpg','2020-10-27','еӨ•йҳізәўйӣҶеӣў','жқЁжҙӢ','412829199002205321','йғ‘е·һеёӮйҮ‘ж°ҙеҢә','13663963477','LK4526451',200.00,'1256324',NULL,'562123456',NULL,'0','1','2026-01-26 18:26:26','2026-01-26 18:39:51','admin',NULL,'0','','2026-01-26 18:26:26','admin','2026-01-31 16:21:38',NULL,NULL,NULL,NULL,NULL,NULL,NULL,NULL,NULL,NULL),
	(33,'йғ‘е·һеёӮжёҜеҢәе…»иҖҒйӣҶеӣўжңүйҷҗе…¬еҸё','91410108787676765',NULL,NULL,NULL,NULL,NULL,NULL,NULL,'жұӘжӯЈ','18767893456','jianguosenlin@gmail.com',NULL,'1','1',NULL,NULL,NULL,3,0.00,0.00,'0',NULL,NULL,NULL,NULL,NULL,NULL,NULL,NULL,NULL,NULL,NULL,NULL,NULL,NULL,NULL,NULL,'0',NULL,NULL,NULL,NULL,NULL,'0','admin','2026-01-27 02:19:44','',NULL,NULL,NULL,NULL,NULL,NULL,NULL,NULL,NULL,NULL,NULL),
	(34,'йғ‘е·һеёӮиҲӘз©әжёҜеҢәеә·д№җе…»иҖҒ','914101009876789234',1000.00,'йғ‘е·һеёӮиҲӘз©әжёҜеҢәиҫҫиҸІи·Ҝ89еҸ·','жҳҺж№–еҠһдәӢеӨ„',NULL,'410173','йғ‘е·һеёӮиҲӘз©әжёҜеҢәиҫҫиҸІи·Ҝ89еҸ·',NULL,'её…еҸҜ','18987657895',NULL,NULL,'nursing_home','1',200,NULL,NULL,3,0.00,0.00,'0','2000-4000е…ғ/жңҲ','/profile/upload/2026/01/27/yingyezhizhai2_20260127022507A001.jpg','/profile/upload/2026/01/27/u=897478838,3582769154&fm=253&app=138&f=JPEG_20260127022513A002.jpg','/profile/upload/2026/01/27/wKhkGWWrYIqAOv-sAAJVxyM3R8k145_20260127022523A003.jpg','2020-06-08','жёҜеҢәе…»иҖҒжҠ•иө„йӣҶеӣў','её…еҸҜ','412829198709170087','йғ‘е·һеёӮиҲӘз©әжёҜеҢәеӨ§йЈһи·Ҝ','18709876543','8976898',300.00,'61567898765390',NULL,'61410787654328978',NULL,'0','1','2026-01-27 02:25:26','2026-01-27 02:26:05','admin',NULL,'0','','2026-01-27 02:25:26','','2026-01-27 02:26:05',NULL,NULL,NULL,NULL,NULL,NULL,NULL,NULL,NULL,NULL),
	(36,'йғ‘е·һй«ҳж–°е…»иҖҒйӣҶеӣўз‘һиҫҫи·ҜеӣӯеҢә','91410100MA45TE2X81',500.00,'йғ‘е·һеёӮз‘һиҫҫи·Ҝ97еҸ·','зҹідҪӣеҠһдәӢеӨ„',NULL,'410171','йғ‘е·һеёӮз‘һиҫҫи·Ҝ98еҸ·a',NULL,'йҷҲжҷЁ','18767898765',NULL,NULL,'nursing_home','1',33,NULL,NULL,3,0.00,0.00,'0','500-2000е…ғ/жңҲ','/profile/upload/2026/01/27/yingyezhizhai2_20260127095747A013.jpg','/profile/upload/2026/01/27/yingyezhizhao1_20260127095752A014.jpg','/profile/upload/2026/01/27/wKhkGWWrYIqAOv-sAAJVxyM3R8k145_20260127095758A015.jpg','2021-02-03','й«ҳж–°е…»иҖҒйӣҶеӣў','йҷҲжҷЁ','412829199008080098','йғ‘е·һеёӮй«ҳж–°еҢәз‘һиҫҫи·Ҝ98еҸ·','18767898765','89877899',500.00,'61897876544','йғ‘е·һй“¶иЎҢй«ҳж–°еҢәж”ҜиЎҢ','619898889976','йғ‘е·һй“¶иЎҢй«ҳж–°еҢәж”ҜиЎҢ','0','3','2026-02-03 21:27:45','2026-02-03 21:28:19','admin','з»ҙжҠӨз”іиҜ·е®Ўжү№йҖҡиҝҮпјҢжңәжһ„дҝЎжҒҜе·Іжӣҙж–°','0','','2026-01-27 09:58:01','admin','2026-02-04 00:04:53',NULL,NULL,NULL,NULL,NULL,NULL,NULL,NULL,NULL,NULL),
	(39,'йғ‘е·һй«ҳж–°е…»иҖҒйӣҶеӣў','914101008767898761',100.00,'е•ҠжҳҜзҹӯеҸ‘','жІҹиөөеҠһдәӢеӨ„',NULL,'410171','е•ҠжҳҜзҡ„е•ҠжҳҜзҹӯеҸ‘е•Ҡж”¶иҙ№йҳҝйҒ“еӨ«',NULL,'жөӢиҜ•','18908765678',NULL,NULL,'nursing_home','1',100,NULL,NULL,3,0.00,0.00,'0','2000-5000/жңҲ','/profile/upload/2026/01/31/5033.jpg_wh300_20260131221159A005.jpg','/profile/upload/2026/01/31/4255.jpg_wh860_20260131234409A001.jpg','/profile/upload/2026/01/31/1d3fec3a2301623d10d99acb6b4cae821_20260131234415A002.jpg','2026-01-21','е•ҠжҳҜзҹӯеҸ‘е•ҠжҳҜзҹӯеҸ‘','жөӢиҜ•a','412829198902208765','е•ҠжүӢжңәең°ж–№','18538909876','йҮ‘иҠұйҮ‘иҠұйҮ‘иҠұ',1000.00,'89898989',NULL,'898989',NULL,'0','4',NULL,NULL,NULL,NULL,'0','','2026-01-31 22:49:07','','2026-02-01 00:55:43',NULL,NULL,NULL,NULL,NULL,NULL,NULL,NULL,NULL,NULL),
	(41,'йғ‘е·һжғ жөҺеҢәе…»иҖҒжҠ•иө„йӣҶеӣў','914101009876789876',500.00,'е•Ҡе•Ҡзҡ„','иҲӘжө·иҘҝи·ҜиЎ—йҒ“еҠһдәӢеӨ„',NULL,'410102','е•ҠжҳҜзҹӯеҸ‘йҳҝйҒ“еӨ«',NULL,'йҷҲйЈһйЈһ','18678909876',NULL,NULL,'1','1',1000,NULL,NULL,3,0.00,0.00,'0','2000-5000е…ғ/жңҲ','/profile/upload/2026/02/01/4255.jpg_wh860_20260201011406A001.jpg','/profile/upload/2026/02/01/5033.jpg_wh300_20260201011409A002.jpg','/profile/upload/2026/02/01/0112915ae19d20a80120927b516925 (1)_20260201011413A003.jpg','2020-10-13','е•Ҡе•ҠжҳҜзҹӯеҸ‘е•Ҡзҡ„','е•ҠжҳҜзҡ„','412829198902207654','е•ҠжҳҜзҹӯеҸ‘е•ҠжҳҜзҹӯеҸ‘','18678987656','234234',500.00,'234234234',NULL,'345234',NULL,'0','6','2026-02-03 00:56:16','2026-02-01 01:15:06','admin',NULL,'0','admin','2026-02-01 01:12:11','','2026-02-03 00:56:16',NULL,NULL,NULL,NULL,NULL,NULL,NULL,NULL,NULL,NULL),
	(42,'жөӢиҜ•жғ жөҺеҢәе…»иҖҒйӣҶеӣў','999999999999999999',400.00,'жөӢиҜ•ең°еқҖ','иҲӘжө·иҘҝи·ҜиЎ—йҒ“еҠһдәӢеӨ„',NULL,'410102','жҢүиҜҙ',NULL,'йҷҲзҡ„','18539279011',NULL,NULL,'nursing_home','1',100,NULL,NULL,3,0.00,0.00,'0','1000-3000','/profile/upload/2026/02/03/дёӢиҪҪ_20260203005925A001.png','/profile/upload/2026/02/03/ScreenShot_2026-01-08_144242_956_20260203005927A002.png','/profile/upload/2026/02/03/ScreenShot_2026-01-08_144242_956_20260203005931A003.png','2025-09-01','йҳҝж–Ҝи’ӮиҠ¬','еҝ«еҝ«еҝ«','412829198902204567','йқ’иӣҷж“Қеңә','18647890987','87667',50.00,'234234','йҳҝж–Ҝи’ӮиҠ¬','88787878','йҳҝиҗЁеҫ·','0','0','2026-02-03 01:06:29',NULL,NULL,NULL,'0','','2026-02-03 00:59:33','','2026-02-03 01:06:29',NULL,NULL,NULL,NULL,NULL,NULL,NULL,NULL,NULL,NULL),
	(43,'жөӢиҜ•й•ҝжҳҘ','914101000989098987',0.00,'жөӢиҜ•ең°еқҖ','зҰҸеҚҺиЎ—еҠһдәӢеӨ„',NULL,'410103','йҳҝжҳҜеҸҜжҠөжүЈ',NULL,'wenwang','18539279012',NULL,NULL,'nursing_home','1',100,NULL,NULL,3,0.00,0.00,'0','2000-5000е…ғ','/profile/upload/2026/02/04/ScreenShot_2026-01-08_144242_956_20260204013917A001.png','/profile/upload/2026/02/04/дёӢиҪҪ_20260204013920A002.png','/profile/upload/2026/02/04/дёӢиҪҪ_20260204013924A003.png','2026-02-12','йҳҝиҗЁеҫ·ж”ҫ','й•ҝжҳҘ','412829199002207654','йҳҝж–Ҝи’ӮиҠ¬','18789098765','8790',50.00,'23423423423234234','йҳҝж–Ҝи’ӮиҠ¬йҳҝж–Ҝи’ӮиҠ¬','4234234234234234','йҳҝиҗЁеҫ·','0','0','2026-02-04 01:39:58',NULL,NULL,NULL,'0','admin','2026-02-04 01:34:25','','2026-02-04 01:39:58',NULL,NULL,NULL,NULL,NULL,NULL,NULL,NULL,NULL,NULL);

/*!40000 ALTER TABLE `pension_institution` ENABLE KEYS */;
UNLOCK TABLES;


# иҪ¬еӮЁиЎЁ pension_institution_attach
# ------------------------------------------------------------

DROP TABLE IF EXISTS `pension_institution_attach`;

CREATE TABLE `pension_institution_attach` (
  `attach_id` bigint NOT NULL AUTO_INCREMENT COMMENT 'й—„еӢӘж¬ўID',
  `institution_id` bigint NOT NULL COMMENT 'йҸҲзғҳзҖҜID',
  `attach_type` char(1) DEFAULT NULL COMMENT 'й—„еӢӘж¬ўз»«иҜІзҖ·(1й’ҖгғӨз¬ҹйҺөС…еҸҺ 2з»ҖеҸҘзҙ°з»Ӯеҝ“еҹ„йҸҲзғҳзҖҜз’Ғеү§з–ҶйҺөз‘°еҷҜз’ҮдҪ·еҠҹ 3ж¶“еӨӢжҹҹйҗ©жҲ ?йҚ—еҝҡ?)',
  `attach_name` varchar(200) DEFAULT NULL COMMENT 'й—„еӢӘж¬ўйҚҡе¶ҮРһ',
  `attach_path` varchar(500) DEFAULT NULL COMMENT 'й—„еӢӘж¬ўз’ә?з·һ',
  `file_size` bigint DEFAULT NULL COMMENT 'йҸӮеӣҰж¬ўжҫ¶Сғзҡ¬(зҖӣжҘ„еҰӯ)',
  `file_type` varchar(50) DEFAULT NULL COMMENT 'йҸӮеӣҰж¬ўз»«иҜІзҖ·',
  `create_by` varchar(64) DEFAULT '' COMMENT 'ж¶“е©Ғзҙ¶й‘°',
  `create_time` datetime DEFAULT NULL COMMENT 'ж¶“е©Ғзҙ¶йҸғе •жЈҝ',
  PRIMARY KEY (`attach_id`),
  KEY `idx_institution_id` (`institution_id`)
) ENGINE=InnoDB DEFAULT CHARSET=utf8mb4 COLLATE=utf8mb4_0900_ai_ci COMMENT='йҸҲзғҳзҖҜй—„еӢӘж¬ўйҸүж„ӯжһЎзҗӣ';



# иҪ¬еӮЁиЎЁ pension_institution_public
# ------------------------------------------------------------

DROP TABLE IF EXISTS `pension_institution_public`;

CREATE TABLE `pension_institution_public` (
  `public_id` bigint NOT NULL AUTO_INCREMENT COMMENT 'йҚҸ?гҒҡID',
  `institution_id` bigint NOT NULL COMMENT 'йҸҲзғҳзҖҜID',
  `institution_intro` text COMMENT 'йҸҲзғҳзҖҜз» ?зІҷ',
  `service_scope` varchar(1000) DEFAULT NULL COMMENT 'йҸҲе¶…е§ҹй‘јеҶЁжҙҝ',
  `service_features` varchar(1000) DEFAULT NULL COMMENT 'йҗ—зЎ…еЈҠйҸҲе¶…е§ҹ',
  `land_area` decimal(10,2) DEFAULT NULL COMMENT 'йҚ—зҠІж№ҙй—ҲгҲўРқ(йӘһиҷ«жҹҹз»«?',
  `building_area` decimal(10,2) DEFAULT NULL COMMENT 'еҜӨиҷ№з“ҡй—ҲгҲўРқ(йӘһиҷ«жҹҹз»«?',
  `environment_imgs` text COMMENT 'йҗң??йҚҘеү§еў–(жҫ¶ж°¬зҙ¶й”ӣеІҖж•Өй–«жҘҖеҪҝйҚ’е—ӣж®§)',
  `main_picture` text COMMENT 'жңәжһ„дё»еӣҫURL',
  `vr_image` varchar(500) DEFAULT NULL COMMENT 'VRе…ЁжҷҜеӣҫзүҮ',
  `rating` char(1) DEFAULT '3' COMMENT 'йҸҲзғҳзҖҜз’ҮеӢӯйӘҮ(1йҲҪ?2йҲҪе‘Әж§„ 3йҲҪе‘Әж§„йҲҪ?4йҲҪе‘Әж§„йҲҪе‘Әж§„ 5йҲҪе‘Әж§„йҲҪе‘Әж§„йҲҪ?',
  `fee_range_min` decimal(10,2) DEFAULT NULL COMMENT 'йҸҖжғ°еһӮйҚ–жҙӘжЈҝ-йҸҲ?з¶Ҷ(йҚҸ?йҸҲ?',
  `fee_range_max` decimal(10,2) DEFAULT NULL COMMENT 'йҸҖжғ°еһӮйҚ–жҙӘжЈҝ-йҸҲ?зҸ®(йҚҸ?йҸҲ?',
  `accept_elder_type` varchar(200) DEFAULT NULL COMMENT 'йҸҖжңөз¶Үй‘°дҪ·жұүз»«иҜІзҖ·',
  `is_published` char(1) DEFAULT '0' COMMENT 'йҸ„?жғҒйҚҸ?гҒҡ(0йҚҡ?1йҸ„?',
  `create_by` varchar(64) DEFAULT '' COMMENT 'йҚ’ж¶ҳзј“й‘°',
  `create_time` datetime DEFAULT NULL COMMENT 'йҚ’ж¶ҳзј“йҸғе •жЈҝ',
  `update_by` varchar(64) DEFAULT '' COMMENT 'йҸҮеӯҳжҹҠй‘°',
  `update_time` datetime DEFAULT NULL COMMENT 'йҸҮеӯҳжҹҠйҸғе •жЈҝ',
  `nursing_fee_min` decimal(10,2) DEFAULT NULL COMMENT 'жҠӨзҗҶиҙ№жңҖдҪҺд»·',
  `nursing_fee_max` decimal(10,2) DEFAULT NULL COMMENT 'жҠӨзҗҶиҙ№жңҖй«ҳд»·',
  `bed_fee_min` decimal(10,2) DEFAULT NULL COMMENT 'еәҠдҪҚиҙ№жңҖдҪҺд»·',
  `bed_fee_max` decimal(10,2) DEFAULT NULL COMMENT 'еәҠдҪҚиҙ№жңҖй«ҳд»·',
  `meal_fee_min` decimal(10,2) DEFAULT NULL COMMENT 'иҶійЈҹиҙ№жңҖдҪҺд»·',
  `meal_fee_max` decimal(10,2) DEFAULT NULL COMMENT 'иҶійЈҹиҙ№жңҖй«ҳд»·',
  `room_facilities` text COMMENT 'жҲҝй—ҙи®ҫж–ҪеӣҫзүҮ(JSONж•°з»„)',
  `basic_facilities` text COMMENT 'еҹәзЎҖи®ҫж–ҪеӣҫзүҮ(JSONж•°з»„)',
  `park_facilities` text COMMENT 'еӣӯеқҖи®ҫж–ҪеӣҫзүҮ(JSONж•°з»„)',
  `life_facilities` text COMMENT 'з”ҹжҙ»и®ҫж–ҪйҖүйЎ№(JSONж•°з»„)',
  `medical_facilities` text COMMENT 'еҢ»з–—и®ҫж–ҪйҖүйЎ№(JSONж•°з»„)',
  `daily_services` text COMMENT 'жҜҸж—ҘжңҚеҠЎе®үжҺ’(JSONж•°з»„)',
  PRIMARY KEY (`public_id`),
  KEY `idx_institution_id` (`institution_id`)
) ENGINE=InnoDB AUTO_INCREMENT=10 DEFAULT CHARSET=utf8mb4 COLLATE=utf8mb4_0900_ai_ci COMMENT='йҸҲзғҳзҖҜйҚҸ?гҒҡж·Үв„ғдј…зҗӣ';

LOCK TABLES `pension_institution_public` WRITE;
/*!40000 ALTER TABLE `pension_institution_public` DISABLE KEYS */;

INSERT INTO `pension_institution_public` (`public_id`, `institution_id`, `institution_intro`, `service_scope`, `service_features`, `land_area`, `building_area`, `environment_imgs`, `main_picture`, `vr_image`, `rating`, `fee_range_min`, `fee_range_max`, `accept_elder_type`, `is_published`, `create_by`, `create_time`, `update_by`, `update_time`, `nursing_fee_min`, `nursing_fee_max`, `bed_fee_min`, `bed_fee_max`, `meal_fee_min`, `meal_fee_max`, `room_facilities`, `basic_facilities`, `park_facilities`, `life_facilities`, `medical_facilities`, `daily_services`)
VALUES
	(6,30,'иҝҷжҳҜж–°е»әзҡ„жөӢиҜ•жңәжһ„з®Җд»Ӣ','з”ҹжҙ»з…§ж–ҷгҖҒеҢ»з–—жҠӨзҗҶгҖҒеә·еӨҚи®ӯз»ғ','дёӯеҢ»зҗҶз–—гҖҒж–ҮеҢ–еЁұд№җгҖҒиҗҘе…»иҶійЈҹ',1000.00,800.00,'/profile/upload/2026/01/25/ScreenShot_2026-01-25_021926_586_20260125222613A006.png,/profile/upload/2026/01/25/750+371_20260125222615A007.png','/profile/upload/2026/01/25/ScreenShot_2026-01-25_021541_711_20260125222442A004.png','/profile/upload/2026/01/25/QP61014284_20260125222453A005.jpg','3',NULL,NULL,'self_care,semi_disabled,disabled,dementia','1','','2026-01-25 22:28:03','','2026-01-25 22:28:07',500.00,2500.00,700.00,2000.00,1500.00,4000.00,'/profile/upload/2026/01/25/1d4a86835c7039b8bacdb9642fbf5c3d_20260125222617A008.jpg,/profile/upload/2026/01/25/ScreenShot_2026-01-25_021926_586_20260125222620A009.png','/profile/upload/2026/01/25/ScreenShot_2026-01-12_015115_648_20260125222632A010.png,/profile/upload/2026/01/25/1666946350486_5586_20260125222635A011.jpeg','/profile/upload/2026/01/25/df079c167cae476cb21790c62b610481_20260125222641A012.png','[\"жөӢиҜ•и®ҫж–Ҫ\",\"зӢ¬з«ӢеҚ«жөҙ\",\"зҙ§жҖҘе‘јеҸ«\",\"жҙ—иЎЈжңҚеҠЎ\",\"жҙ»еҠЁе®Ө\",\"еӣҫд№Ұйҳ…и§Ҳе®Ө\",\"з”өи§Ҷ/еЁұд№җи®ҫеӨҮ\",\"з©әи°ғи®ҫеӨҮ\",\"жҡ–ж°”и®ҫеӨҮ\",\"ж— зәҝзҪ‘з»ң\",\"е‘јеҸ«зі»з»ҹ\",\"йҳіеҸ°/йңІеҸ°\",\"еҗ§еҸ°/иҢ¶ж°ҙй—ҙ\",\"иЎЈжҹң\",\"еӮЁзү©жҹң\"]','[\"еҢ»з–—е®Ө\",\"дё“дёҡеҢ»з”ҹ\",\"жҠӨеЈ«з«ҷ\",\"еә·еӨҚе®Ө\",\"зҗҶз–—е®Ө\",\"дҪ“жЈҖи®ҫеӨҮ\",\"еҒҘеә·зӣ‘жөӢ\",\"еҝғз”өеӣҫжңә\",\"йҷӨйўӨд»Ә\",\"е‘јеҗёжңә\",\"ж°§ж°”и®ҫеӨҮ\",\"иҫ“ж¶Іи®ҫеӨҮ\"]','[{\"time\":\"06:00\",\"content\":\"йӣҶдҪ“иө·еәҠ\"},{\"time\":\"07:28\",\"content\":\"йӣҶдҪ“з”ЁйӨҗ\"},{\"time\":\"08:27\",\"content\":\"йҒӣејҜи·‘ж“Қ\"}]'),
	(7,32,'йғ‘е·һеёӮеүҚжІҝзҡ„е…»иҖҒжңәжһ„','з”ҹжҙ»з…§ж–ҷгҖҒеҝғзҗҶиҫ…еҜј','дёӯеҢ»зҗҶз–—гҖҒзү№иүІжңҚеҠЎ',2000.00,1500.00,'/profile/upload/2026/01/26/4255.jpg_wh860_20260126185651A003.jpg,/profile/upload/2026/01/26/5033.jpg_wh300_20260126185655A004.jpg','/profile/upload/2026/01/26/df079c167cae476cb21790c62b610481_20260126184917A001.png','/profile/upload/2026/01/26/01ef0958b215dba801219c77f27fe8_20260126185612A002.jpg','3',NULL,NULL,'self_care,semi_disabled,disabled,dementia','1','','2026-01-26 18:58:28','','2026-01-26 18:58:31',500.00,2500.00,300.00,2000.00,500.00,3500.00,'/profile/upload/2026/01/26/ScreenShot_2026-01-25_021926_586_20260126185659A005.png,/profile/upload/2026/01/26/750+371_20260126185710A006.png','/profile/upload/2026/01/26/ScreenShot_2026-01-12_015115_648_20260126185715A007.png,/profile/upload/2026/01/26/R-C (1)_20260126185732A010.jpg','/profile/upload/2026/01/26/1666946350486_5586_20260126185722A008.jpeg,/profile/upload/2026/01/26/R-C (2)_20260126185728A009.jpg','[\"жөӢиҜ•и®ҫж–Ҫ\",\"зӢ¬з«ӢеҚ«жөҙ\",\"зҙ§жҖҘе‘јеҸ«\",\"жҙ—иЎЈжңҚеҠЎ\",\"жҙ»еҠЁе®Ө\",\"ж— зәҝзҪ‘з»ң\",\"жҡ–ж°”и®ҫеӨҮ\",\"з©әи°ғи®ҫеӨҮ\",\"з”өи§Ҷ/еЁұд№җи®ҫеӨҮ\",\"еӣҫд№Ұйҳ…и§Ҳе®Ө\",\"еӮЁзү©жҹң\",\"иЎЈжҹң\",\"еҗ§еҸ°/иҢ¶ж°ҙй—ҙ\",\"йҳіеҸ°/йңІеҸ°\",\"е‘јеҸ«зі»з»ҹ\"]','[\"еҢ»з–—е®Ө\",\"еә·еӨҚе®Ө\",\"зҗҶз–—е®Ө\",\"еҒҘеә·зӣ‘жөӢ\",\"иҚҜжҲҝ\",\"жҖҘж•‘и®ҫеӨҮ\",\"иЎҖеҺӢзӣ‘жөӢ\",\"еҝғз”өеӣҫжңә\",\"дҪ“жЈҖи®ҫеӨҮ\",\"жҠӨеЈ«з«ҷ\",\"дё“дёҡеҢ»з”ҹ\",\"иҫ“ж¶Іи®ҫеӨҮ\",\"ж°§ж°”и®ҫеӨҮ\",\"е‘јеҗёжңә\",\"йҷӨйўӨд»Ә\"]','[{\"time\":\"18:57\",\"content\":\"и·‘жӯҘ\"},{\"time\":\"18:58\",\"content\":\"жү“зҗғ\"},{\"time\":\"18:59\",\"content\":\"й”»зӮј\"},{\"time\":\"18:58\",\"content\":\"еҗғйҘӯ\"},{\"time\":\"20:59\",\"content\":\"иҒҠеӨ©\"}]'),
	(8,34,'жөӢиҜ•жңәжһ„з®Җд»Ӣ','еә·еӨҚи®ӯз»ғгҖҒз”ҹжҙ»з…§ж–ҷ','дёӯеҢ»зҗҶз–—гҖҒзү№иүІй’ҲзҒё',1000.00,800.00,'/profile/upload/2026/01/27/1d4a86835c7039b8bacdb9642fbf5c3d_20260127023255A007.jpg,/profile/upload/2026/01/27/750+371_20260127023300A008.png','/profile/upload/2026/01/27/5033.jpg_wh300_20260127023139A005.jpg','/profile/upload/2026/01/27/01ef0958b215dba801219c77f27fe8_20260127023211A006.jpg','3',NULL,NULL,'dementia,disabled,semi_disabled,self_care','1','','2026-01-27 02:34:06','','2026-01-27 02:34:17',500.00,4000.00,400.00,3000.00,800.00,2800.00,'/profile/upload/2026/01/27/ScreenShot_2026-01-25_021926_586_20260127023310A009.png,/profile/upload/2026/01/27/750+371_20260127023316A010.png','/profile/upload/2026/01/27/4255.jpg_wh860_20260127023319A011.jpg','/profile/upload/2026/01/27/1d4a86835c7039b8bacdb9642fbf5c3d_20260127023323A012.jpg','[\"жөӢиҜ•и®ҫж–Ҫ\",\"зӢ¬з«ӢеҚ«жөҙ\",\"зҙ§жҖҘе‘јеҸ«\",\"жҙ—иЎЈжңҚеҠЎ\",\"жҙ»еҠЁе®Ө\",\"ж— зәҝзҪ‘з»ң\",\"жҡ–ж°”и®ҫеӨҮ\",\"з©әи°ғи®ҫеӨҮ\",\"еӣҫд№Ұйҳ…и§Ҳе®Ө\",\"еӮЁзү©жҹң\",\"иЎЈжҹң\",\"еҗ§еҸ°/иҢ¶ж°ҙй—ҙ\"]','[\"еҢ»з–—е®Ө\",\"еә·еӨҚе®Ө\",\"зҗҶз–—е®Ө\",\"еҒҘеә·зӣ‘жөӢ\",\"иҚҜжҲҝ\",\"жҖҘж•‘и®ҫеӨҮ\",\"иЎҖеҺӢзӣ‘жөӢ\",\"еҝғз”өеӣҫжңә\",\"дҪ“жЈҖи®ҫеӨҮ\",\"жҠӨеЈ«з«ҷ\",\"дё“дёҡеҢ»з”ҹ\"]','[{\"time\":\"02:33\",\"content\":\"жөӢиҜ•е®үжҺ’\"},{\"time\":\"04:34\",\"content\":\"и·‘жӯҘ\"}]'),
	(9,36,'жөӢиҜ•е…»иҖҒжңәжһ„з®Җд»Ӣ','з”ҹжҙ»з…§ж–ҷ','зү№иүІжңҚеҠЎ',1500.00,800.00,'/profile/upload/2026/01/27/1666946350486_5586_20260127100212A018.jpeg','/profile/upload/2026/01/27/ScreenShot_2026-01-12_015115_648_20260127100026A016.png','/profile/upload/2026/01/27/0112915ae19d20a80120927b516925 (1)_20260127100111A017.jpg','3',NULL,NULL,'self_care,semi_disabled,disabled,dementia','1','','2026-01-27 10:03:21','','2026-01-27 10:03:33',500.00,1500.00,500.00,1500.00,600.00,1500.00,'/profile/upload/2026/01/27/750+371_20260127100218A019.png,/profile/upload/2026/01/27/750+371_20260127100221A020.png','/profile/upload/2026/01/27/R-C (1)_20260127100227A021.jpg','/profile/upload/2026/01/27/5033.jpg_wh300_20260127100233A022.jpg','[\"жөӢиҜ•и®ҫж–Ҫ\",\"зӢ¬з«ӢеҚ«жөҙ\",\"зҙ§жҖҘе‘јеҸ«\",\"жҙ—иЎЈжңҚеҠЎ\",\"жҙ»еҠЁе®Ө\",\"ж— зәҝзҪ‘з»ң\",\"жҡ–ж°”и®ҫеӨҮ\"]','[\"еҢ»з–—е®Ө\",\"еә·еӨҚе®Ө\",\"зҗҶз–—е®Ө\",\"еҒҘеә·зӣ‘жөӢ\",\"ж°§ж°”и®ҫеӨҮ\"]','[{\"time\":\"10:03\",\"content\":\"жөӢиҜ•жңҚеҠЎ\"},{\"time\":\"10:03\",\"content\":\"и·‘жӯҘ\"},{\"time\":\"10:05\",\"content\":\"еҗғйҘӯ\"}]');

/*!40000 ALTER TABLE `pension_institution_public` ENABLE KEYS */;
UNLOCK TABLES;


# иҪ¬еӮЁиЎЁ qrtz_blob_triggers
# ------------------------------------------------------------

DROP TABLE IF EXISTS `qrtz_blob_triggers`;

CREATE TABLE `qrtz_blob_triggers` (
  `sched_name` varchar(120) CHARACTER SET utf8mb4 COLLATE utf8mb4_general_ci NOT NULL COMMENT 'и°ғеәҰеҗҚз§°',
  `trigger_name` varchar(200) CHARACTER SET utf8mb4 COLLATE utf8mb4_general_ci NOT NULL COMMENT 'qrtz_triggersиЎЁtrigger_nameзҡ„еӨ–й”®',
  `trigger_group` varchar(200) CHARACTER SET utf8mb4 COLLATE utf8mb4_general_ci NOT NULL COMMENT 'qrtz_triggersиЎЁtrigger_groupзҡ„еӨ–й”®',
  `blob_data` blob COMMENT 'еӯҳж”ҫжҢҒд№…еҢ–TriggerеҜ№иұЎ',
  PRIMARY KEY (`sched_name`,`trigger_name`,`trigger_group`),
  CONSTRAINT `qrtz_blob_triggers_ibfk_1` FOREIGN KEY (`sched_name`, `trigger_name`, `trigger_group`) REFERENCES `qrtz_triggers` (`sched_name`, `trigger_name`, `trigger_group`)
) ENGINE=InnoDB DEFAULT CHARSET=utf8mb4 COLLATE=utf8mb4_general_ci COMMENT='Blobзұ»еһӢзҡ„и§ҰеҸ‘еҷЁиЎЁ';



# иҪ¬еӮЁиЎЁ qrtz_calendars
# ------------------------------------------------------------

DROP TABLE IF EXISTS `qrtz_calendars`;

CREATE TABLE `qrtz_calendars` (
  `sched_name` varchar(120) CHARACTER SET utf8mb4 COLLATE utf8mb4_general_ci NOT NULL COMMENT 'и°ғеәҰеҗҚз§°',
  `calendar_name` varchar(200) CHARACTER SET utf8mb4 COLLATE utf8mb4_general_ci NOT NULL COMMENT 'ж—ҘеҺҶеҗҚз§°',
  `calendar` blob NOT NULL COMMENT 'еӯҳж”ҫжҢҒд№…еҢ–calendarеҜ№иұЎ',
  PRIMARY KEY (`sched_name`,`calendar_name`)
) ENGINE=InnoDB DEFAULT CHARSET=utf8mb4 COLLATE=utf8mb4_general_ci COMMENT='ж—ҘеҺҶдҝЎжҒҜиЎЁ';



# иҪ¬еӮЁиЎЁ qrtz_cron_triggers
# ------------------------------------------------------------

DROP TABLE IF EXISTS `qrtz_cron_triggers`;

CREATE TABLE `qrtz_cron_triggers` (
  `sched_name` varchar(120) CHARACTER SET utf8mb4 COLLATE utf8mb4_general_ci NOT NULL COMMENT 'и°ғеәҰеҗҚз§°',
  `trigger_name` varchar(200) CHARACTER SET utf8mb4 COLLATE utf8mb4_general_ci NOT NULL COMMENT 'qrtz_triggersиЎЁtrigger_nameзҡ„еӨ–й”®',
  `trigger_group` varchar(200) CHARACTER SET utf8mb4 COLLATE utf8mb4_general_ci NOT NULL COMMENT 'qrtz_triggersиЎЁtrigger_groupзҡ„еӨ–й”®',
  `cron_expression` varchar(200) CHARACTER SET utf8mb4 COLLATE utf8mb4_general_ci NOT NULL COMMENT 'cronиЎЁиҫҫејҸ',
  `time_zone_id` varchar(80) CHARACTER SET utf8mb4 COLLATE utf8mb4_general_ci DEFAULT NULL COMMENT 'ж—¶еҢә',
  PRIMARY KEY (`sched_name`,`trigger_name`,`trigger_group`),
  CONSTRAINT `qrtz_cron_triggers_ibfk_1` FOREIGN KEY (`sched_name`, `trigger_name`, `trigger_group`) REFERENCES `qrtz_triggers` (`sched_name`, `trigger_name`, `trigger_group`)
) ENGINE=InnoDB DEFAULT CHARSET=utf8mb4 COLLATE=utf8mb4_general_ci COMMENT='Cronзұ»еһӢзҡ„и§ҰеҸ‘еҷЁиЎЁ';



# иҪ¬еӮЁиЎЁ qrtz_fired_triggers
# ------------------------------------------------------------

DROP TABLE IF EXISTS `qrtz_fired_triggers`;

CREATE TABLE `qrtz_fired_triggers` (
  `sched_name` varchar(120) CHARACTER SET utf8mb4 COLLATE utf8mb4_general_ci NOT NULL COMMENT 'и°ғеәҰеҗҚз§°',
  `entry_id` varchar(95) CHARACTER SET utf8mb4 COLLATE utf8mb4_general_ci NOT NULL COMMENT 'и°ғеәҰеҷЁе®һдҫӢid',
  `trigger_name` varchar(200) CHARACTER SET utf8mb4 COLLATE utf8mb4_general_ci NOT NULL COMMENT 'qrtz_triggersиЎЁtrigger_nameзҡ„еӨ–й”®',
  `trigger_group` varchar(200) CHARACTER SET utf8mb4 COLLATE utf8mb4_general_ci NOT NULL COMMENT 'qrtz_triggersиЎЁtrigger_groupзҡ„еӨ–й”®',
  `instance_name` varchar(200) CHARACTER SET utf8mb4 COLLATE utf8mb4_general_ci NOT NULL COMMENT 'и°ғеәҰеҷЁе®һдҫӢеҗҚ',
  `fired_time` bigint NOT NULL COMMENT 'и§ҰеҸ‘зҡ„ж—¶й—ҙ',
  `sched_time` bigint NOT NULL COMMENT 'е®ҡж—¶еҷЁеҲ¶е®ҡзҡ„ж—¶й—ҙ',
  `priority` int NOT NULL COMMENT 'дјҳе…Ҳзә§',
  `state` varchar(16) CHARACTER SET utf8mb4 COLLATE utf8mb4_general_ci NOT NULL COMMENT 'зҠ¶жҖҒ',
  `job_name` varchar(200) CHARACTER SET utf8mb4 COLLATE utf8mb4_general_ci DEFAULT NULL COMMENT 'д»»еҠЎеҗҚз§°',
  `job_group` varchar(200) CHARACTER SET utf8mb4 COLLATE utf8mb4_general_ci DEFAULT NULL COMMENT 'д»»еҠЎз»„еҗҚ',
  `is_nonconcurrent` varchar(1) CHARACTER SET utf8mb4 COLLATE utf8mb4_general_ci DEFAULT NULL COMMENT 'жҳҜеҗҰе№¶еҸ‘',
  `requests_recovery` varchar(1) CHARACTER SET utf8mb4 COLLATE utf8mb4_general_ci DEFAULT NULL COMMENT 'жҳҜеҗҰжҺҘеҸ—жҒўеӨҚжү§иЎҢ',
  PRIMARY KEY (`sched_name`,`entry_id`)
) ENGINE=InnoDB DEFAULT CHARSET=utf8mb4 COLLATE=utf8mb4_general_ci COMMENT='е·Іи§ҰеҸ‘зҡ„и§ҰеҸ‘еҷЁиЎЁ';



# иҪ¬еӮЁиЎЁ qrtz_job_details
# ------------------------------------------------------------

DROP TABLE IF EXISTS `qrtz_job_details`;

CREATE TABLE `qrtz_job_details` (
  `sched_name` varchar(120) CHARACTER SET utf8mb4 COLLATE utf8mb4_general_ci NOT NULL COMMENT 'и°ғеәҰеҗҚз§°',
  `job_name` varchar(200) CHARACTER SET utf8mb4 COLLATE utf8mb4_general_ci NOT NULL COMMENT 'д»»еҠЎеҗҚз§°',
  `job_group` varchar(200) CHARACTER SET utf8mb4 COLLATE utf8mb4_general_ci NOT NULL COMMENT 'д»»еҠЎз»„еҗҚ',
  `description` varchar(250) CHARACTER SET utf8mb4 COLLATE utf8mb4_general_ci DEFAULT NULL COMMENT 'зӣёе…ід»Ӣз»Қ',
  `job_class_name` varchar(250) CHARACTER SET utf8mb4 COLLATE utf8mb4_general_ci NOT NULL COMMENT 'жү§иЎҢд»»еҠЎзұ»еҗҚз§°',
  `is_durable` varchar(1) CHARACTER SET utf8mb4 COLLATE utf8mb4_general_ci NOT NULL COMMENT 'жҳҜеҗҰжҢҒд№…еҢ–',
  `is_nonconcurrent` varchar(1) CHARACTER SET utf8mb4 COLLATE utf8mb4_general_ci NOT NULL COMMENT 'жҳҜеҗҰе№¶еҸ‘',
  `is_update_data` varchar(1) CHARACTER SET utf8mb4 COLLATE utf8mb4_general_ci NOT NULL COMMENT 'жҳҜеҗҰжӣҙж–°ж•°жҚ®',
  `requests_recovery` varchar(1) CHARACTER SET utf8mb4 COLLATE utf8mb4_general_ci NOT NULL COMMENT 'жҳҜеҗҰжҺҘеҸ—жҒўеӨҚжү§иЎҢ',
  `job_data` blob COMMENT 'еӯҳж”ҫжҢҒд№…еҢ–jobеҜ№иұЎ',
  PRIMARY KEY (`sched_name`,`job_name`,`job_group`)
) ENGINE=InnoDB DEFAULT CHARSET=utf8mb4 COLLATE=utf8mb4_general_ci COMMENT='д»»еҠЎиҜҰз»ҶдҝЎжҒҜиЎЁ';



# иҪ¬еӮЁиЎЁ qrtz_locks
# ------------------------------------------------------------

DROP TABLE IF EXISTS `qrtz_locks`;

CREATE TABLE `qrtz_locks` (
  `sched_name` varchar(120) CHARACTER SET utf8mb4 COLLATE utf8mb4_general_ci NOT NULL COMMENT 'и°ғеәҰеҗҚз§°',
  `lock_name` varchar(40) CHARACTER SET utf8mb4 COLLATE utf8mb4_general_ci NOT NULL COMMENT 'жӮІи§Ӯй”ҒеҗҚз§°',
  PRIMARY KEY (`sched_name`,`lock_name`)
) ENGINE=InnoDB DEFAULT CHARSET=utf8mb4 COLLATE=utf8mb4_general_ci COMMENT='еӯҳеӮЁзҡ„жӮІи§Ӯй”ҒдҝЎжҒҜиЎЁ';



# иҪ¬еӮЁиЎЁ qrtz_paused_trigger_grps
# ------------------------------------------------------------

DROP TABLE IF EXISTS `qrtz_paused_trigger_grps`;

CREATE TABLE `qrtz_paused_trigger_grps` (
  `sched_name` varchar(120) CHARACTER SET utf8mb4 COLLATE utf8mb4_general_ci NOT NULL COMMENT 'и°ғеәҰеҗҚз§°',
  `trigger_group` varchar(200) CHARACTER SET utf8mb4 COLLATE utf8mb4_general_ci NOT NULL COMMENT 'qrtz_triggersиЎЁtrigger_groupзҡ„еӨ–й”®',
  PRIMARY KEY (`sched_name`,`trigger_group`)
) ENGINE=InnoDB DEFAULT CHARSET=utf8mb4 COLLATE=utf8mb4_general_ci COMMENT='жҡӮеҒңзҡ„и§ҰеҸ‘еҷЁиЎЁ';



# иҪ¬еӮЁиЎЁ qrtz_scheduler_state
# ------------------------------------------------------------

DROP TABLE IF EXISTS `qrtz_scheduler_state`;

CREATE TABLE `qrtz_scheduler_state` (
  `sched_name` varchar(120) CHARACTER SET utf8mb4 COLLATE utf8mb4_general_ci NOT NULL COMMENT 'и°ғеәҰеҗҚз§°',
  `instance_name` varchar(200) CHARACTER SET utf8mb4 COLLATE utf8mb4_general_ci NOT NULL COMMENT 'е®һдҫӢеҗҚз§°',
  `last_checkin_time` bigint NOT NULL COMMENT 'дёҠж¬ЎжЈҖжҹҘж—¶й—ҙ',
  `checkin_interval` bigint NOT NULL COMMENT 'жЈҖжҹҘй—ҙйҡ”ж—¶й—ҙ',
  PRIMARY KEY (`sched_name`,`instance_name`)
) ENGINE=InnoDB DEFAULT CHARSET=utf8mb4 COLLATE=utf8mb4_general_ci COMMENT='и°ғеәҰеҷЁзҠ¶жҖҒиЎЁ';



# иҪ¬еӮЁиЎЁ qrtz_simple_triggers
# ------------------------------------------------------------

DROP TABLE IF EXISTS `qrtz_simple_triggers`;

CREATE TABLE `qrtz_simple_triggers` (
  `sched_name` varchar(120) CHARACTER SET utf8mb4 COLLATE utf8mb4_general_ci NOT NULL COMMENT 'и°ғеәҰеҗҚз§°',
  `trigger_name` varchar(200) CHARACTER SET utf8mb4 COLLATE utf8mb4_general_ci NOT NULL COMMENT 'qrtz_triggersиЎЁtrigger_nameзҡ„еӨ–й”®',
  `trigger_group` varchar(200) CHARACTER SET utf8mb4 COLLATE utf8mb4_general_ci NOT NULL COMMENT 'qrtz_triggersиЎЁtrigger_groupзҡ„еӨ–й”®',
  `repeat_count` bigint NOT NULL COMMENT 'йҮҚеӨҚзҡ„ж¬Ўж•°з»ҹи®Ў',
  `repeat_interval` bigint NOT NULL COMMENT 'йҮҚеӨҚзҡ„й—ҙйҡ”ж—¶й—ҙ',
  `times_triggered` bigint NOT NULL COMMENT 'е·Із»Ҹи§ҰеҸ‘зҡ„ж¬Ўж•°',
  PRIMARY KEY (`sched_name`,`trigger_name`,`trigger_group`),
  CONSTRAINT `qrtz_simple_triggers_ibfk_1` FOREIGN KEY (`sched_name`, `trigger_name`, `trigger_group`) REFERENCES `qrtz_triggers` (`sched_name`, `trigger_name`, `trigger_group`)
) ENGINE=InnoDB DEFAULT CHARSET=utf8mb4 COLLATE=utf8mb4_general_ci COMMENT='з®ҖеҚ•и§ҰеҸ‘еҷЁзҡ„дҝЎжҒҜиЎЁ';



# иҪ¬еӮЁиЎЁ qrtz_simprop_triggers
# ------------------------------------------------------------

DROP TABLE IF EXISTS `qrtz_simprop_triggers`;

CREATE TABLE `qrtz_simprop_triggers` (
  `sched_name` varchar(120) CHARACTER SET utf8mb4 COLLATE utf8mb4_general_ci NOT NULL COMMENT 'и°ғеәҰеҗҚз§°',
  `trigger_name` varchar(200) CHARACTER SET utf8mb4 COLLATE utf8mb4_general_ci NOT NULL COMMENT 'qrtz_triggersиЎЁtrigger_nameзҡ„еӨ–й”®',
  `trigger_group` varchar(200) CHARACTER SET utf8mb4 COLLATE utf8mb4_general_ci NOT NULL COMMENT 'qrtz_triggersиЎЁtrigger_groupзҡ„еӨ–й”®',
  `str_prop_1` varchar(512) CHARACTER SET utf8mb4 COLLATE utf8mb4_general_ci DEFAULT NULL COMMENT 'Stringзұ»еһӢзҡ„triggerзҡ„з¬¬дёҖдёӘеҸӮж•°',
  `str_prop_2` varchar(512) CHARACTER SET utf8mb4 COLLATE utf8mb4_general_ci DEFAULT NULL COMMENT 'Stringзұ»еһӢзҡ„triggerзҡ„з¬¬дәҢдёӘеҸӮж•°',
  `str_prop_3` varchar(512) CHARACTER SET utf8mb4 COLLATE utf8mb4_general_ci DEFAULT NULL COMMENT 'Stringзұ»еһӢзҡ„triggerзҡ„з¬¬дёүдёӘеҸӮж•°',
  `int_prop_1` int DEFAULT NULL COMMENT 'intзұ»еһӢзҡ„triggerзҡ„з¬¬дёҖдёӘеҸӮж•°',
  `int_prop_2` int DEFAULT NULL COMMENT 'intзұ»еһӢзҡ„triggerзҡ„з¬¬дәҢдёӘеҸӮж•°',
  `long_prop_1` bigint DEFAULT NULL COMMENT 'longзұ»еһӢзҡ„triggerзҡ„з¬¬дёҖдёӘеҸӮж•°',
  `long_prop_2` bigint DEFAULT NULL COMMENT 'longзұ»еһӢзҡ„triggerзҡ„з¬¬дәҢдёӘеҸӮж•°',
  `dec_prop_1` decimal(13,4) DEFAULT NULL COMMENT 'decimalзұ»еһӢзҡ„triggerзҡ„з¬¬дёҖдёӘеҸӮж•°',
  `dec_prop_2` decimal(13,4) DEFAULT NULL COMMENT 'decimalзұ»еһӢзҡ„triggerзҡ„з¬¬дәҢдёӘеҸӮж•°',
  `bool_prop_1` varchar(1) CHARACTER SET utf8mb4 COLLATE utf8mb4_general_ci DEFAULT NULL COMMENT 'Booleanзұ»еһӢзҡ„triggerзҡ„з¬¬дёҖдёӘеҸӮж•°',
  `bool_prop_2` varchar(1) CHARACTER SET utf8mb4 COLLATE utf8mb4_general_ci DEFAULT NULL COMMENT 'Booleanзұ»еһӢзҡ„triggerзҡ„з¬¬дәҢдёӘеҸӮж•°',
  PRIMARY KEY (`sched_name`,`trigger_name`,`trigger_group`),
  CONSTRAINT `qrtz_simprop_triggers_ibfk_1` FOREIGN KEY (`sched_name`, `trigger_name`, `trigger_group`) REFERENCES `qrtz_triggers` (`sched_name`, `trigger_name`, `trigger_group`)
) ENGINE=InnoDB DEFAULT CHARSET=utf8mb4 COLLATE=utf8mb4_general_ci COMMENT='еҗҢжӯҘжңәеҲ¶зҡ„иЎҢй”ҒиЎЁ';



# иҪ¬еӮЁиЎЁ qrtz_triggers
# ------------------------------------------------------------

DROP TABLE IF EXISTS `qrtz_triggers`;

CREATE TABLE `qrtz_triggers` (
  `sched_name` varchar(120) CHARACTER SET utf8mb4 COLLATE utf8mb4_general_ci NOT NULL COMMENT 'и°ғеәҰеҗҚз§°',
  `trigger_name` varchar(200) CHARACTER SET utf8mb4 COLLATE utf8mb4_general_ci NOT NULL COMMENT 'и§ҰеҸ‘еҷЁзҡ„еҗҚеӯ—',
  `trigger_group` varchar(200) CHARACTER SET utf8mb4 COLLATE utf8mb4_general_ci NOT NULL COMMENT 'и§ҰеҸ‘еҷЁжүҖеұһз»„зҡ„еҗҚеӯ—',
  `job_name` varchar(200) CHARACTER SET utf8mb4 COLLATE utf8mb4_general_ci NOT NULL COMMENT 'qrtz_job_detailsиЎЁjob_nameзҡ„еӨ–й”®',
  `job_group` varchar(200) CHARACTER SET utf8mb4 COLLATE utf8mb4_general_ci NOT NULL COMMENT 'qrtz_job_detailsиЎЁjob_groupзҡ„еӨ–й”®',
  `description` varchar(250) CHARACTER SET utf8mb4 COLLATE utf8mb4_general_ci DEFAULT NULL COMMENT 'зӣёе…ід»Ӣз»Қ',
  `next_fire_time` bigint DEFAULT NULL COMMENT 'дёҠдёҖж¬Ўи§ҰеҸ‘ж—¶й—ҙпјҲжҜ«з§’пјү',
  `prev_fire_time` bigint DEFAULT NULL COMMENT 'дёӢдёҖж¬Ўи§ҰеҸ‘ж—¶й—ҙпјҲй»ҳи®Өдёә-1иЎЁзӨәдёҚи§ҰеҸ‘пјү',
  `priority` int DEFAULT NULL COMMENT 'дјҳе…Ҳзә§',
  `trigger_state` varchar(16) CHARACTER SET utf8mb4 COLLATE utf8mb4_general_ci NOT NULL COMMENT 'и§ҰеҸ‘еҷЁзҠ¶жҖҒ',
  `trigger_type` varchar(8) CHARACTER SET utf8mb4 COLLATE utf8mb4_general_ci NOT NULL COMMENT 'и§ҰеҸ‘еҷЁзҡ„зұ»еһӢ',
  `start_time` bigint NOT NULL COMMENT 'ејҖе§Ӣж—¶й—ҙ',
  `end_time` bigint DEFAULT NULL COMMENT 'з»“жқҹж—¶й—ҙ',
  `calendar_name` varchar(200) CHARACTER SET utf8mb4 COLLATE utf8mb4_general_ci DEFAULT NULL COMMENT 'ж—ҘзЁӢиЎЁеҗҚз§°',
  `misfire_instr` smallint DEFAULT NULL COMMENT 'иЎҘеҒҝжү§иЎҢзҡ„зӯ–з•Ҙ',
  `job_data` blob COMMENT 'еӯҳж”ҫжҢҒд№…еҢ–jobеҜ№иұЎ',
  PRIMARY KEY (`sched_name`,`trigger_name`,`trigger_group`),
  KEY `sched_name` (`sched_name`,`job_name`,`job_group`),
  CONSTRAINT `qrtz_triggers_ibfk_1` FOREIGN KEY (`sched_name`, `job_name`, `job_group`) REFERENCES `qrtz_job_details` (`sched_name`, `job_name`, `job_group`)
) ENGINE=InnoDB DEFAULT CHARSET=utf8mb4 COLLATE=utf8mb4_general_ci COMMENT='и§ҰеҸ‘еҷЁиҜҰз»ҶдҝЎжҒҜиЎЁ';



# иҪ¬еӮЁиЎЁ refund_record
# ------------------------------------------------------------

DROP TABLE IF EXISTS `refund_record`;

CREATE TABLE `refund_record` (
  `refund_id` bigint NOT NULL AUTO_INCREMENT COMMENT 'йҖҖж¬ҫи®°еҪ•ID',
  `refund_no` varchar(50) NOT NULL COMMENT 'йҖҖж¬ҫеҚ•еҸ·',
  `order_id` bigint NOT NULL COMMENT 'и®ўеҚ•ID',
  `payment_id` bigint NOT NULL COMMENT 'ж”Ҝд»ҳи®°еҪ•ID',
  `elder_id` bigint NOT NULL COMMENT 'иҖҒдәәID',
  `institution_id` bigint NOT NULL COMMENT 'жңәжһ„ID',
  `refund_amount` decimal(10,2) NOT NULL COMMENT 'йҖҖж¬ҫйҮ‘йўқ(е…ғ)',
  `refund_reason` varchar(500) DEFAULT NULL COMMENT 'йҖҖж¬ҫеҺҹеӣ ',
  `refund_status` char(1) DEFAULT '0' COMMENT 'йҖҖж¬ҫзҠ¶жҖҒ(0з”іиҜ·дёӯ 1е·ІйҖҖж¬ҫ 2е·ІжӢ’з»қ)',
  `refund_method` varchar(50) DEFAULT NULL COMMENT 'йҖҖж¬ҫж–№ејҸ',
  `refund_time` datetime DEFAULT NULL COMMENT 'йҖҖж¬ҫж—¶й—ҙ',
  `approver` varchar(50) DEFAULT NULL COMMENT 'е®Ўжү№дәә',
  `approve_time` datetime DEFAULT NULL COMMENT 'е®Ўжү№ж—¶й—ҙ',
  `approve_remark` varchar(500) DEFAULT NULL COMMENT 'е®Ўжү№ж„Ҹи§Ғ',
  `create_by` varchar(64) DEFAULT '' COMMENT 'еҲӣе»әиҖ…',
  `create_time` datetime DEFAULT NULL COMMENT 'еҲӣе»әж—¶й—ҙ',
  `update_by` varchar(64) DEFAULT '' COMMENT 'жӣҙж–°иҖ…',
  `update_time` datetime DEFAULT NULL COMMENT 'жӣҙж–°ж—¶й—ҙ',
  `service_refund_amount` decimal(10,2) DEFAULT '0.00' COMMENT 'жңҚеҠЎиҙ№йҖҖж¬ҫйҮ‘йўқ',
  `deposit_refund_amount` decimal(10,2) DEFAULT '0.00' COMMENT 'жҠјйҮ‘йҖҖж¬ҫйҮ‘йўқ',
  `member_refund_amount` decimal(10,2) DEFAULT '0.00' COMMENT 'дјҡе‘ҳиҙ№йҖҖж¬ҫйҮ‘йўқ',
  `refund_desc` varchar(500) DEFAULT NULL COMMENT 'йҖҖж¬ҫиҜҙжҳҺ',
  `evidence_images` longtext COMMENT 'дёҠдј еҮӯиҜҒпјҲJSONж•°з»„пјү',
  PRIMARY KEY (`refund_id`),
  UNIQUE KEY `uk_refund_no` (`refund_no`),
  KEY `idx_order_id` (`order_id`),
  KEY `idx_payment_id` (`payment_id`),
  KEY `idx_elder_id` (`elder_id`),
  KEY `idx_refund_status` (`refund_status`)
) ENGINE=InnoDB AUTO_INCREMENT=4 DEFAULT CHARSET=utf8mb4 COLLATE=utf8mb4_0900_ai_ci COMMENT='йҖҖж¬ҫи®°еҪ•иЎЁ';



# иҪ¬еӮЁиЎЁ release_supervision
# ------------------------------------------------------------

DROP TABLE IF EXISTS `release_supervision`;

CREATE TABLE `release_supervision` (
  `release_id` bigint NOT NULL AUTO_INCREMENT COMMENT 'и§ЈйҷӨзӣ‘з®Ўз”іиҜ·ID',
  `apply_no` varchar(50) DEFAULT NULL COMMENT 'з”іиҜ·зј–еҸ·',
  `institution_id` bigint DEFAULT NULL COMMENT 'жңәжһ„ID',
  `institution_name` varchar(100) DEFAULT NULL COMMENT 'жңәжһ„еҗҚз§°',
  `credit_code` varchar(50) DEFAULT NULL COMMENT 'з»ҹдёҖдҝЎз”Ёд»Јз Ғ',
  `legal_person` varchar(50) DEFAULT NULL COMMENT 'жі•е®ҡд»ЈиЎЁдәә',
  `contact_person` varchar(50) DEFAULT NULL COMMENT 'иҒ”зі»дәә',
  `contact_phone` varchar(20) DEFAULT NULL COMMENT 'иҒ”зі»з”өиҜқ',
  `release_reason` varchar(500) DEFAULT NULL COMMENT 'и§ЈйҷӨеҺҹеӣ ',
  `supervision_balance` decimal(15,2) DEFAULT NULL COMMENT 'зӣ‘з®ЎиҙҰжҲ·жҖ»дҪҷйўқ',
  `service_fee_balance` decimal(15,2) DEFAULT NULL COMMENT 'йў„ж”¶жңҚеҠЎиҙ№дҪҷйўқ',
  `deposit_balance` decimal(15,2) DEFAULT NULL COMMENT 'йў„ж”¶жҠјйҮ‘дҪҷйўқ',
  `member_fee_balance` decimal(15,2) DEFAULT NULL COMMENT 'йў„ж”¶дјҡе‘ҳиҙ№дҪҷйўқ',
  `supervision_bank` varchar(100) DEFAULT NULL COMMENT 'зӣ‘з®ЎејҖжҲ·й“¶иЎҢ',
  `supervision_account` varchar(50) DEFAULT NULL COMMENT 'зӣ‘з®ЎиҙҰеҸ·',
  `basic_bank` varchar(100) DEFAULT NULL COMMENT 'еҹәжң¬иҙҰжҲ·й“¶иЎҢ',
  `basic_account` varchar(50) DEFAULT NULL COMMENT 'еҹәжң¬иҙҰеҸ·',
  `apply_status` char(1) DEFAULT '0' COMMENT 'з”іиҜ·зҠ¶жҖҒпјҲ0еҫ…е®Ўжү№ 1е·Іжү№еҮҶ 2е·Ій©іеӣһпјү',
  `apply_time` datetime DEFAULT NULL COMMENT 'з”іиҜ·ж—¶й—ҙ',
  `approver` varchar(50) DEFAULT NULL COMMENT 'е®Ўжү№дәә',
  `approve_time` datetime DEFAULT NULL COMMENT 'е®Ўжү№ж—¶й—ҙ',
  `approve_remark` varchar(500) DEFAULT NULL COMMENT 'е®Ўжү№ж„Ҹи§Ғ',
  `reject_reason` varchar(500) DEFAULT NULL COMMENT 'й©іеӣһеҺҹеӣ ',
  `create_time` datetime DEFAULT NULL COMMENT 'еҲӣе»әж—¶й—ҙ',
  `update_time` datetime DEFAULT NULL COMMENT 'жӣҙж–°ж—¶й—ҙ',
  PRIMARY KEY (`release_id`),
  KEY `idx_institution_id` (`institution_id`),
  KEY `idx_apply_status` (`apply_status`),
  KEY `idx_apply_time` (`apply_time`)
) ENGINE=InnoDB AUTO_INCREMENT=12 DEFAULT CHARSET=utf8mb4 COLLATE=utf8mb4_0900_ai_ci COMMENT='жңәжһ„и§ЈйҷӨзӣ‘з®Ўз”іиҜ·иЎЁ';

LOCK TABLES `release_supervision` WRITE;
/*!40000 ALTER TABLE `release_supervision` DISABLE KEYS */;

INSERT INTO `release_supervision` (`release_id`, `apply_no`, `institution_id`, `institution_name`, `credit_code`, `legal_person`, `contact_person`, `contact_phone`, `release_reason`, `supervision_balance`, `service_fee_balance`, `deposit_balance`, `member_fee_balance`, `supervision_bank`, `supervision_account`, `basic_bank`, `basic_account`, `apply_status`, `apply_time`, `approver`, `approve_time`, `approve_remark`, `reject_reason`, `create_time`, `update_time`)
VALUES
	(7,'REL1770129098523',36,'йғ‘е·һй«ҳж–°е…»иҖҒйӣҶеӣўз‘һиҫҫи·ҜеӣӯеҢә','91410100MA45TE2X81',NULL,'йҷҲжҷЁ','18767898765','еҸҜжҙҒеҸҜеҮҖ',NULL,NULL,NULL,NULL,'йғ‘е·һй“¶иЎҢй«ҳж–°еҢәж”ҜиЎҢ','619898889976','йғ‘е·һй“¶иЎҢй«ҳж–°еҢәж”ҜиЎҢ','61897876544','2','2026-02-03 22:31:39','admin','2026-02-03 22:40:32',NULL,'е°Ҫеҝ«е°Ҫеҝ«','2026-02-03 22:31:39','2026-02-03 22:40:32'),
	(8,'REL1770129671437',36,'йғ‘е·һй«ҳж–°е…»иҖҒйӣҶеӣўз‘һиҫҫи·ҜеӣӯеҢә','91410100MA45TE2X81',NULL,'йҷҲжҷЁ','18767898765','UIUI',NULL,NULL,NULL,NULL,'йғ‘е·һй“¶иЎҢй«ҳж–°еҢәж”ҜиЎҢ','619898889976','йғ‘е·һй“¶иЎҢй«ҳж–°еҢәж”ҜиЎҢ','61897876544','2','2026-02-03 22:41:11','admin','2026-02-03 22:50:10',NULL,'йҹ©зәўеҹәйҮ‘дјҡ','2026-02-03 22:41:11','2026-02-03 22:50:10'),
	(9,'REL1770130230306',36,'йғ‘е·һй«ҳж–°е…»иҖҒйӣҶеӣўз‘һиҫҫи·ҜеӣӯеҢә','91410100MA45TE2X81',NULL,'йҷҲжҷЁ','18767898765','iеҮ UI',NULL,NULL,NULL,NULL,'йғ‘е·һй“¶иЎҢй«ҳж–°еҢәж”ҜиЎҢ','619898889976','йғ‘е·һй“¶иЎҢй«ҳж–°еҢәж”ҜиЎҢ','61897876544','2','2026-02-03 22:50:30','admin','2026-02-03 22:52:35',NULL,' жҳҜеҗҰ','2026-02-03 22:50:30','2026-02-03 22:52:35'),
	(10,'REL1770130505337',36,'йғ‘е·һй«ҳж–°е…»иҖҒйӣҶеӣўз‘һиҫҫи·ҜеӣӯеҢә','91410100MA45TE2X81',NULL,'йҷҲжҷЁ','18767898765','AS ',NULL,NULL,NULL,NULL,'йғ‘е·һй“¶иЎҢй«ҳж–°еҢәж”ҜиЎҢ','619898889976','йғ‘е·һй“¶иЎҢй«ҳж–°еҢәж”ҜиЎҢ','61897876544','2','2026-02-03 22:55:05','admin','2026-02-03 23:01:37',NULL,'JHJ','2026-02-03 22:55:05','2026-02-03 23:01:37'),
	(11,'REL1770130922890',36,'йғ‘е·һй«ҳж–°е…»иҖҒйӣҶеӣўз‘һиҫҫи·ҜеӣӯеҢә','91410100MA45TE2X81',NULL,'йҷҲжҷЁ','18767898765','JJKHK',NULL,NULL,NULL,NULL,'йғ‘е·һй“¶иЎҢй«ҳж–°еҢәж”ҜиЎҢ','619898889976','йғ‘е·һй“¶иЎҢй«ҳж–°еҢәж”ҜиЎҢ','61897876544','1','2026-02-03 23:02:03','admin','2026-02-04 00:04:53','tg',NULL,'2026-02-03 23:02:03','2026-02-04 00:04:53');

/*!40000 ALTER TABLE `release_supervision` ENABLE KEYS */;
UNLOCK TABLES;


# иҪ¬еӮЁиЎЁ release_supervision_attach
# ------------------------------------------------------------

DROP TABLE IF EXISTS `release_supervision_attach`;

CREATE TABLE `release_supervision_attach` (
  `attach_id` bigint NOT NULL AUTO_INCREMENT COMMENT 'йҷ„д»¶ID',
  `release_id` bigint NOT NULL COMMENT 'и§ЈйҷӨзӣ‘з®Ўз”іиҜ·ID',
  `file_name` varchar(200) DEFAULT NULL COMMENT 'ж–Үд»¶еҗҚз§°',
  `file_path` varchar(500) DEFAULT NULL COMMENT 'ж–Үд»¶и·Ҝеҫ„',
  `file_size` bigint DEFAULT NULL COMMENT 'ж–Үд»¶еӨ§е°Ҹ(еӯ—иҠӮ)',
  `upload_time` datetime DEFAULT CURRENT_TIMESTAMP COMMENT 'дёҠдј ж—¶й—ҙ',
  `create_by` varchar(64) DEFAULT '' COMMENT 'еҲӣе»әиҖ…',
  PRIMARY KEY (`attach_id`),
  KEY `idx_release_id` (`release_id`)
) ENGINE=InnoDB AUTO_INCREMENT=4 DEFAULT CHARSET=utf8mb4 COLLATE=utf8mb4_0900_ai_ci COMMENT='и§ЈйҷӨзӣ‘з®Ўз”іиҜ·йҷ„д»¶иЎЁ';

LOCK TABLES `release_supervision_attach` WRITE;
/*!40000 ALTER TABLE `release_supervision_attach` DISABLE KEYS */;

INSERT INTO `release_supervision_attach` (`attach_id`, `release_id`, `file_name`, `file_path`, `file_size`, `upload_time`, `create_by`)
VALUES
	(1,8,'дёӢиҪҪ.png','/profile/upload/2026/02/03/дёӢиҪҪ_20260203224101A001.png',NULL,'2026-02-03 22:41:11',''),
	(2,10,'дёӢиҪҪ.png','/profile/upload/2026/02/03/дёӢиҪҪ_20260203225504A001.png',NULL,'2026-02-03 22:55:05',''),
	(3,11,'дёӢиҪҪ.png','/profile/upload/2026/02/03/дёӢиҪҪ_20260203230201A001.png',NULL,'2026-02-03 23:02:02','');

/*!40000 ALTER TABLE `release_supervision_attach` ENABLE KEYS */;
UNLOCK TABLES;


# иҪ¬еӮЁиЎЁ supervision_account_log
# ------------------------------------------------------------

DROP TABLE IF EXISTS `supervision_account_log`;

CREATE TABLE `supervision_account_log` (
  `log_id` bigint NOT NULL AUTO_INCREMENT COMMENT 'дё»й”®ID',
  `institution_id` bigint NOT NULL COMMENT 'жңәжһ„ID',
  `transaction_no` varchar(50) NOT NULL COMMENT 'дәӨжҳ“жөҒж°ҙеҸ·',
  `transaction_type` varchar(20) NOT NULL COMMENT 'дәӨжҳ“зұ»еһӢ(ж”¶е…Ҙ/ж”ҜеҮә)',
  `amount` decimal(15,2) NOT NULL COMMENT 'дәӨжҳ“йҮ‘йўқ',
  `balance_before` decimal(15,2) DEFAULT NULL COMMENT 'дәӨжҳ“еүҚдҪҷйўқ',
  `balance_after` decimal(15,2) DEFAULT NULL COMMENT 'дәӨжҳ“еҗҺдҪҷйўқ',
  `transaction_time` datetime NOT NULL COMMENT 'дәӨжҳ“ж—¶й—ҙ',
  `business_type` varchar(50) DEFAULT NULL COMMENT 'дёҡеҠЎзұ»еһӢ(з”ЁжҲ·ж”Ҝд»ҳ/жҠјйҮ‘еҲ’жӢЁ/йҖҖж¬ҫзӯү)',
  `related_order_id` bigint DEFAULT NULL COMMENT 'е…іиҒ”и®ўеҚ•ID',
  `related_transfer_id` bigint DEFAULT NULL COMMENT 'е…іиҒ”еҲ’жӢЁID',
  `business_desc` varchar(500) DEFAULT NULL COMMENT 'дёҡеҠЎжҸҸиҝ°',
  `counterparty` varchar(100) DEFAULT NULL COMMENT 'дәӨжҳ“еҜ№жүӢ',
  `operator` varchar(64) DEFAULT NULL COMMENT 'ж“ҚдҪңдәә',
  `create_time` datetime DEFAULT NULL COMMENT 'еҲӣе»әж—¶й—ҙ',
  PRIMARY KEY (`log_id`),
  UNIQUE KEY `uk_transaction_no` (`transaction_no`),
  KEY `idx_institution_id` (`institution_id`),
  KEY `idx_transaction_time` (`transaction_time`),
  KEY `idx_business_type` (`business_type`)
) ENGINE=InnoDB AUTO_INCREMENT=54 DEFAULT CHARSET=utf8mb4 COLLATE=utf8mb4_0900_ai_ci COMMENT='зӣ‘з®ЎиҙҰжҲ·жөҒж°ҙиЎЁ';

LOCK TABLES `supervision_account_log` WRITE;
/*!40000 ALTER TABLE `supervision_account_log` DISABLE KEYS */;

INSERT INTO `supervision_account_log` (`log_id`, `institution_id`, `transaction_no`, `transaction_type`, `amount`, `balance_before`, `balance_after`, `transaction_time`, `business_type`, `related_order_id`, `related_transfer_id`, `business_desc`, `counterparty`, `operator`, `create_time`)
VALUES
	(49,36,'LSH202602030202014038','ж”¶е…Ҙ',16500.00,0.00,16500.00,'2026-02-03 02:02:01','з”ЁжҲ·ж”Ҝд»ҳ',97,NULL,'з”ЁжҲ·ж”Ҝд»ҳи®ўеҚ•-е“Ҳе“Ҳ','130','зі»з»ҹ','2026-02-03 02:02:01'),
	(50,36,'LSH202602030202018704','ж”ҜеҮә',500.00,16500.00,16000.00,'2026-02-03 02:02:01','жҠјйҮ‘еҲ’жӢЁ',NULL,97,'йҰ–жңҲжңҚеҠЎиҙ№еҲ’жӢЁ-ORD1770055245749','еҹәжң¬иҙҰжҲ·','зі»з»ҹ','2026-02-03 02:02:01'),
	(51,36,'LSH202602030246453855','ж”¶е…Ҙ',20000.00,16000.00,36000.00,'2026-02-03 02:46:45','з”ЁжҲ·ж”Ҝд»ҳ',98,NULL,'з”ЁжҲ·ж”Ҝд»ҳи®ўеҚ•-еҳҝеҳҝ','130','зі»з»ҹ','2026-02-03 02:46:45'),
	(52,36,'LSH202602030246453459','ж”ҜеҮә',900.00,36000.00,35100.00,'2026-02-03 02:46:45','жҠјйҮ‘еҲ’жӢЁ',NULL,98,'йҰ–жңҲжңҚеҠЎиҙ№еҲ’жӢЁ-ORD1770057960126','еҹәжң¬иҙҰжҲ·','зі»з»ҹ','2026-02-03 02:46:45'),
	(53,36,'LSH202602040004524157','ж”ҜеҮә',35100.00,35100.00,0.00,'2026-02-04 00:04:53','жҠјйҮ‘еҲ’жӢЁ',NULL,11,'и§ЈйҷӨзӣ‘з®ЎеҲ’жӢЁ-REL1770130922890','еҹәжң¬иҙҰжҲ·','зі»з»ҹ','2026-02-04 00:04:53');

/*!40000 ALTER TABLE `supervision_account_log` ENABLE KEYS */;
UNLOCK TABLES;


# иҪ¬еӮЁиЎЁ supervision_warning
# ------------------------------------------------------------

DROP TABLE IF EXISTS `supervision_warning`;

CREATE TABLE `supervision_warning` (
  `warning_id` bigint NOT NULL AUTO_INCREMENT COMMENT 'йў„иӯҰID',
  `warning_no` varchar(50) NOT NULL COMMENT 'йў„иӯҰзј–еҸ·',
  `institution_id` bigint NOT NULL COMMENT 'жңәжһ„ID',
  `institution_name` varchar(200) DEFAULT NULL COMMENT 'жңәжһ„еҗҚз§°пјҲеҶ—дҪҷпјү',
  `warning_type` varchar(10) NOT NULL COMMENT 'йў„иӯҰзұ»еһӢ: 1-йў„ж”¶иҙ№з”Ёи¶…йўқ 2-жҠјйҮ‘и¶…йўқ 3-е…ҘдҪҸдәәж•°и¶…йўқ 4-йў„ж”¶жҖ»йўқи¶…йўқ 5-йЈҺйҷ©дҝқиҜҒйҮ‘и¶…дҪҺ 6-еӨ§йўқж”ҜеҮә 7-дәӨжҳ“еҜ№ж–№йЈҺйҷ©',
  `warning_content` varchar(500) DEFAULT NULL COMMENT 'йў„иӯҰеҶ…е®№',
  `warning_level` varchar(10) DEFAULT 'дёӯ' COMMENT 'йў„иӯҰзә§еҲ«: й«ҳ/дёӯ/дҪҺ',
  `warning_status` char(1) DEFAULT '0' COMMENT 'йў„иӯҰзҠ¶жҖҒ: 0-еҫ…еӨ„зҗҶ 1-е·ІеӨ„зҗҶ',
  `contact_person` varchar(50) DEFAULT NULL COMMENT 'жңәжһ„иҒ”зі»дәә',
  `contact_phone` varchar(20) DEFAULT NULL COMMENT 'жңәжһ„иҒ”зі»з”өиҜқ',
  `handler` varchar(64) DEFAULT NULL COMMENT 'еӨ„зҗҶдәә',
  `handle_time` datetime DEFAULT NULL COMMENT 'еӨ„зҗҶж—¶й—ҙ',
  `handle_remark` varchar(500) DEFAULT NULL COMMENT 'еӨ„зҗҶеӨҮжіЁ',
  `is_notified` char(1) DEFAULT '0' COMMENT 'жҳҜеҗҰе·ІйҖҡзҹҘ: 0-еҗҰ 1-жҳҜ',
  `notify_time` datetime DEFAULT NULL COMMENT 'йҖҡзҹҘж—¶й—ҙ',
  `remark` varchar(500) DEFAULT NULL COMMENT 'еӨҮжіЁ',
  `create_by` varchar(64) DEFAULT '' COMMENT 'еҲӣе»әиҖ…',
  `create_time` datetime DEFAULT CURRENT_TIMESTAMP COMMENT 'еҲӣе»әж—¶й—ҙ',
  `update_by` varchar(64) DEFAULT '' COMMENT 'жӣҙж–°иҖ…',
  `update_time` datetime DEFAULT CURRENT_TIMESTAMP ON UPDATE CURRENT_TIMESTAMP COMMENT 'жӣҙж–°ж—¶й—ҙ',
  PRIMARY KEY (`warning_id`),
  UNIQUE KEY `warning_no` (`warning_no`),
  KEY `idx_institution` (`institution_id`),
  KEY `idx_type` (`warning_type`),
  KEY `idx_status` (`warning_status`),
  KEY `idx_create_time` (`create_time`)
) ENGINE=InnoDB AUTO_INCREMENT=58 DEFAULT CHARSET=utf8mb4 COLLATE=utf8mb4_0900_ai_ci COMMENT='йў„иӯҰдҝЎжҒҜиЎЁ';

LOCK TABLES `supervision_warning` WRITE;
/*!40000 ALTER TABLE `supervision_warning` DISABLE KEYS */;

INSERT INTO `supervision_warning` (`warning_id`, `warning_no`, `institution_id`, `institution_name`, `warning_type`, `warning_content`, `warning_level`, `warning_status`, `contact_person`, `contact_phone`, `handler`, `handle_time`, `handle_remark`, `is_notified`, `notify_time`, `remark`, `create_by`, `create_time`, `update_by`, `update_time`)
VALUES
	(1,'YJ20250203001',1,'е№ёзҰҸе…»иҖҒйҷў','1','йў„ж”¶иҙ№з”Ёи¶…йўқпјҡжқҺеҘ¶еҘ¶йў„ж”¶иҙ№50000е…ғи¶…иҝҮжңҲиҙ№з”Ё3000е…ғзҡ„15еҖҚ','й«ҳ','0','еј з»ҸзҗҶ','13800138001',NULL,NULL,NULL,'0',NULL,NULL,'','2026-02-03 15:06:20','','2026-02-03 15:06:20'),
	(2,'YJ20250203002',2,'еӨ•йҳізәўе…¬еҜ“','2','жҠјйҮ‘и¶…йўқпјҡзҺӢзҲ·зҲ·жҠјйҮ‘25000е…ғи¶…иҝҮеәҠдҪҚиҙ№1500е…ғзҡ„12еҖҚ','дёӯ','0','жқҺдё»д»»','13800138002',NULL,NULL,NULL,'0',NULL,NULL,'','2026-02-03 15:06:20','','2026-02-03 15:06:20'),
	(3,'YJ20250203003',3,'еә·д№җе…»иҖҒдёӯеҝғ','3','е…ҘдҪҸдәәж•°и¶…йўқпјҡе®һйҷ…е…ҘдҪҸ215дәәи¶…иҝҮеӨҮжЎҲеәҠдҪҚ200дәә','й«ҳ','0','зҺӢдё»з®Ў','13800138003',NULL,NULL,NULL,'0',NULL,NULL,'','2026-02-03 15:06:20','','2026-02-03 15:06:20'),
	(4,'YJ20250203004',1,'е№ёзҰҸе…»иҖҒйҷў','4','йў„ж”¶жҖ»йўқи¶…йўқпјҡзӣ‘з®ЎиҙҰжҲ·дҪҷйўқ500дёҮи¶…иҝҮеӣәе®ҡиө„дә§еҮҖйўқ300дёҮ','й«ҳ','1','еј з»ҸзҗҶ','13800138001',NULL,NULL,NULL,'0',NULL,NULL,'','2026-02-01 10:00:00','','2026-02-03 15:06:20'),
	(5,'YJ20250203005',2,'еӨ•йҳізәўе…¬еҜ“','6','еӨ§йўқж”ҜеҮәйў„иӯҰпјҡи®ҫеӨҮйҮҮиҙӯж”Ҝд»ҳ500000е…ғи¶…иҝҮйҳҲеҖј50000е…ғ','й«ҳ','0','жқҺдё»д»»','13800138002',NULL,NULL,NULL,'0',NULL,NULL,'','2026-02-03 15:06:20','','2026-02-03 15:06:20'),
	(6,'YJ20260203154858',36,'йғ‘е·һй«ҳж–°е…»иҖҒйӣҶеӣўз‘һиҫҫи·ҜеӣӯеҢә','4','жңәжһ„иҙҰжҲ·жҖ»йўқ35100.00е…ғи¶…иҝҮеӣәе®ҡиө„дә§еҮҖйўқ500.00е…ғзҡ„70.2еҖҚпјҲйҳҲеҖј1еҖҚпјү','й«ҳ','1','йҷҲжҷЁ','18767898765','admin','2026-02-03 15:49:24',NULL,'0',NULL,NULL,'','2026-02-03 15:48:58','','2026-02-03 15:49:24'),
	(14,'YJ20260203160000',36,'йғ‘е·һй«ҳж–°е…»иҖҒйӣҶеӣўз‘һиҫҫи·ҜеӣӯеҢә','4','жңәжһ„иҙҰжҲ·жҖ»йўқ35100.00е…ғи¶…иҝҮеӣәе®ҡиө„дә§еҮҖйўқ500.00е…ғзҡ„70.2еҖҚпјҲйҳҲеҖј1еҖҚпјү','й«ҳ','1','йҷҲжҷЁ','18767898765','admin','2026-02-03 16:28:23',NULL,'0',NULL,NULL,'','2026-02-03 16:00:00','','2026-02-03 16:28:22'),
	(22,'YJ20260203161108',30,'е…ҙзҰҸе…»иҖҒйӣҶеӣўйғ‘е·һиҠұеӣӯи·ҜеӣӯеҢә','5','жңәжһ„иҙҰжҲ·дҪҷйўқ0.00е…ғжҺҘиҝ‘йЈҺйҷ©дҝқиҜҒйҮ‘жңҖдҪҺйўқеәҰ800.00е…ғпјҲ80.0%пјүпјҢеҪ“еүҚжҜ”дҫӢдёә0.0%','й«ҳ','0','йҷҲйЈһйӣЁ','15626963212',NULL,NULL,NULL,'0',NULL,NULL,'','2026-02-03 16:11:08','','2026-02-03 16:11:08'),
	(29,'YJ20260203162559',30,'е…ҙзҰҸе…»иҖҒйӣҶеӣўйғ‘е·һиҠұеӣӯи·ҜеӣӯеҢә','5','жңәжһ„иҙҰжҲ·дҪҷйўқ0.00е…ғжҺҘиҝ‘йЈҺйҷ©дҝқиҜҒйҮ‘жңҖдҪҺйўқеәҰ800.00дёҮе…ғпјҲеӣәе®ҡиө„дә§1000.00дёҮзҡ„80.0%пјүпјҢеҪ“еүҚжҜ”дҫӢдёә0.0%','й«ҳ','0','йҷҲйЈһйӣЁ','15626963212',NULL,NULL,NULL,'0',NULL,NULL,'','2026-02-03 16:25:59','','2026-02-03 16:25:59'),
	(31,'YJ20260203162600',32,'йғ‘е·һеӨ•йҳізәўйӣҶеӣўйҮ‘ж°ҙеҢәеӣӯеҢә','5','жңәжһ„иҙҰжҲ·дҪҷйўқ0.00е…ғжҺҘиҝ‘йЈҺйҷ©дҝқиҜҒйҮ‘жңҖдҪҺйўқеәҰ160.00дёҮе…ғпјҲеӣәе®ҡиө„дә§200.00дёҮзҡ„80.0%пјүпјҢеҪ“еүҚжҜ”дҫӢдёә0.0%','й«ҳ','0','жқЁйҮ‘','18539279011',NULL,NULL,NULL,'0',NULL,NULL,'','2026-02-03 16:26:00','','2026-02-03 16:26:00'),
	(37,'YJ20260203162828',31,'йғ‘е·һеӨ•йҳізәўе…»иҖҒе…¬еҸё','5','жңәжһ„иҙҰжҲ·дҪҷйўқ0.00е…ғжҺҘиҝ‘йЈҺйҷ©дҝқиҜҒйҮ‘жңҖдҪҺйўқеәҰ64.00дёҮе…ғпјҲеӣәе®ҡиө„дә§80.00дёҮзҡ„80.0%пјүпјҢеҪ“еүҚжҜ”дҫӢдёә0.0%','й«ҳ','0','жқЁдҝҠ','13663963477',NULL,NULL,NULL,'0',NULL,NULL,'','2026-02-03 16:28:28','','2026-02-03 16:28:28'),
	(43,'YJ20260203163000',34,'йғ‘е·һеёӮиҲӘз©әжёҜеҢәеә·д№җе…»иҖҒ','5','жңәжһ„иҙҰжҲ·дҪҷйўқ0.00е…ғжҺҘиҝ‘йЈҺйҷ©дҝқиҜҒйҮ‘жңҖдҪҺйўқеәҰ240.00дёҮе…ғпјҲеӣәе®ҡиө„дә§300.00дёҮзҡ„80.0%пјүпјҢеҪ“еүҚжҜ”дҫӢдёә0.0%','й«ҳ','0','её…еҸҜ','18987657895',NULL,NULL,NULL,'0',NULL,NULL,'','2026-02-03 16:30:00','','2026-02-03 16:30:00'),
	(48,'YJ20260203171611',36,'йғ‘е·һй«ҳж–°е…»иҖҒйӣҶеӣўз‘һиҫҫи·ҜеӣӯеҢә','5','жңәжһ„иҙҰжҲ·дҪҷйўқ35100.00е…ғжҺҘиҝ‘йЈҺйҷ©дҝқиҜҒйҮ‘жңҖдҪҺйўқеәҰ400.00дёҮе…ғпјҲеӣәе®ҡиө„дә§500.00дёҮзҡ„80.0%пјүпјҢеҪ“еүҚжҜ”дҫӢдёә1.0%','й«ҳ','0','йҷҲжҷЁ','18767898765',NULL,NULL,NULL,'0',NULL,NULL,'','2026-02-03 17:16:11','','2026-02-03 17:16:11'),
	(52,'YJ20260203173000',39,'йғ‘е·һй«ҳж–°е…»иҖҒйӣҶеӣў','5','жңәжһ„иҙҰжҲ·дҪҷйўқ0.00е…ғжҺҘиҝ‘йЈҺйҷ©дҝқиҜҒйҮ‘жңҖдҪҺйўқеәҰ800.00дёҮе…ғпјҲеӣәе®ҡиө„дә§1000.00дёҮзҡ„80.0%пјүпјҢеҪ“еүҚжҜ”дҫӢдёә0.0%','й«ҳ','0','жөӢиҜ•','18908765678',NULL,NULL,NULL,'0',NULL,NULL,'','2026-02-03 17:30:00','','2026-02-03 17:30:00'),
	(55,'YJ20260203180000',41,'йғ‘е·һжғ жөҺеҢәе…»иҖҒжҠ•иө„йӣҶеӣў','5','жңәжһ„иҙҰжҲ·дҪҷйўқ0.00е…ғжҺҘиҝ‘йЈҺйҷ©дҝқиҜҒйҮ‘жңҖдҪҺйўқеәҰ400.00дёҮе…ғпјҲеӣәе®ҡиө„дә§500.00дёҮзҡ„80.0%пјүпјҢеҪ“еүҚжҜ”дҫӢдёә0.0%','й«ҳ','0','йҷҲйЈһйЈһ','18678909876',NULL,NULL,NULL,'0',NULL,NULL,'','2026-02-03 18:00:00','','2026-02-03 18:00:00'),
	(57,'YJ20260203183000',42,'жөӢиҜ•жғ жөҺеҢәе…»иҖҒйӣҶеӣў','5','жңәжһ„иҙҰжҲ·дҪҷйўқ0.00е…ғжҺҘиҝ‘йЈҺйҷ©дҝқиҜҒйҮ‘жңҖдҪҺйўқеәҰ40.00дёҮе…ғпјҲеӣәе®ҡиө„дә§50.00дёҮзҡ„80.0%пјүпјҢеҪ“еүҚжҜ”дҫӢдёә0.0%','й«ҳ','0','йҷҲзҡ„','18539279011',NULL,NULL,NULL,'0',NULL,NULL,'','2026-02-03 18:30:00','','2026-02-03 18:30:00');

/*!40000 ALTER TABLE `supervision_warning` ENABLE KEYS */;
UNLOCK TABLES;


# иҪ¬еӮЁиЎЁ sys_banner
# ------------------------------------------------------------

DROP TABLE IF EXISTS `sys_banner`;

CREATE TABLE `sys_banner` (
  `banner_id` bigint NOT NULL AUTO_INCREMENT COMMENT 'е№»зҒҜзүҮID',
  `title` varchar(100) DEFAULT NULL COMMENT 'ж Үйўҳ',
  `image_url` varchar(500) NOT NULL COMMENT 'еӣҫзүҮURL',
  `link_type` char(1) DEFAULT '1' COMMENT 'й“ҫжҺҘзұ»еһӢпјҡ1-жңәжһ„иҜҰжғ… 2-еӨ–йғЁURL',
  `link_value` varchar(200) DEFAULT NULL COMMENT 'й“ҫжҺҘеҖјпјҲжңәжһ„IDжҲ–URLпјү',
  `sort` int DEFAULT '0' COMMENT 'жҺ’еәҸеҸ·',
  `status` char(1) DEFAULT '0' COMMENT 'зҠ¶жҖҒпјҡ0-жӯЈеёё 1-еҒңз”Ё',
  `create_by` varchar(64) DEFAULT '' COMMENT 'еҲӣе»әиҖ…',
  `create_time` datetime DEFAULT NULL COMMENT 'еҲӣе»әж—¶й—ҙ',
  `update_by` varchar(64) DEFAULT '' COMMENT 'жӣҙж–°иҖ…',
  `update_time` datetime DEFAULT NULL COMMENT 'жӣҙж–°ж—¶й—ҙ',
  `remark` varchar(500) DEFAULT NULL COMMENT 'еӨҮжіЁ',
  PRIMARY KEY (`banner_id`)
) ENGINE=InnoDB AUTO_INCREMENT=2103 DEFAULT CHARSET=utf8mb4 COLLATE=utf8mb4_0900_ai_ci COMMENT='е№»зҒҜзүҮз®ЎзҗҶиЎЁ';

LOCK TABLES `sys_banner` WRITE;
/*!40000 ALTER TABLE `sys_banner` DISABLE KEYS */;

INSERT INTO `sys_banner` (`banner_id`, `title`, `image_url`, `link_type`, `link_value`, `sort`, `status`, `create_by`, `create_time`, `update_by`, `update_time`, `remark`)
VALUES
	(2100,'ж°ҙз”өиҙ№','/profile/upload/2026/01/25/ScreenShot_2026-01-25_021926_586_20260125030323A002.png','2','baidu.com',0,'0','admin','2025-12-24 12:19:55','admin','2026-01-25 03:03:24',NULL),
	(2101,'йҳҝж–Ҝи’ӮиҠ¬йҳҝж–Ҝи’ӮиҠ¬','/profile/upload/2026/01/25/ScreenShot_2026-01-25_021541_711_20260125030339A003.png','2','baidu.com',0,'0','admin','2025-12-24 17:52:33','admin','2026-01-25 03:03:40',NULL),
	(2102,'ces','/profile/upload/2026/01/25/1d4a86835c7039b8bacdb9642fbf5c3d_20260125030349A004.jpg','1',NULL,0,'0','admin','2026-01-25 03:03:52','',NULL,NULL);

/*!40000 ALTER TABLE `sys_banner` ENABLE KEYS */;
UNLOCK TABLES;


# иҪ¬еӮЁиЎЁ sys_config
# ------------------------------------------------------------

DROP TABLE IF EXISTS `sys_config`;

CREATE TABLE `sys_config` (
  `config_id` int NOT NULL AUTO_INCREMENT COMMENT 'еҸӮж•°дё»й”®',
  `config_name` varchar(100) CHARACTER SET utf8mb4 COLLATE utf8mb4_general_ci DEFAULT '' COMMENT 'еҸӮж•°еҗҚз§°',
  `config_key` varchar(100) CHARACTER SET utf8mb4 COLLATE utf8mb4_general_ci DEFAULT '' COMMENT 'еҸӮж•°й”®еҗҚ',
  `config_value` varchar(500) CHARACTER SET utf8mb4 COLLATE utf8mb4_general_ci DEFAULT '' COMMENT 'еҸӮж•°й”®еҖј',
  `config_type` char(1) CHARACTER SET utf8mb4 COLLATE utf8mb4_general_ci DEFAULT 'N' COMMENT 'зі»з»ҹеҶ…зҪ®пјҲYжҳҜ NеҗҰпјү',
  `create_by` varchar(64) CHARACTER SET utf8mb4 COLLATE utf8mb4_general_ci DEFAULT '' COMMENT 'еҲӣе»әиҖ…',
  `create_time` datetime DEFAULT NULL COMMENT 'еҲӣе»әж—¶й—ҙ',
  `update_by` varchar(64) CHARACTER SET utf8mb4 COLLATE utf8mb4_general_ci DEFAULT '' COMMENT 'жӣҙж–°иҖ…',
  `update_time` datetime DEFAULT NULL COMMENT 'жӣҙж–°ж—¶й—ҙ',
  `remark` varchar(500) CHARACTER SET utf8mb4 COLLATE utf8mb4_general_ci DEFAULT NULL COMMENT 'еӨҮжіЁ',
  PRIMARY KEY (`config_id`)
) ENGINE=InnoDB AUTO_INCREMENT=100 DEFAULT CHARSET=utf8mb4 COLLATE=utf8mb4_general_ci COMMENT='еҸӮж•°й…ҚзҪ®иЎЁ';

LOCK TABLES `sys_config` WRITE;
/*!40000 ALTER TABLE `sys_config` DISABLE KEYS */;

INSERT INTO `sys_config` (`config_id`, `config_name`, `config_key`, `config_value`, `config_type`, `create_by`, `create_time`, `update_by`, `update_time`, `remark`)
VALUES
	(1,'дё»жЎҶжһ¶йЎө-й»ҳи®Өзҡ®иӮӨж ·ејҸеҗҚз§°','sys.index.skinName','skin-blue','Y','admin','2025-10-28 02:47:08','',NULL,'и“қиүІ skin-blueгҖҒз»ҝиүІ skin-greenгҖҒзҙ«иүІ skin-purpleгҖҒзәўиүІ skin-redгҖҒй»„иүІ skin-yellow'),
	(2,'з”ЁжҲ·з®ЎзҗҶ-иҙҰеҸ·еҲқе§ӢеҜҶз Ғ','sys.user.initPassword','123456','Y','admin','2025-10-28 02:47:08','',NULL,'еҲқе§ӢеҢ–еҜҶз Ғ 123456'),
	(3,'дё»жЎҶжһ¶йЎө-дҫ§иҫ№ж Ҹдё»йўҳ','sys.index.sideTheme','theme-dark','Y','admin','2025-10-28 02:47:08','',NULL,'ж·ұиүІдё»йўҳtheme-darkпјҢжө…иүІдё»йўҳtheme-light'),
	(4,'иҙҰеҸ·иҮӘеҠ©-йӘҢиҜҒз ҒејҖе…і','sys.account.captchaEnabled','false','N','admin','2025-10-28 02:47:08','admin','2025-11-16 00:25:39','жҳҜеҗҰејҖеҗҜйӘҢиҜҒз ҒеҠҹиғҪпјҲtrueејҖеҗҜпјҢfalseе…ій—ӯпјү'),
	(5,'иҙҰеҸ·иҮӘеҠ©-жҳҜеҗҰејҖеҗҜз”ЁжҲ·жіЁеҶҢеҠҹиғҪ','sys.account.registerUser','false','Y','admin','2025-10-28 02:47:08','',NULL,'жҳҜеҗҰејҖеҗҜжіЁеҶҢз”ЁжҲ·еҠҹиғҪпјҲtrueејҖеҗҜпјҢfalseе…ій—ӯпјү'),
	(6,'з”ЁжҲ·зҷ»еҪ•-й»‘еҗҚеҚ•еҲ—иЎЁ','sys.login.blackIPList','','Y','admin','2025-10-28 02:47:08','',NULL,'и®ҫзҪ®зҷ»еҪ•IPй»‘еҗҚеҚ•йҷҗеҲ¶пјҢеӨҡдёӘеҢ№й…ҚйЎ№д»Ҙ;еҲҶйҡ”пјҢж”ҜжҢҒеҢ№й…ҚпјҲ*йҖҡй…ҚгҖҒзҪ‘ж®өпјү'),
	(7,'з”ЁжҲ·з®ЎзҗҶ-еҲқе§ӢеҜҶз Ғдҝ®ж”№зӯ–з•Ҙ','sys.account.initPasswordModify','1','Y','admin','2025-10-28 02:47:08','',NULL,'0пјҡеҲқе§ӢеҜҶз Ғдҝ®ж”№зӯ–з•Ҙе…ій—ӯпјҢжІЎжңүд»»дҪ•жҸҗзӨәпјҢ1пјҡжҸҗйҶ’з”ЁжҲ·пјҢеҰӮжһңжңӘдҝ®ж”№еҲқе§ӢеҜҶз ҒпјҢеҲҷеңЁзҷ»еҪ•ж—¶е°ұдјҡжҸҗйҶ’дҝ®ж”№еҜҶз ҒеҜ№иҜқжЎҶ'),
	(8,'з”ЁжҲ·з®ЎзҗҶ-иҙҰеҸ·еҜҶз Ғжӣҙж–°е‘Ёжңҹ','sys.account.passwordValidateDays','0','Y','admin','2025-10-28 02:47:08','',NULL,'еҜҶз Ғжӣҙж–°е‘ЁжңҹпјҲеЎ«еҶҷж•°еӯ—пјҢж•°жҚ®еҲқе§ӢеҢ–еҖјдёә0дёҚйҷҗеҲ¶пјҢиӢҘдҝ®ж”№еҝ…йЎ»дёәеӨ§дәҺ0е°ҸдәҺ365зҡ„жӯЈж•ҙж•°пјүпјҢеҰӮжһңи¶…иҝҮиҝҷдёӘе‘Ёжңҹзҷ»еҪ•зі»з»ҹж—¶пјҢеҲҷеңЁзҷ»еҪ•ж—¶е°ұдјҡжҸҗйҶ’дҝ®ж”№еҜҶз ҒеҜ№иҜқжЎҶ');

/*!40000 ALTER TABLE `sys_config` ENABLE KEYS */;
UNLOCK TABLES;


# иҪ¬еӮЁиЎЁ sys_dept
# ------------------------------------------------------------

DROP TABLE IF EXISTS `sys_dept`;

CREATE TABLE `sys_dept` (
  `dept_id` bigint NOT NULL AUTO_INCREMENT COMMENT 'йғЁй—Ёid',
  `parent_id` bigint DEFAULT '0' COMMENT 'зҲ¶йғЁй—Ёid',
  `ancestors` varchar(50) CHARACTER SET utf8mb4 COLLATE utf8mb4_general_ci DEFAULT '' COMMENT 'зҘ–зә§еҲ—иЎЁ',
  `dept_name` varchar(30) CHARACTER SET utf8mb4 COLLATE utf8mb4_general_ci DEFAULT '' COMMENT 'йғЁй—ЁеҗҚз§°',
  `order_num` int DEFAULT '0' COMMENT 'жҳҫзӨәйЎәеәҸ',
  `leader` varchar(20) CHARACTER SET utf8mb4 COLLATE utf8mb4_general_ci DEFAULT NULL COMMENT 'иҙҹиҙЈдәә',
  `phone` varchar(11) CHARACTER SET utf8mb4 COLLATE utf8mb4_general_ci DEFAULT NULL COMMENT 'иҒ”зі»з”өиҜқ',
  `email` varchar(50) CHARACTER SET utf8mb4 COLLATE utf8mb4_general_ci DEFAULT NULL COMMENT 'йӮ®з®ұ',
  `status` char(1) CHARACTER SET utf8mb4 COLLATE utf8mb4_general_ci DEFAULT '0' COMMENT 'йғЁй—ЁзҠ¶жҖҒпјҲ0жӯЈеёё 1еҒңз”Ёпјү',
  `del_flag` char(1) CHARACTER SET utf8mb4 COLLATE utf8mb4_general_ci DEFAULT '0' COMMENT 'еҲ йҷӨж Үеҝ—пјҲ0д»ЈиЎЁеӯҳеңЁ 2д»ЈиЎЁеҲ йҷӨпјү',
  `create_by` varchar(64) CHARACTER SET utf8mb4 COLLATE utf8mb4_general_ci DEFAULT '' COMMENT 'еҲӣе»әиҖ…',
  `create_time` datetime DEFAULT NULL COMMENT 'еҲӣе»әж—¶й—ҙ',
  `update_by` varchar(64) CHARACTER SET utf8mb4 COLLATE utf8mb4_general_ci DEFAULT '' COMMENT 'жӣҙж–°иҖ…',
  `update_time` datetime DEFAULT NULL COMMENT 'жӣҙж–°ж—¶й—ҙ',
  PRIMARY KEY (`dept_id`)
) ENGINE=InnoDB AUTO_INCREMENT=200 DEFAULT CHARSET=utf8mb4 COLLATE=utf8mb4_general_ci COMMENT='йғЁй—ЁиЎЁ';

LOCK TABLES `sys_dept` WRITE;
/*!40000 ALTER TABLE `sys_dept` DISABLE KEYS */;

INSERT INTO `sys_dept` (`dept_id`, `parent_id`, `ancestors`, `dept_name`, `order_num`, `leader`, `phone`, `email`, `status`, `del_flag`, `create_by`, `create_time`, `update_by`, `update_time`)
VALUES
	(100,0,'0','жөӢиҜ•з®ЎзҗҶе‘ҳ',0,'жөӢиҜ•з®ЎзҗҶе‘ҳ','15888888888','ry@qq.com','0','0','admin','2025-10-28 02:47:08','admin','2025-11-10 02:20:57'),
	(101,100,'0,100','ж·ұеңіжҖ»е…¬еҸё',1,'иӢҘдҫқ','15888888888','ry@qq.com','0','0','admin','2025-10-28 02:47:08','',NULL),
	(102,100,'0,100','й•ҝжІҷеҲҶе…¬еҸё',2,'иӢҘдҫқ','15888888888','ry@qq.com','0','0','admin','2025-10-28 02:47:08','',NULL),
	(103,101,'0,100,101','з ”еҸ‘йғЁй—Ё',1,'иӢҘдҫқ','15888888888','ry@qq.com','0','0','admin','2025-10-28 02:47:08','',NULL),
	(104,101,'0,100,101','еёӮеңәйғЁй—Ё',2,'иӢҘдҫқ','15888888888','ry@qq.com','0','0','admin','2025-10-28 02:47:08','',NULL),
	(105,101,'0,100,101','жөӢиҜ•йғЁй—Ё',3,'иӢҘдҫқ','15888888888','ry@qq.com','0','0','admin','2025-10-28 02:47:08','',NULL),
	(106,101,'0,100,101','иҙўеҠЎйғЁй—Ё',4,'иӢҘдҫқ','15888888888','ry@qq.com','0','0','admin','2025-10-28 02:47:08','',NULL),
	(107,101,'0,100,101','иҝҗз»ҙйғЁй—Ё',5,'иӢҘдҫқ','15888888888','ry@qq.com','0','0','admin','2025-10-28 02:47:08','',NULL),
	(108,102,'0,100,102','еёӮеңәйғЁй—Ё',1,'иӢҘдҫқ','15888888888','ry@qq.com','0','0','admin','2025-10-28 02:47:08','',NULL),
	(109,102,'0,100,102','иҙўеҠЎйғЁй—Ё',2,'иӢҘдҫқ','15888888888','ry@qq.com','0','0','admin','2025-10-28 02:47:08','',NULL);

/*!40000 ALTER TABLE `sys_dept` ENABLE KEYS */;
UNLOCK TABLES;


# иҪ¬еӮЁиЎЁ sys_dict_data
# ------------------------------------------------------------

DROP TABLE IF EXISTS `sys_dict_data`;

CREATE TABLE `sys_dict_data` (
  `dict_code` bigint NOT NULL AUTO_INCREMENT COMMENT 'еӯ—е…ёзј–з Ғ',
  `dict_sort` int DEFAULT '0' COMMENT 'еӯ—е…ёжҺ’еәҸ',
  `dict_label` varchar(100) CHARACTER SET utf8mb4 COLLATE utf8mb4_general_ci DEFAULT '' COMMENT 'еӯ—е…ёж Үзӯҫ',
  `dict_value` varchar(100) CHARACTER SET utf8mb4 COLLATE utf8mb4_general_ci DEFAULT '' COMMENT 'еӯ—е…ёй”®еҖј',
  `dict_type` varchar(100) CHARACTER SET utf8mb4 COLLATE utf8mb4_general_ci DEFAULT '' COMMENT 'еӯ—е…ёзұ»еһӢ',
  `css_class` varchar(100) CHARACTER SET utf8mb4 COLLATE utf8mb4_general_ci DEFAULT NULL COMMENT 'ж ·ејҸеұһжҖ§пјҲе…¶д»–ж ·ејҸжү©еұ•пјү',
  `list_class` varchar(100) CHARACTER SET utf8mb4 COLLATE utf8mb4_general_ci DEFAULT NULL COMMENT 'иЎЁж јеӣһжҳҫж ·ејҸ',
  `is_default` char(1) CHARACTER SET utf8mb4 COLLATE utf8mb4_general_ci DEFAULT 'N' COMMENT 'жҳҜеҗҰй»ҳи®ӨпјҲYжҳҜ NеҗҰпјү',
  `status` char(1) CHARACTER SET utf8mb4 COLLATE utf8mb4_general_ci DEFAULT '0' COMMENT 'зҠ¶жҖҒпјҲ0жӯЈеёё 1еҒңз”Ёпјү',
  `create_by` varchar(64) CHARACTER SET utf8mb4 COLLATE utf8mb4_general_ci DEFAULT '' COMMENT 'еҲӣе»әиҖ…',
  `create_time` datetime DEFAULT NULL COMMENT 'еҲӣе»әж—¶й—ҙ',
  `update_by` varchar(64) CHARACTER SET utf8mb4 COLLATE utf8mb4_general_ci DEFAULT '' COMMENT 'жӣҙж–°иҖ…',
  `update_time` datetime DEFAULT NULL COMMENT 'жӣҙж–°ж—¶й—ҙ',
  `remark` varchar(500) CHARACTER SET utf8mb4 COLLATE utf8mb4_general_ci DEFAULT NULL COMMENT 'еӨҮжіЁ',
  PRIMARY KEY (`dict_code`)
) ENGINE=InnoDB AUTO_INCREMENT=1168 DEFAULT CHARSET=utf8mb4 COLLATE=utf8mb4_general_ci COMMENT='еӯ—е…ёж•°жҚ®иЎЁ';

LOCK TABLES `sys_dict_data` WRITE;
/*!40000 ALTER TABLE `sys_dict_data` DISABLE KEYS */;

INSERT INTO `sys_dict_data` (`dict_code`, `dict_sort`, `dict_label`, `dict_value`, `dict_type`, `css_class`, `list_class`, `is_default`, `status`, `create_by`, `create_time`, `update_by`, `update_time`, `remark`)
VALUES
	(1,1,'з”·','0','sys_user_sex','','','Y','0','admin','2025-10-28 02:47:08','',NULL,'жҖ§еҲ«з”·'),
	(2,2,'еҘі','1','sys_user_sex','','','N','0','admin','2025-10-28 02:47:08','',NULL,'жҖ§еҲ«еҘі'),
	(3,3,'жңӘзҹҘ','2','sys_user_sex','','','N','0','admin','2025-10-28 02:47:08','',NULL,'жҖ§еҲ«жңӘзҹҘ'),
	(4,1,'жҳҫзӨә','0','sys_show_hide','','primary','Y','0','admin','2025-10-28 02:47:08','',NULL,'жҳҫзӨәиҸңеҚ•'),
	(5,2,'йҡҗи—Ҹ','1','sys_show_hide','','danger','N','0','admin','2025-10-28 02:47:08','',NULL,'йҡҗи—ҸиҸңеҚ•'),
	(6,1,'жӯЈеёё','0','sys_normal_disable','','primary','Y','0','admin','2025-10-28 02:47:08','',NULL,'жӯЈеёёзҠ¶жҖҒ'),
	(7,2,'еҒңз”Ё','1','sys_normal_disable','','danger','N','0','admin','2025-10-28 02:47:08','',NULL,'еҒңз”ЁзҠ¶жҖҒ'),
	(8,1,'жӯЈеёё','0','sys_job_status','','primary','Y','0','admin','2025-10-28 02:47:08','',NULL,'жӯЈеёёзҠ¶жҖҒ'),
	(9,2,'жҡӮеҒң','1','sys_job_status','','danger','N','0','admin','2025-10-28 02:47:08','',NULL,'еҒңз”ЁзҠ¶жҖҒ'),
	(10,1,'й»ҳи®Ө','DEFAULT','sys_job_group','','','Y','0','admin','2025-10-28 02:47:08','',NULL,'й»ҳи®ӨеҲҶз»„'),
	(11,2,'зі»з»ҹ','SYSTEM','sys_job_group','','','N','0','admin','2025-10-28 02:47:08','',NULL,'зі»з»ҹеҲҶз»„'),
	(12,1,'жҳҜ','Y','sys_yes_no','','primary','Y','0','admin','2025-10-28 02:47:08','',NULL,'зі»з»ҹй»ҳи®ӨжҳҜ'),
	(13,2,'еҗҰ','N','sys_yes_no','','danger','N','0','admin','2025-10-28 02:47:08','',NULL,'зі»з»ҹй»ҳи®ӨеҗҰ'),
	(14,1,'йҖҡзҹҘ','1','sys_notice_type','','warning','Y','0','admin','2025-10-28 02:47:08','',NULL,'йҖҡзҹҘ'),
	(15,2,'е…¬е‘Ҡ','2','sys_notice_type','','success','N','0','admin','2025-10-28 02:47:08','',NULL,'е…¬е‘Ҡ'),
	(16,1,'жӯЈеёё','0','sys_notice_status','','primary','Y','0','admin','2025-10-28 02:47:08','',NULL,'жӯЈеёёзҠ¶жҖҒ'),
	(17,2,'е…ій—ӯ','1','sys_notice_status','','danger','N','0','admin','2025-10-28 02:47:08','',NULL,'е…ій—ӯзҠ¶жҖҒ'),
	(18,99,'е…¶д»–','0','sys_oper_type','','info','N','0','admin','2025-10-28 02:47:08','',NULL,'е…¶д»–ж“ҚдҪң'),
	(19,1,'ж–°еўһ','1','sys_oper_type','','info','N','0','admin','2025-10-28 02:47:08','',NULL,'ж–°еўһж“ҚдҪң'),
	(20,2,'дҝ®ж”№','2','sys_oper_type','','info','N','0','admin','2025-10-28 02:47:08','',NULL,'дҝ®ж”№ж“ҚдҪң'),
	(21,3,'еҲ йҷӨ','3','sys_oper_type','','danger','N','0','admin','2025-10-28 02:47:08','',NULL,'еҲ йҷӨж“ҚдҪң'),
	(22,4,'жҺҲжқғ','4','sys_oper_type','','primary','N','0','admin','2025-10-28 02:47:08','',NULL,'жҺҲжқғж“ҚдҪң'),
	(23,5,'еҜјеҮә','5','sys_oper_type','','warning','N','0','admin','2025-10-28 02:47:08','',NULL,'еҜјеҮәж“ҚдҪң'),
	(24,6,'еҜје…Ҙ','6','sys_oper_type','','warning','N','0','admin','2025-10-28 02:47:08','',NULL,'еҜје…Ҙж“ҚдҪң'),
	(25,7,'ејәйҖҖ','7','sys_oper_type','','danger','N','0','admin','2025-10-28 02:47:08','',NULL,'ејәйҖҖж“ҚдҪң'),
	(26,8,'з”ҹжҲҗд»Јз Ғ','8','sys_oper_type','','warning','N','0','admin','2025-10-28 02:47:08','',NULL,'з”ҹжҲҗж“ҚдҪң'),
	(27,9,'жё…з©әж•°жҚ®','9','sys_oper_type','','danger','N','0','admin','2025-10-28 02:47:08','',NULL,'жё…з©әж“ҚдҪң'),
	(28,1,'жҲҗеҠҹ','0','sys_common_status','','primary','N','0','admin','2025-10-28 02:47:08','',NULL,'жӯЈеёёзҠ¶жҖҒ'),
	(29,2,'еӨұиҙҘ','1','sys_common_status','','danger','N','0','admin','2025-10-28 02:47:08','',NULL,'еҒңз”ЁзҠ¶жҖҒ'),
	(106,1,'еҫ…е®Ўжү№','0','pension_institution_status','','warning','N','0','admin','2025-10-28 10:00:00','ry','2025-10-28 10:00:00','жңәжһ„е…Ҙй©»з”іиҜ·еҫ…е®Ўжү№'),
	(107,2,'е·Іе…Ҙй©»','1','pension_institution_status','','success','N','0','admin','2025-10-28 10:00:00','ry','2025-10-28 10:00:00','жңәжһ„е·ІжӯЈејҸе…Ҙй©»'),
	(108,3,'е·Ій©іеӣһ','2','pension_institution_status','','danger','N','0','admin','2025-10-28 10:00:00','ry','2025-10-28 10:00:00','жңәжһ„е…Ҙй©»з”іиҜ·иў«й©іеӣһ'),
	(109,1,'иҗҘдёҡжү§з…§','1','pension_attach_type','','primary','N','0','admin','2025-10-28 10:00:00','ry','2025-10-28 10:00:00','жңәжһ„иҗҘдёҡжү§з…§йҷ„д»¶'),
	(110,2,'жү№еҮҶиҜҒд№Ұ','2','pension_attach_type','','success','N','0','admin','2025-10-28 10:00:00','ry','2025-10-28 10:00:00','зӨҫдјҡзҰҸеҲ©жңәжһ„и®ҫзҪ®жү№еҮҶиҜҒд№Ұ'),
	(111,3,'дёүж–№еҚҸи®®','3','pension_attach_type','','info','N','0','admin','2025-10-28 10:00:00','ry','2025-10-28 10:00:00','жңәжһ„+й“¶иЎҢ+ж°‘ж”ҝдёүж–№зӣ‘з®ЎеҚҸи®®'),
	(200,0,'иҮӘзҗҶ','1','elder_care_level','','primary','N','0','admin','2025-10-28 18:35:38','',NULL,'з”ҹжҙ»е®Ңе…ЁиҮӘзҗҶ'),
	(201,0,'еҚҠжҠӨзҗҶ','2','elder_care_level','','warning','N','0','admin','2025-10-28 18:35:38','',NULL,'йңҖиҰҒйғЁеҲҶжҠӨзҗҶ'),
	(202,0,'е…ЁжҠӨзҗҶ','3','elder_care_level','','danger','N','0','admin','2025-10-28 18:35:38','',NULL,'йңҖиҰҒе…ЁйқўжҠӨзҗҶ'),
	(203,0,'жңӘе…ҘдҪҸ','0','elder_status','','info','N','0','admin','2025-10-28 18:35:38','',NULL,'е°ҡжңӘе…ҘдҪҸ'),
	(204,0,'е·Іе…ҘдҪҸ','1','elder_status','','success','N','0','admin','2025-10-28 18:35:38','',NULL,'е·Іе…ҘдҪҸ'),
	(205,0,'е·ІйҖҖдҪҸ','2','elder_status','','danger','N','0','admin','2025-10-28 18:35:38','',NULL,'е·ІйҖҖдҪҸ'),
	(206,0,'жҷ®йҖҡеәҠдҪҚ','1','bed_type','','primary','N','0','admin','2025-10-28 18:35:38','',NULL,'ж ҮеҮҶжҷ®йҖҡеәҠдҪҚ'),
	(207,0,'иұӘеҚҺеәҠдҪҚ','2','bed_type','','warning','N','0','admin','2025-10-28 18:35:38','',NULL,'иұӘеҚҺиҲ’йҖӮеәҠдҪҚ'),
	(208,0,'еҢ»з–—еәҠдҪҚ','3','bed_type','','danger','N','0','admin','2025-10-28 18:35:38','',NULL,'еҢ»з–—жҠӨзҗҶеәҠдҪҚ'),
	(209,0,'з©әзҪ®','0','bed_status','','success','N','0','admin','2025-10-28 18:35:38','',NULL,'еәҠдҪҚз©әзҪ®еҸҜз”Ё'),
	(210,0,'еҚ з”Ё','1','bed_status','','danger','N','0','admin','2025-10-28 18:35:38','',NULL,'еәҠдҪҚе·Іиў«еҚ з”Ё'),
	(211,0,'з»ҙдҝ®','2','bed_status','','warning','N','0','admin','2025-10-28 18:35:38','',NULL,'еәҠдҪҚз»ҙдҝ®дёӯ'),
	(212,0,'з”іиҜ·дёӯ','0','check_in_status','','primary','N','0','admin','2025-10-28 18:35:38','',NULL,'е…ҘдҪҸз”іиҜ·еӨ„зҗҶдёӯ'),
	(213,0,'е·Іе…ҘдҪҸ','1','check_in_status','','success','N','0','admin','2025-10-28 18:35:38','',NULL,'е·ІжҲҗеҠҹе…ҘдҪҸ'),
	(214,0,'е·ІжӢ’з»қ','2','check_in_status','','danger','N','0','admin','2025-10-28 18:35:38','',NULL,'з”іиҜ·иў«жӢ’з»қ'),
	(215,0,'е·ІеҸ–ж¶Ҳ','3','check_in_status','','info','N','0','admin','2025-10-28 18:35:38','',NULL,'з”іиҜ·е·ІеҸ–ж¶Ҳ'),
	(216,0,'еңЁдҪҸ','1','allocation_status','','success','N','0','admin','2025-10-28 18:35:38','',NULL,'иҖҒдәәеңЁдҪҸ'),
	(217,0,'е·ІйҖҖдҪҸ','2','allocation_status','','danger','N','0','admin','2025-10-28 18:35:38','',NULL,'иҖҒдәәе·ІйҖҖдҪҸ'),
	(218,0,'жңӘж”Ҝд»ҳ','0','deposit_status','','danger','N','0','admin','2025-10-28 18:35:38','',NULL,'жҠјйҮ‘жңӘж”Ҝд»ҳ'),
	(219,0,'е·Іж”Ҝд»ҳ','1','deposit_status','','success','N','0','admin','2025-10-28 18:35:38','',NULL,'жҠјйҮ‘е·Іж”Ҝд»ҳ'),
	(220,0,'е·ІйҖҖиҝҳ','2','deposit_status','','info','N','0','admin','2025-10-28 18:35:38','',NULL,'жҠјйҮ‘е·ІйҖҖиҝҳ'),
	(221,0,'з”·','1','elder_gender','','primary','N','0','admin','2025-10-28 19:03:57','',NULL,'з”·жҖ§'),
	(222,0,'еҘі','2','elder_gender','','danger','N','0','admin','2025-10-28 19:03:57','',NULL,'еҘіжҖ§'),
	(300,0,'еәҠдҪҚиҙ№','bed_fee','item_type','','primary','N','0','admin','2025-10-28 20:01:58','',NULL,'еәҠдҪҚдҪҝз”Ёиҙ№з”Ё'),
	(301,0,'жҠӨзҗҶиҙ№','care_fee','item_type','','success','N','0','admin','2025-10-28 20:01:58','',NULL,'жҠӨзҗҶжңҚеҠЎиҙ№з”Ё'),
	(302,0,'йӨҗйҘ®иҙ№','food_fee','item_type','','warning','N','0','admin','2025-10-28 20:01:58','',NULL,'йӨҗйҘ®жңҚеҠЎиҙ№з”Ё'),
	(303,0,'еҢ»з–—иҙ№','medical_fee','item_type','','danger','N','0','admin','2025-10-28 20:01:58','',NULL,'еҢ»з–—жңҚеҠЎиҙ№з”Ё'),
	(304,0,'е…¶д»–иҙ№з”Ё','other_fee','item_type','','info','N','0','admin','2025-10-28 20:01:58','',NULL,'е…¶д»–жқӮйЎ№иҙ№з”Ё'),
	(305,0,'еҫ…ж”Ҝд»ҳ','0','order_status','','warning','N','0','admin','2025-10-28 20:01:58','',NULL,'и®ўеҚ•еҫ…ж”Ҝд»ҳ'),
	(306,0,'е·Іж”Ҝд»ҳ','1','order_status','','success','N','0','admin','2025-10-28 20:01:58','',NULL,'и®ўеҚ•е·Іж”Ҝд»ҳ'),
	(307,0,'е·ІеҸ–ж¶Ҳ','2','order_status','','info','N','0','admin','2025-10-28 20:01:58','',NULL,'и®ўеҚ•е·ІеҸ–ж¶Ҳ'),
	(308,0,'е·ІйҖҖж¬ҫ','3','order_status','','danger','N','0','admin','2025-10-28 20:01:58','',NULL,'и®ўеҚ•е·ІйҖҖж¬ҫ'),
	(309,0,'еҫ®дҝЎж”Ҝд»ҳ','wechat','payment_method','','success','N','0','admin','2025-10-28 20:01:58','',NULL,'еҫ®дҝЎжү«з Ғж”Ҝд»ҳ'),
	(310,0,'ж”Ҝд»ҳе®қ','alipay','payment_method','','primary','N','0','admin','2025-10-28 20:01:58','',NULL,'ж”Ҝд»ҳе®қж”Ҝд»ҳ'),
	(311,0,'й“¶иЎҢеҚЎиҪ¬иҙҰ','bank','payment_method','','info','N','0','admin','2025-10-28 20:01:58','',NULL,'й“¶иЎҢиҪ¬иҙҰж”Ҝд»ҳ'),
	(312,0,'зҺ°йҮ‘','cash','payment_method','','warning','N','0','admin','2025-10-28 20:01:58','',NULL,'зҺ°йҮ‘ж”Ҝд»ҳ'),
	(313,0,'еӨ„зҗҶдёӯ','0','payment_status','','warning','N','0','admin','2025-10-28 20:01:58','',NULL,'ж”Ҝд»ҳеӨ„зҗҶдёӯ'),
	(314,0,'ж”Ҝд»ҳжҲҗеҠҹ','1','payment_status','','success','N','0','admin','2025-10-28 20:01:58','',NULL,'ж”Ҝд»ҳжҲҗеҠҹ'),
	(315,0,'ж”Ҝд»ҳеӨұиҙҘ','2','payment_status','','danger','N','0','admin','2025-10-28 20:01:58','',NULL,'ж”Ҝд»ҳеӨұиҙҘ'),
	(316,0,'з”іиҜ·дёӯ','0','refund_status','','warning','N','0','admin','2025-10-28 20:01:58','',NULL,'йҖҖж¬ҫз”іиҜ·дёӯ'),
	(317,0,'е·ІйҖҖж¬ҫ','1','refund_status','','success','N','0','admin','2025-10-28 20:01:58','',NULL,'йҖҖж¬ҫе·Іе®ҢжҲҗ'),
	(318,0,'е·ІжӢ’з»қ','2','refund_status','','danger','N','0','admin','2025-10-28 20:01:58','',NULL,'йҖҖж¬ҫз”іиҜ·иў«жӢ’з»қ'),
	(319,0,'жңҲеәҰ','monthly','billing_cycle','','primary','N','0','admin','2025-10-28 20:01:58','',NULL,'жҢүжңҲи®Ўиҙ№'),
	(320,0,'еӯЈеәҰ','quarterly','billing_cycle','','success','N','0','admin','2025-10-28 20:01:58','',NULL,'жҢүеӯЈеәҰи®Ўиҙ№'),
	(321,0,'е№ҙеәҰ','yearly','billing_cycle','','warning','N','0','admin','2025-10-28 20:01:58','',NULL,'жҢүе№ҙи®Ўиҙ№'),
	(322,0,'дёҖж¬ЎжҖ§','once','billing_cycle','','info','N','0','admin','2025-10-28 20:01:58','',NULL,'дёҖж¬ЎжҖ§иҙ№з”Ё'),
	(323,1,'жӯЈеёё','1','account_status','','primary','N','0','admin','2025-10-29 00:51:41','',NULL,'жӯЈеёёзҠ¶жҖҒ'),
	(324,2,'еҶ»з»“','0','account_status','','danger','N','0','admin','2025-10-29 00:51:41','',NULL,'еҶ»з»“зҠ¶жҖҒ'),
	(325,3,'й”ҖжҲ·','2','account_status','','info','N','0','admin','2025-10-29 00:51:41','',NULL,'й”ҖжҲ·зҠ¶жҖҒ'),
	(326,1,'иҮӘеҠЁеҲ’жӢЁ','1','transfer_type','','primary','N','0','admin','2025-10-29 00:53:04','',NULL,'зі»з»ҹиҮӘеҠЁжү§иЎҢ'),
	(327,2,'жүӢеҠЁеҲ’жӢЁ','2','transfer_type','','warning','N','0','admin','2025-10-29 00:53:04','',NULL,'дәәе·ҘжүӢеҠЁжү§иЎҢ'),
	(328,3,'зү№ж®Ҡз”іиҜ·','3','transfer_type','','info','N','0','admin','2025-10-29 00:53:04','',NULL,'зү№ж®ҠдёҡеҠЎз”іиҜ·'),
	(329,1,'еҫ…еӨ„зҗҶ','0','transfer_status','','warning','N','0','admin','2025-10-29 00:53:04','',NULL,'зӯүеҫ…еӨ„зҗҶ'),
	(330,2,'жҲҗеҠҹ','1','transfer_status','','success','N','0','admin','2025-10-29 00:53:04','',NULL,'жү§иЎҢжҲҗеҠҹ'),
	(331,3,'еӨұиҙҘ','2','transfer_status','','danger','N','0','admin','2025-10-29 00:53:04','',NULL,'жү§иЎҢеӨұиҙҘ'),
	(1000,1,'еҢ»з–—иҙ№з”Ё','1','deposit_apply_type','','danger','N','0','admin','2025-10-29 11:22:01','',NULL,'зҙ§жҖҘеҢ»з–—иҙ№з”Ё'),
	(1001,2,'з”ҹжҙ»з”Ёе“Ғ','2','deposit_apply_type','','primary','N','0','admin','2025-10-29 11:22:01','',NULL,'ж—Ҙеёёз”ҹжҙ»з”Ёе“Ғ'),
	(1002,3,'еә·еӨҚжҠӨзҗҶ','3','deposit_apply_type','','warning','N','0','admin','2025-10-29 11:22:01','',NULL,'еә·еӨҚжҠӨзҗҶиҙ№з”Ё'),
	(1003,4,'е…¶д»–иҙ№з”Ё','4','deposit_apply_type','','info','N','0','admin','2025-10-29 11:22:01','',NULL,'е…¶д»–зү№ж®Ҡиҙ№з”Ё'),
	(1010,1,'дёҖиҲ¬','дёҖиҲ¬','urgency_level','','info','Y','0','admin','2025-11-13 02:41:48','',NULL,'дёҖиҲ¬жғ…еҶөеҸҜе»¶еҗҺеӨ„зҗҶ'),
	(1011,2,'зҙ§жҖҘ','зҙ§жҖҘ','urgency_level','','warning','N','0','admin','2025-11-13 02:41:48','',NULL,'зҙ§жҖҘжғ…еҶөйңҖдјҳе…ҲеӨ„зҗҶ'),
	(1012,3,'йқһеёёзҙ§жҖҘ','йқһеёёзҙ§жҖҘ','urgency_level','','danger','N','0','admin','2025-11-13 02:41:48','',NULL,'йқһеёёзҙ§жҖҘжғ…еҶөйңҖз«ӢеҚіеӨ„зҗҶ'),
	(1020,1,'иҚүзЁҝ','draft','deposit_apply_status','','info','N','0','admin','2025-11-13 02:42:00','',NULL,'з”іиҜ·иҚүзЁҝ'),
	(1021,2,'еҫ…е®¶еұһе®Ўжү№','pending_family','deposit_apply_status','','warning','N','0','admin','2025-11-13 02:42:00','',NULL,'зӯүеҫ…е®¶еұһжҲ–иҖҒдәәзЎ®и®Ө'),
	(1022,3,'е®¶еұһе·Іе®Ўжү№','family_approved','deposit_apply_status','','primary','N','0','admin','2025-11-13 02:42:00','',NULL,'е®¶еұһе·ІзЎ®и®Ө,еҫ…зӣ‘з®ЎйғЁй—Ёе®Ўжү№'),
	(1023,4,'еҫ…зӣ‘з®Ўе®Ўжү№','pending_supervision','deposit_apply_status','','warning','N','0','admin','2025-11-13 02:42:00','',NULL,'зӯүеҫ…зӣ‘з®ЎйғЁй—Ёе®Ўжү№'),
	(1024,5,'е·ІйҖҡиҝҮ','approved','deposit_apply_status','','success','N','0','admin','2025-11-13 02:42:00','',NULL,'зӣ‘з®ЎйғЁй—Ёе®Ўжү№йҖҡиҝҮ'),
	(1025,6,'е·Ій©іеӣһ','rejected','deposit_apply_status','','danger','N','0','admin','2025-11-13 02:42:00','',NULL,'е®Ўжү№иў«й©іеӣһ'),
	(1026,7,'е·Іж’Өеӣһ','withdrawn','deposit_apply_status','','info','N','0','admin','2025-11-13 02:42:00','',NULL,'з”іиҜ·е·Іж’Өеӣһ'),
	(1027,1,'еӯҗеҘі','1','elder_relation_type',NULL,NULL,'N','0','admin','2025-11-14 12:03:21','',NULL,NULL),
	(1028,2,'й…ҚеҒ¶','2','elder_relation_type',NULL,NULL,'N','0','admin','2025-11-14 12:03:21','',NULL,NULL),
	(1029,3,'е…„ејҹе§җеҰ№','3','elder_relation_type',NULL,NULL,'N','0','admin','2025-11-14 12:03:21','',NULL,NULL),
	(1030,4,'е…¶д»–дәІеұһ','4','elder_relation_type',NULL,NULL,'N','0','admin','2025-11-14 12:03:21','',NULL,NULL),
	(1031,5,'жңӢеҸӢ','5','elder_relation_type',NULL,NULL,'N','0','admin','2025-11-14 12:03:21','',NULL,NULL),
	(1101,1,'дёӯеҺҹеҢә','410102','pension_district','','default','N','0','admin','2025-11-20 00:32:38','',NULL,NULL),
	(1102,2,'дәҢдёғеҢә','410103','pension_district','','default','N','0','admin','2025-11-20 00:32:38','',NULL,NULL),
	(1103,3,'з®ЎеҹҺеӣһж—ҸеҢә','410104','pension_district','','default','N','0','admin','2025-11-20 00:32:38','',NULL,NULL),
	(1104,4,'йҮ‘ж°ҙеҢә','410105','pension_district','','default','N','0','admin','2025-11-20 00:32:38','',NULL,NULL),
	(1105,5,'дёҠиЎ—еҢә','410106','pension_district','','default','N','0','admin','2025-11-20 00:32:38','',NULL,NULL),
	(1106,6,'жғ жөҺеҢә','410108','pension_district','','default','N','0','admin','2025-11-20 00:32:38','',NULL,NULL),
	(1107,7,'дёӯзүҹеҺҝ','410122','pension_district','','default','N','0','admin','2025-11-20 00:32:38','',NULL,NULL),
	(1108,8,'е·©д№үеёӮ','410181','pension_district','','default','N','0','admin','2025-11-20 00:32:38','',NULL,NULL),
	(1109,9,'иҚҘйҳіеёӮ','410182','pension_district','','default','N','0','admin','2025-11-20 00:32:38','',NULL,NULL),
	(1110,10,'ж–°еҜҶеёӮ','410183','pension_district','','default','N','0','admin','2025-11-20 00:32:38','',NULL,NULL),
	(1111,11,'ж–°йғ‘еёӮ','410184','pension_district','','default','N','0','admin','2025-11-20 00:32:38','',NULL,NULL),
	(1112,12,'зҷ»е°ҒеёӮ','410185','pension_district','','default','N','0','admin','2025-11-20 00:32:38','',NULL,NULL),
	(1113,1,'ж°‘еҠһ','1','pension_institution_nature','','primary','N','0','admin','2025-11-20 00:32:26','',NULL,NULL),
	(1114,2,'е…¬еҠһ','2','pension_institution_nature','','success','N','0','admin','2025-11-20 00:32:26','',NULL,NULL),
	(1115,3,'е…¬е»әж°‘иҗҘ','3','pension_institution_nature','','info','N','0','admin','2025-11-20 00:32:26','',NULL,NULL),
	(1116,1,'иҮӘзҗҶ','1','pension_care_level','','success','N','0','admin','2025-11-20 00:32:26','',NULL,NULL),
	(1117,2,'еҚҠжҠӨзҗҶ','2','pension_care_level','','warning','N','0','admin','2025-11-20 00:32:26','',NULL,NULL),
	(1118,3,'е…ЁжҠӨзҗҶ','3','pension_care_level','','danger','N','0','admin','2025-11-20 00:32:26','',NULL,NULL),
	(1119,4,'еӨұиғҪ','4','pension_care_level','','danger','N','0','admin','2025-11-20 00:32:26','',NULL,NULL),
	(1120,5,'еӨұжҷә','5','pension_care_level','','danger','N','0','admin','2025-11-20 00:32:26','',NULL,NULL),
	(1121,1,'еҶ…и®ҫеҢ»з–—жңәжһ„','1','pension_medical_condition','','success','N','0','admin','2025-11-20 00:32:26','',NULL,NULL),
	(1122,2,'дёҺеҢ»з–—жңәжһ„еҗҲдҪң','2','pension_medical_condition','','primary','N','0','admin','2025-11-20 00:32:26','',NULL,NULL),
	(1123,3,'иҮӘиҗҘеҢ»з–—жңәжһ„','3','pension_medical_condition','','warning','N','0','admin','2025-11-20 00:32:26','',NULL,NULL),
	(1124,4,'ж— еҢ»е…»з»“еҗҲ','4','pension_medical_condition','','info','N','0','admin','2025-11-20 00:32:26','',NULL,NULL),
	(1125,1,'дёҖжҳҹзә§','1','pension_rating_level','','default','N','0','admin','2025-11-20 00:32:26','',NULL,NULL),
	(1126,2,'дәҢжҳҹзә§','2','pension_rating_level','','default','N','0','admin','2025-11-20 00:32:26','',NULL,NULL),
	(1127,3,'дёүжҳҹзә§','3','pension_rating_level','','warning','N','0','admin','2025-11-20 00:32:26','',NULL,NULL),
	(1128,4,'еӣӣжҳҹзә§','4','pension_rating_level','','primary','N','0','admin','2025-11-20 00:32:26','',NULL,NULL),
	(1129,5,'дә”жҳҹзә§','5','pension_rating_level','','danger','N','0','admin','2025-11-20 00:32:26','',NULL,NULL),
	(1130,1,'е…ЁйғЁжңәжһ„','all','pension_bed_status','','default','Y','0','admin','2025-11-20 00:32:26','',NULL,NULL),
	(1131,2,'жңүз©әдҪҚжңәжһ„','available','pension_bed_status','','success','N','0','admin','2025-11-20 00:32:26','',NULL,NULL),
	(1132,3,'е…Қиҙ№е…ҘдҪҸжңәжһ„','free','pension_bed_status','','warning','N','0','admin','2025-11-20 00:32:26','',NULL,NULL),
	(1133,1,'иҖҒдәәз…§зүҮ','1','elder_photo_type','','primary','N','1','admin','2025-12-02 17:33:58','',NULL,'иҖҒдәәз”ҹжҙ»з…§зүҮ'),
	(1134,2,'иә«д»ҪиҜҒжӯЈйқў','2','elder_photo_type','','success','N','1','admin','2025-12-02 17:33:58','',NULL,'иә«д»ҪиҜҒжӯЈйқўз…§зүҮ'),
	(1135,3,'иә«д»ҪиҜҒеҸҚйқў','3','elder_photo_type','','warning','N','1','admin','2025-12-02 17:33:58','',NULL,'иә«д»ҪиҜҒеҸҚйқўз…§зүҮ'),
	(1136,1,'еҗҺеҸ°з®ЎзҗҶ','1','elder_source_type','','primary','Y','1','admin','2025-12-02 17:33:58','',NULL,'еҗҺеҸ°з®ЎзҗҶзі»з»ҹеҪ•е…Ҙ'),
	(1137,2,'H5з”ЁжҲ·','2','elder_source_type','','success','N','1','admin','2025-12-02 17:33:58','',NULL,'H5з”ЁжҲ·иҮӘеҠ©еҪ•е…Ҙ'),
	(1138,4,'и§ЈйҷӨзӣ‘з®Ў','3','pension_institution_status','','info','N','0','admin','2025-12-04 19:50:40','admin','2025-12-04 19:50:40','жңәжһ„и§ЈйҷӨзӣ‘з®Ў'),
	(1139,5,'з»ҙжҠӨдёӯ','5','pension_institution_status','','primary','N','0','admin','2025-12-04 19:50:40','admin','2025-12-04 19:50:40','жңәжһ„дҝЎжҒҜз»ҙжҠӨдёӯ'),
	(1140,6,'з»ҙжҠӨеҫ…е®Ўжү№','6','pension_institution_status','','warning','N','0','admin','2025-12-04 19:50:40','admin','2025-12-04 19:50:40','жңәжһ„з»ҙжҠӨз”іиҜ·еҫ…е®Ўжү№'),
	(1141,7,'иҚүзЁҝ','4','pension_institution_status','','info','N','0','admin','2025-12-04 19:50:40','admin','2025-12-04 19:50:40','жңәжһ„з”іпҝҪпҝҪиҚүзЁҝзҠ¶жҖҒ'),
	(1142,1,'з”ҹжҙ»и®ҫж–Ҫ','life','facility_type','','primary','Y','0','admin','2025-12-07 19:55:02','',NULL,'з”ҹжҙ»и®ҫж–Ҫзұ»еһӢ'),
	(1143,2,'еҢ»з–—и®ҫж–Ҫ','medical','facility_type','','success','N','0','admin','2025-12-07 19:55:02','',NULL,'еҢ»з–—и®ҫж–Ҫзұ»еһӢ'),
	(1144,1,'ж°‘еҠһжңәжһ„','1','pension_institution_type','','primary','N','0','admin','2025-12-20 09:09:46','',NULL,'ж°‘еҠһжңәжһ„'),
	(1145,2,'е…¬еҠһжңәжһ„','2','pension_institution_type','','success','N','0','admin','2025-12-20 09:09:46','',NULL,'е…¬еҠһжңәжһ„'),
	(1146,3,'е…¬е»әж°‘иҗҘ','3','pension_institution_type','','info','N','0','admin','2025-12-20 09:09:46','',NULL,'е…¬е»әж°‘иҗҘ'),
	(1147,4,'е…»иҖҒйҷў','nursing_home','pension_institution_type','','warning','N','0','admin','2025-12-20 09:09:46','',NULL,'е…»иҖҒйҷў'),
	(1148,5,'жңҚеҠЎдёӯеҝғ','service_center','pension_institution_type','','danger','N','0','admin','2025-12-20 09:09:46','',NULL,'жңҚеҠЎдёӯеҝғ'),
	(1149,1,'еҫ…е®Ўж ё','0','review_status','','warning','N','0','admin','2025-12-22 23:19:45','',NULL,'еҫ…е®Ўж ёзҠ¶жҖҒ'),
	(1150,2,'е·ІйҖҡиҝҮ','1','review_status','','success','N','0','admin','2025-12-22 23:19:45','',NULL,'е·ІйҖҡиҝҮзҠ¶жҖҒ'),
	(1151,3,'е·ІжӢ’з»қ','2','review_status','','danger','N','0','admin','2025-12-22 23:19:45','',NULL,'е·ІжӢ’з»қзҠ¶жҖҒ'),
	(1152,1,'еҫ…е®Ўж ё','4','order_status','','info','N','0','admin','2026-01-19 17:35:44','',NULL,'и®ўеҚ•еҫ…е®Ўж ё'),
	(1153,2,'е®Ўж ёйҖҡиҝҮ','5','order_status','','primary','N','0','admin','2026-01-19 17:35:44','',NULL,'и®ўеҚ•е®Ўж ёйҖҡиҝҮеҫ…ж”Ҝд»ҳ'),
	(1154,1,'е…ҘдҪҸ','1','order_type','','primary','N','0','admin','2026-01-25 23:51:45','admin','2026-01-25 23:51:45','ж–°е…Ҙй©»и®ўеҚ•'),
	(1155,2,'з»ӯиҙ№','2','order_type','','success','N','0','admin','2026-01-25 23:51:45','admin','2026-01-25 23:51:45','з»ӯиҙ№и®ўеҚ•'),
	(1156,6,'жҠјйҮ‘','deposit','item_type','','warning','N','0','admin','2026-01-26 00:06:23','admin','2026-01-26 00:06:23','е…Ҙй©»жҠјйҮ‘'),
	(1157,7,'дјҡе‘ҳиҙ№','member_fee','item_type','','info','N','0','admin','2026-01-26 00:06:23','admin','2026-01-26 00:06:23','дјҡе‘ҳжңҚеҠЎиҙ№'),
	(1158,1,'йў„ж”¶иҙ№з”Ёи¶…йўқ','1','warning_type',NULL,'danger','N','0','admin','2026-01-29 10:54:30','',NULL,''),
	(1159,2,'жҠјйҮ‘и¶…йўқ','2','warning_type',NULL,'danger','N','0','admin','2026-01-29 10:54:30','',NULL,''),
	(1160,3,'е…ҘдҪҸдәәж•°и¶…йўқ','3','warning_type',NULL,'danger','N','0','admin','2026-01-29 10:54:30','',NULL,''),
	(1161,4,'йў„ж”¶жҖ»йўқи¶…йўқ','4','warning_type',NULL,'warning','N','0','admin','2026-01-29 10:54:30','',NULL,''),
	(1162,5,'йЈҺйҷ©дҝқиҜҒйҮ‘и¶…дҪҺ','5','warning_type',NULL,'warning','N','0','admin','2026-01-29 10:54:30','',NULL,''),
	(1163,6,'еӨ§йўқж”ҜеҮә','6','warning_type',NULL,'warning','N','0','admin','2026-01-29 10:54:30','',NULL,''),
	(1164,7,'дәӨжҳ“еҜ№ж–№йЈҺйҷ©','7','warning_type',NULL,'danger','N','0','admin','2026-01-29 10:54:30','',NULL,''),
	(1165,3,'еҲ·еҚЎж”Ҝд»ҳ','card','payment_method','','primary','N','0','admin','2026-01-31 17:34:45','',NULL,'еҲ·еҚЎж”Ҝд»ҳ'),
	(1166,4,'жү«з Ғж”Ҝд»ҳ','scan','payment_method','','success','N','0','admin','2026-01-31 17:34:45','',NULL,'жү«з Ғж”Ҝд»ҳ'),
	(1167,5,'зЁҚеҗҺж”Ҝд»ҳ','later','payment_method','','info','N','0','admin','2026-01-31 17:34:45','',NULL,'зЁҚеҗҺж”Ҝд»ҳ');

/*!40000 ALTER TABLE `sys_dict_data` ENABLE KEYS */;
UNLOCK TABLES;


# иҪ¬еӮЁиЎЁ sys_dict_type
# ------------------------------------------------------------

DROP TABLE IF EXISTS `sys_dict_type`;

CREATE TABLE `sys_dict_type` (
  `dict_id` bigint NOT NULL AUTO_INCREMENT COMMENT 'еӯ—е…ёдё»й”®',
  `dict_name` varchar(100) CHARACTER SET utf8mb4 COLLATE utf8mb4_general_ci DEFAULT '' COMMENT 'еӯ—е…ёеҗҚз§°',
  `dict_type` varchar(100) CHARACTER SET utf8mb4 COLLATE utf8mb4_general_ci DEFAULT '' COMMENT 'еӯ—е…ёзұ»еһӢ',
  `status` char(1) CHARACTER SET utf8mb4 COLLATE utf8mb4_general_ci DEFAULT '0' COMMENT 'зҠ¶жҖҒпјҲ0жӯЈеёё 1еҒңз”Ёпјү',
  `create_by` varchar(64) CHARACTER SET utf8mb4 COLLATE utf8mb4_general_ci DEFAULT '' COMMENT 'еҲӣе»әиҖ…',
  `create_time` datetime DEFAULT NULL COMMENT 'еҲӣе»әж—¶й—ҙ',
  `update_by` varchar(64) CHARACTER SET utf8mb4 COLLATE utf8mb4_general_ci DEFAULT '' COMMENT 'жӣҙж–°иҖ…',
  `update_time` datetime DEFAULT NULL COMMENT 'жӣҙж–°ж—¶й—ҙ',
  `remark` varchar(500) CHARACTER SET utf8mb4 COLLATE utf8mb4_general_ci DEFAULT NULL COMMENT 'еӨҮжіЁ',
  PRIMARY KEY (`dict_id`),
  UNIQUE KEY `dict_type` (`dict_type`)
) ENGINE=InnoDB AUTO_INCREMENT=414 DEFAULT CHARSET=utf8mb4 COLLATE=utf8mb4_general_ci COMMENT='еӯ—е…ёзұ»еһӢиЎЁ';

LOCK TABLES `sys_dict_type` WRITE;
/*!40000 ALTER TABLE `sys_dict_type` DISABLE KEYS */;

INSERT INTO `sys_dict_type` (`dict_id`, `dict_name`, `dict_type`, `status`, `create_by`, `create_time`, `update_by`, `update_time`, `remark`)
VALUES
	(1,'з”ЁжҲ·жҖ§еҲ«','sys_user_sex','0','admin','2025-10-28 02:47:08','',NULL,'з”ЁжҲ·жҖ§еҲ«еҲ—иЎЁ'),
	(2,'иҸңеҚ•зҠ¶жҖҒ','sys_show_hide','0','admin','2025-10-28 02:47:08','',NULL,'иҸңеҚ•зҠ¶жҖҒеҲ—иЎЁ'),
	(3,'зі»з»ҹејҖе…і','sys_normal_disable','0','admin','2025-10-28 02:47:08','',NULL,'зі»з»ҹејҖе…іеҲ—иЎЁ'),
	(4,'д»»еҠЎзҠ¶жҖҒ','sys_job_status','0','admin','2025-10-28 02:47:08','',NULL,'д»»еҠЎзҠ¶жҖҒеҲ—иЎЁ'),
	(5,'д»»еҠЎеҲҶз»„','sys_job_group','0','admin','2025-10-28 02:47:08','',NULL,'д»»еҠЎеҲҶз»„еҲ—иЎЁ'),
	(6,'зі»з»ҹжҳҜеҗҰ','sys_yes_no','0','admin','2025-10-28 02:47:08','',NULL,'зі»з»ҹжҳҜеҗҰеҲ—иЎЁ'),
	(7,'йҖҡзҹҘзұ»еһӢ','sys_notice_type','0','admin','2025-10-28 02:47:08','',NULL,'йҖҡзҹҘзұ»еһӢеҲ—иЎЁ'),
	(8,'йҖҡзҹҘзҠ¶жҖҒ','sys_notice_status','0','admin','2025-10-28 02:47:08','',NULL,'йҖҡзҹҘзҠ¶жҖҒеҲ—иЎЁ'),
	(9,'ж“ҚдҪңзұ»еһӢ','sys_oper_type','0','admin','2025-10-28 02:47:08','',NULL,'ж“ҚдҪңзұ»еһӢеҲ—иЎЁ'),
	(10,'зі»з»ҹзҠ¶жҖҒ','sys_common_status','0','admin','2025-10-28 02:47:08','',NULL,'зҷ»еҪ•зҠ¶жҖҒеҲ—иЎЁ'),
	(100,'жҠјйҮ‘з”іиҜ·зұ»еһӢ','deposit_apply_type','0','admin','2025-10-29 11:22:01','',NULL,'жҠјйҮ‘дҪҝз”Ёз”іиҜ·зұ»еһӢеҲ—иЎЁ'),
	(101,'зҙ§жҖҘзЁӢеәҰ','urgency_level','0','admin','2025-10-29 11:22:01','',NULL,'зҙ§жҖҘзЁӢеәҰеҲҶзұ»еҲ—иЎЁ'),
	(104,'жңәжһ„зҠ¶жҖҒ','pension_institution_status','0','admin','2025-10-28 10:00:00','ry','2025-10-28 10:00:00','жңәжһ„зҠ¶жҖҒеҲ—иЎЁ'),
	(110,'е…»иҖҒжңәжһ„еҢәеҹҹ','pension_district','0','admin','2025-11-20 00:28:58','',NULL,'йғ‘е·һеёӮеҗ„еҢәеҺҝиЎ—йҒ“'),
	(200,'жҠӨзҗҶзӯүзә§','elder_care_level','0','admin','2025-10-28 10:30:00','ry','2025-10-28 10:30:00','иҖҒдәәжҠӨзҗҶзӯүзә§еӯ—е…ёзұ»еһӢ'),
	(201,'иҖҒдәәзҠ¶жҖҒ','elder_status','0','admin','2025-10-28 18:35:38','ry','2025-10-28 18:35:38','иҖҒдәәзҠ¶жҖҒеӯ—е…ёзұ»еһӢ'),
	(202,'еәҠдҪҚзұ»еһӢ','bed_type','0','admin','2025-10-28 18:35:38','ry','2025-10-28 18:35:38','еәҠдҪҚзұ»еһӢеӯ—е…ёзұ»еһӢ'),
	(203,'еәҠдҪҚзҠ¶жҖҒ','bed_status','0','admin','2025-10-28 18:35:38','ry','2025-10-28 18:35:38','еәҠдҪҚзҠ¶жҖҒеӯ—е…ёзұ»еһӢ'),
	(204,'е…ҘдҪҸз”іиҜ·зҠ¶жҖҒ','check_in_status','0','admin','2025-10-28 18:35:38','ry','2025-10-28 18:35:38','е…ҘдҪҸз”іиҜ·зҠ¶жҖҒеӯ—е…ёзұ»еһӢ'),
	(205,'еҲҶй…ҚзҠ¶жҖҒ','allocation_status','0','admin','2025-10-28 18:35:38','ry','2025-10-28 18:35:38','еәҠдҪҚеҲҶй…ҚзҠ¶жҖҒеӯ—е…ёзұ»еһӢ'),
	(206,'жҠјйҮ‘зҠ¶жҖҒ','deposit_status','0','admin','2025-10-28 18:35:38','ry','2025-10-28 18:35:38','жҠјйҮ‘зҠ¶жҖҒеӯ—е…ёзұ»еһӢ'),
	(207,'жҖ§еҲ«','elder_gender','0','admin','2025-10-28 19:02:45','ry','2025-10-28 19:02:45','жҖ§еҲ«еӯ—е…ёзұ»еһӢ'),
	(300,'и®ўеҚ•зұ»еһӢ','order_type','0','admin','2025-10-28 20:01:58','ry','2025-10-28 20:01:58','и®ўеҚ•зұ»еһӢеӯ—е…ёзұ»еһӢ'),
	(301,'и®ўеҚ•зҠ¶жҖҒ','order_status','0','admin','2025-10-28 20:01:58','ry','2025-10-28 20:01:58','и®ўеҚ•зҠ¶жҖҒеӯ—е…ёзұ»еһӢ'),
	(302,'ж”Ҝд»ҳж–№ејҸ','payment_method','0','admin','2025-10-28 20:01:58','ry','2025-10-28 20:01:58','ж”Ҝд»ҳж–№ејҸеӯ—е…ёзұ»еһӢ'),
	(303,'ж”Ҝд»ҳзҠ¶жҖҒ','payment_status','0','admin','2025-10-28 20:01:58','ry','2025-10-28 20:01:58','ж”Ҝд»ҳзҠ¶жҖҒеӯ—е…ёзұ»еһӢ'),
	(304,'йҖҖж¬ҫзҠ¶жҖҒ','refund_status','0','admin','2025-10-28 20:01:58','ry','2025-10-28 20:01:58','йҖҖж¬ҫзҠ¶жҖҒеӯ—е…ёзұ»еһӢ'),
	(305,'и®Ўиҙ№е‘Ёжңҹ','billing_cycle','0','admin','2025-10-28 20:01:58','ry','2025-10-28 20:01:58','и®Ўиҙ№е‘Ёжңҹеӯ—е…ёзұ»еһӢ'),
	(306,'иҙҰжҲ·зҠ¶жҖҒ','account_status','0','admin','2025-10-29 00:51:41','',NULL,'иҖҒдәәиҙҰжҲ·зҠ¶жҖҒеҲ—иЎЁ'),
	(307,'еҲ’жӢЁзұ»еһӢ','transfer_type','0','admin','2025-10-29 00:53:04','',NULL,'иө„йҮ‘еҲ’жӢЁзұ»еһӢеҲ—иЎЁ'),
	(308,'еҲ’жӢЁзҠ¶жҖҒ','transfer_status','0','admin','2025-10-29 00:53:04','',NULL,'иө„йҮ‘еҲ’жӢЁзҠ¶жҖҒеҲ—иЎЁ'),
	(309,'relation_type','elder_relation_type','0','admin','2025-11-14 12:02:33','',NULL,'е®¶еұһдёҺиҖҒдәәзҡ„е…ізі»зұ»еһӢ'),
	(402,'жңәжһ„жҖ§иҙЁ','pension_institution_nature','0','admin','2025-11-20 00:32:26','',NULL,'е…»иҖҒжңәжһ„жҖ§иҙЁ'),
	(403,'ж”¶дҪҸзұ»еһӢ','pension_care_level','0','admin','2025-11-20 00:32:26','',NULL,'жҠӨзҗҶзӯүзә§'),
	(404,'еҢ»з–—жқЎд»¶','pension_medical_condition','0','admin','2025-11-20 00:32:26','',NULL,'еҢ»з–—жңҚеҠЎ'),
	(405,'жңәжһ„жҳҹзә§','pension_rating_level','0','admin','2025-11-20 00:32:26','',NULL,'жҳҹзә§иҜ„е®ҡ'),
	(406,'еәҠдҪҚжғ…еҶө','pension_bed_status','0','admin','2025-11-20 00:32:26','',NULL,'еәҠдҪҚзҠ¶еҶө'),
	(407,'иҖҒдәәз…§зүҮзұ»еһӢ','elder_photo_type','1','admin','2025-12-02 17:33:58','',NULL,'иҖҒдәәз…§зүҮзұ»еһӢеӯ—е…ё'),
	(408,'иҖҒдәәдҝЎжҒҜжқҘжәҗ','elder_source_type','1','admin','2025-12-02 17:33:58','',NULL,'иҖҒдәәдҝЎжҒҜжқҘжәҗзұ»еһӢеӯ—е…ё'),
	(409,'и®ҫж–Ҫзұ»еһӢ','facility_type','0','admin','2025-12-07 19:54:52','',NULL,'з”ҹжҙ»и®ҫж–Ҫе’ҢеҢ»з–—и®ҫж–Ҫзұ»еһӢ'),
	(410,'е…»иҖҒжңәжһ„зұ»еһӢ','pension_institution_type','0','admin','2025-12-20 09:09:37','',NULL,'е…»иҖҒжңәжһ„зұ»еһӢеӯ—е…ё'),
	(411,'иҜ„д»·е®Ўж ёзҠ¶жҖҒ','review_status','0','admin','2025-12-22 23:19:39','',NULL,'иҜ„д»·е®Ўж ёзҠ¶жҖҒеҲ—иЎЁ'),
	(412,'йЎ№зӣ®зұ»еһӢ','item_type','0','admin','2026-01-25 23:51:11','admin','2026-01-25 23:51:11','и®ўеҚ•жҳҺз»ҶйЎ№зӣ®зұ»еһӢеӯ—е…ёзұ»еһӢ'),
	(413,'йў„иӯҰзұ»еһӢ','warning_type','0','admin','2026-01-29 10:54:30','',NULL,'йў„иӯҰи§„еҲҷй…ҚзҪ®-йў„иӯҰзұ»еһӢ');

/*!40000 ALTER TABLE `sys_dict_type` ENABLE KEYS */;
UNLOCK TABLES;


# иҪ¬еӮЁиЎЁ sys_job
# ------------------------------------------------------------

DROP TABLE IF EXISTS `sys_job`;

CREATE TABLE `sys_job` (
  `job_id` bigint NOT NULL AUTO_INCREMENT COMMENT 'д»»еҠЎID',
  `job_name` varchar(64) CHARACTER SET utf8mb4 COLLATE utf8mb4_general_ci NOT NULL DEFAULT '' COMMENT 'д»»еҠЎеҗҚз§°',
  `job_group` varchar(64) CHARACTER SET utf8mb4 COLLATE utf8mb4_general_ci NOT NULL DEFAULT 'DEFAULT' COMMENT 'д»»еҠЎз»„еҗҚ',
  `invoke_target` varchar(500) CHARACTER SET utf8mb4 COLLATE utf8mb4_general_ci NOT NULL COMMENT 'и°ғз”Ёзӣ®ж Үеӯ—з¬ҰдёІ',
  `cron_expression` varchar(255) CHARACTER SET utf8mb4 COLLATE utf8mb4_general_ci DEFAULT '' COMMENT 'cronжү§иЎҢиЎЁиҫҫејҸ',
  `misfire_policy` varchar(20) CHARACTER SET utf8mb4 COLLATE utf8mb4_general_ci DEFAULT '3' COMMENT 'и®ЎеҲ’жү§иЎҢй”ҷиҜҜзӯ–з•ҘпјҲ1з«ӢеҚіжү§иЎҢ 2жү§иЎҢдёҖж¬Ў 3ж”ҫејғжү§иЎҢпјү',
  `concurrent` char(1) CHARACTER SET utf8mb4 COLLATE utf8mb4_general_ci DEFAULT '1' COMMENT 'жҳҜеҗҰе№¶еҸ‘жү§иЎҢпјҲ0е…Ғи®ё 1зҰҒжӯўпјү',
  `status` char(1) CHARACTER SET utf8mb4 COLLATE utf8mb4_general_ci DEFAULT '0' COMMENT 'зҠ¶жҖҒпјҲ0жӯЈеёё 1жҡӮеҒңпјү',
  `create_by` varchar(64) CHARACTER SET utf8mb4 COLLATE utf8mb4_general_ci DEFAULT '' COMMENT 'еҲӣе»әиҖ…',
  `create_time` datetime DEFAULT NULL COMMENT 'еҲӣе»әж—¶й—ҙ',
  `update_by` varchar(64) CHARACTER SET utf8mb4 COLLATE utf8mb4_general_ci DEFAULT '' COMMENT 'жӣҙж–°иҖ…',
  `update_time` datetime DEFAULT NULL COMMENT 'жӣҙж–°ж—¶й—ҙ',
  `remark` varchar(500) CHARACTER SET utf8mb4 COLLATE utf8mb4_general_ci DEFAULT '' COMMENT 'еӨҮжіЁдҝЎжҒҜ',
  PRIMARY KEY (`job_id`,`job_name`,`job_group`)
) ENGINE=InnoDB AUTO_INCREMENT=102 DEFAULT CHARSET=utf8mb4 COLLATE=utf8mb4_general_ci COMMENT='е®ҡж—¶д»»еҠЎи°ғеәҰиЎЁ';

LOCK TABLES `sys_job` WRITE;
/*!40000 ALTER TABLE `sys_job` DISABLE KEYS */;

INSERT INTO `sys_job` (`job_id`, `job_name`, `job_group`, `invoke_target`, `cron_expression`, `misfire_policy`, `concurrent`, `status`, `create_by`, `create_time`, `update_by`, `update_time`, `remark`)
VALUES
	(1,'зі»з»ҹй»ҳи®ӨпјҲж— еҸӮпјү','DEFAULT','ryTask.ryNoParams','0/10 * * * * ?','3','1','1','admin','2025-10-28 02:47:08','',NULL,''),
	(2,'зі»з»ҹй»ҳи®ӨпјҲжңүеҸӮпјү','DEFAULT','ryTask.ryParams(\'ry\')','0/15 * * * * ?','3','1','1','admin','2025-10-28 02:47:08','',NULL,''),
	(3,'зі»з»ҹй»ҳи®ӨпјҲеӨҡеҸӮпјү','DEFAULT','ryTask.ryMultipleParams(\'ry\', true, 2000L, 316.50D, 100)','0/20 * * * * ?','3','1','1','admin','2025-10-28 02:47:08','',NULL,''),
	(100,'иө„йҮ‘иҮӘеҠЁеҲ’жӢЁ','DEFAULT','fundTransferTask.executeAutoTransfer()','0 0 9 * * ?','3','1','0','admin','2026-01-29 23:37:12','',NULL,'жҜҸеӨ©9зӮ№жҢүеҲ’д»ҳи§„еҲҷй…ҚзҪ®иҮӘеҠЁжү§иЎҢиө„йҮ‘еҲ’жӢЁ'),
	(101,'йў„иӯҰжЈҖжөӢд»»еҠЎ','DEFAULT','warningDetectTask.detectWarnings()','0 */30 * * * ?','1','1','0','admin','2026-02-03 15:33:06','','2026-02-03 15:33:31','жҜҸ30еҲҶй’ҹжү§иЎҢдёҖж¬Ўйў„иӯҰжЈҖжөӢпјҢж №жҚ®й…ҚзҪ®и§„еҲҷиҮӘеҠЁз”ҹжҲҗйў„иӯҰи®°еҪ•');

/*!40000 ALTER TABLE `sys_job` ENABLE KEYS */;
UNLOCK TABLES;


# иҪ¬еӮЁиЎЁ sys_job_log
# ------------------------------------------------------------

DROP TABLE IF EXISTS `sys_job_log`;

CREATE TABLE `sys_job_log` (
  `job_log_id` bigint NOT NULL AUTO_INCREMENT COMMENT 'д»»еҠЎж—Ҙеҝ—ID',
  `job_name` varchar(64) CHARACTER SET utf8mb4 COLLATE utf8mb4_general_ci NOT NULL COMMENT 'д»»еҠЎеҗҚз§°',
  `job_group` varchar(64) CHARACTER SET utf8mb4 COLLATE utf8mb4_general_ci NOT NULL COMMENT 'д»»еҠЎз»„еҗҚ',
  `invoke_target` varchar(500) CHARACTER SET utf8mb4 COLLATE utf8mb4_general_ci NOT NULL COMMENT 'и°ғз”Ёзӣ®ж Үеӯ—з¬ҰдёІ',
  `job_message` varchar(500) CHARACTER SET utf8mb4 COLLATE utf8mb4_general_ci DEFAULT NULL COMMENT 'ж—Ҙеҝ—дҝЎжҒҜ',
  `status` char(1) CHARACTER SET utf8mb4 COLLATE utf8mb4_general_ci DEFAULT '0' COMMENT 'жү§иЎҢзҠ¶жҖҒпјҲ0жӯЈеёё 1еӨұиҙҘпјү',
  `exception_info` varchar(2000) CHARACTER SET utf8mb4 COLLATE utf8mb4_general_ci DEFAULT '' COMMENT 'ејӮеёёдҝЎжҒҜ',
  `create_time` datetime DEFAULT NULL COMMENT 'еҲӣе»әж—¶й—ҙ',
  PRIMARY KEY (`job_log_id`)
) ENGINE=InnoDB AUTO_INCREMENT=34 DEFAULT CHARSET=utf8mb4 COLLATE=utf8mb4_general_ci COMMENT='е®ҡж—¶д»»еҠЎи°ғеәҰж—Ҙеҝ—иЎЁ';

LOCK TABLES `sys_job_log` WRITE;
/*!40000 ALTER TABLE `sys_job_log` DISABLE KEYS */;

INSERT INTO `sys_job_log` (`job_log_id`, `job_name`, `job_group`, `invoke_target`, `job_message`, `status`, `exception_info`, `create_time`)
VALUES
	(1,'иө„йҮ‘иҮӘеҠЁеҲ’жӢЁ','DEFAULT','fundTransferTask.executeAutoTransfer()','иө„йҮ‘иҮӘеҠЁеҲ’жӢЁ жҖ»е…ұиҖ—ж—¶пјҡ4жҜ«з§’','0','','2026-01-29 23:40:21'),
	(2,'иө„йҮ‘иҮӘеҠЁеҲ’жӢЁ','DEFAULT','fundTransferTask.executeAutoTransfer()','иө„йҮ‘иҮӘеҠЁеҲ’жӢЁ жҖ»е…ұиҖ—ж—¶пјҡ9жҜ«з§’','0','','2026-01-29 23:49:37'),
	(3,'иө„йҮ‘иҮӘеҠЁеҲ’жӢЁ','DEFAULT','fundTransferTask.executeAutoTransfer()','иө„йҮ‘иҮӘеҠЁеҲ’жӢЁ жҖ»е…ұиҖ—ж—¶пјҡ17жҜ«з§’','0','','2026-01-29 23:51:45'),
	(4,'иө„йҮ‘иҮӘеҠЁеҲ’жӢЁ','DEFAULT','fundTransferTask.executeAutoTransfer()','иө„йҮ‘иҮӘеҠЁеҲ’жӢЁ жҖ»е…ұиҖ—ж—¶пјҡ8жҜ«з§’','0','','2026-01-30 00:33:08'),
	(5,'иө„йҮ‘иҮӘеҠЁеҲ’жӢЁ','DEFAULT','fundTransferTask.executeAutoTransfer()','иө„йҮ‘иҮӘеҠЁеҲ’жӢЁ жҖ»е…ұиҖ—ж—¶пјҡ16жҜ«з§’','0','','2026-01-30 00:35:15'),
	(6,'иө„йҮ‘иҮӘеҠЁеҲ’жӢЁ','DEFAULT','fundTransferTask.executeAutoTransfer()','иө„йҮ‘иҮӘеҠЁеҲ’жӢЁ жҖ»е…ұиҖ—ж—¶пјҡ8жҜ«з§’','0','','2026-01-30 00:38:36'),
	(7,'иө„йҮ‘иҮӘеҠЁеҲ’жӢЁ','DEFAULT','fundTransferTask.executeAutoTransfer()','иө„йҮ‘иҮӘеҠЁеҲ’жӢЁ жҖ»е…ұиҖ—ж—¶пјҡ37жҜ«з§’','0','','2026-01-30 00:42:47'),
	(8,'йў„иӯҰжЈҖжөӢд»»еҠЎ','DEFAULT','warningDetectTask.detectWarnings()','йў„иӯҰжЈҖжөӢд»»еҠЎ жҖ»е…ұиҖ—ж—¶пјҡ103жҜ«з§’','0','','2026-02-03 15:48:58'),
	(9,'йў„иӯҰжЈҖжөӢд»»еҠЎ','DEFAULT','warningDetectTask.detectWarnings()','йў„иӯҰжЈҖжөӢд»»еҠЎ жҖ»е…ұиҖ—ж—¶пјҡ50жҜ«з§’','0','','2026-02-03 16:00:00'),
	(10,'йў„иӯҰжЈҖжөӢд»»еҠЎ','DEFAULT','warningDetectTask.detectWarnings()','йў„иӯҰжЈҖжөӢд»»еҠЎ жҖ»е…ұиҖ—ж—¶пјҡ40жҜ«з§’','0','','2026-02-03 16:11:08'),
	(11,'йў„иӯҰжЈҖжөӢд»»еҠЎ','DEFAULT','warningDetectTask.detectWarnings()','йў„иӯҰжЈҖжөӢд»»еҠЎ жҖ»е…ұиҖ—ж—¶пјҡ99жҜ«з§’','0','','2026-02-03 16:26:00'),
	(12,'йў„иӯҰжЈҖжөӢд»»еҠЎ','DEFAULT','warningDetectTask.detectWarnings()','йў„иӯҰжЈҖжөӢд»»еҠЎ жҖ»е…ұиҖ—ж—¶пјҡ36жҜ«з§’','0','','2026-02-03 16:28:28'),
	(13,'йў„иӯҰжЈҖжөӢд»»еҠЎ','DEFAULT','warningDetectTask.detectWarnings()','йў„иӯҰжЈҖжөӢд»»еҠЎ жҖ»е…ұиҖ—ж—¶пјҡ43жҜ«з§’','0','','2026-02-03 16:30:00'),
	(14,'йў„иӯҰжЈҖжөӢд»»еҠЎ','DEFAULT','warningDetectTask.detectWarnings()','йў„иӯҰжЈҖжөӢд»»еҠЎ жҖ»е…ұиҖ—ж—¶пјҡ155жҜ«з§’','0','','2026-02-03 17:16:11'),
	(15,'йў„иӯҰжЈҖжөӢд»»еҠЎ','DEFAULT','warningDetectTask.detectWarnings()','йў„иӯҰжЈҖжөӢд»»еҠЎ жҖ»е…ұиҖ—ж—¶пјҡ53жҜ«з§’','0','','2026-02-03 17:30:00'),
	(16,'йў„иӯҰжЈҖжөӢд»»еҠЎ','DEFAULT','warningDetectTask.detectWarnings()','йў„иӯҰжЈҖжөӢд»»еҠЎ жҖ»е…ұиҖ—ж—¶пјҡ125жҜ«з§’','0','','2026-02-03 18:00:00'),
	(17,'йў„иӯҰжЈҖжөӢд»»еҠЎ','DEFAULT','warningDetectTask.detectWarnings()','йў„иӯҰжЈҖжөӢд»»еҠЎ жҖ»е…ұиҖ—ж—¶пјҡ63жҜ«з§’','0','','2026-02-03 18:30:00'),
	(18,'йў„иӯҰжЈҖжөӢд»»еҠЎ','DEFAULT','warningDetectTask.detectWarnings()','йў„иӯҰжЈҖжөӢд»»еҠЎ жҖ»е…ұиҖ—ж—¶пјҡ49жҜ«з§’','0','','2026-02-03 19:00:00'),
	(19,'йў„иӯҰжЈҖжөӢд»»еҠЎ','DEFAULT','warningDetectTask.detectWarnings()','йў„иӯҰжЈҖжөӢд»»еҠЎ жҖ»е…ұиҖ—ж—¶пјҡ53жҜ«з§’','0','','2026-02-03 19:30:00'),
	(20,'йў„иӯҰжЈҖжөӢд»»еҠЎ','DEFAULT','warningDetectTask.detectWarnings()','йў„иӯҰжЈҖжөӢд»»еҠЎ жҖ»е…ұиҖ—ж—¶пјҡ91жҜ«з§’','0','','2026-02-03 20:00:00'),
	(21,'йў„иӯҰжЈҖжөӢд»»еҠЎ','DEFAULT','warningDetectTask.detectWarnings()','йў„иӯҰжЈҖжөӢд»»еҠЎ жҖ»е…ұиҖ—ж—¶пјҡ53жҜ«з§’','0','','2026-02-03 20:30:00'),
	(22,'йў„иӯҰжЈҖжөӢд»»еҠЎ','DEFAULT','warningDetectTask.detectWarnings()','йў„иӯҰжЈҖжөӢд»»еҠЎ жҖ»е…ұиҖ—ж—¶пјҡ74жҜ«з§’','0','','2026-02-03 21:00:00'),
	(23,'йў„иӯҰжЈҖжөӢд»»еҠЎ','DEFAULT','warningDetectTask.detectWarnings()','йў„иӯҰжЈҖжөӢд»»еҠЎ жҖ»е…ұиҖ—ж—¶пјҡ36жҜ«з§’','0','','2026-02-03 21:30:00'),
	(24,'йў„иӯҰжЈҖжөӢд»»еҠЎ','DEFAULT','warningDetectTask.detectWarnings()','йў„иӯҰжЈҖжөӢд»»еҠЎ жҖ»е…ұиҖ—ж—¶пјҡ43жҜ«з§’','0','','2026-02-03 22:00:00'),
	(25,'йў„иӯҰжЈҖжөӢд»»еҠЎ','DEFAULT','warningDetectTask.detectWarnings()','йў„иӯҰжЈҖжөӢд»»еҠЎ жҖ»е…ұиҖ—ж—¶пјҡ31жҜ«з§’','0','','2026-02-03 22:30:00'),
	(26,'йў„иӯҰжЈҖжөӢд»»еҠЎ','DEFAULT','warningDetectTask.detectWarnings()','йў„иӯҰжЈҖжөӢд»»еҠЎ жҖ»е…ұиҖ—ж—¶пјҡ36жҜ«з§’','0','','2026-02-03 23:30:00'),
	(27,'йў„иӯҰжЈҖжөӢд»»еҠЎ','DEFAULT','warningDetectTask.detectWarnings()','йў„иӯҰжЈҖжөӢд»»еҠЎ жҖ»е…ұиҖ—ж—¶пјҡ51жҜ«з§’','0','','2026-02-04 00:00:00'),
	(28,'йў„иӯҰжЈҖжөӢд»»еҠЎ','DEFAULT','warningDetectTask.detectWarnings()','йў„иӯҰжЈҖжөӢд»»еҠЎ жҖ»е…ұиҖ—ж—¶пјҡ33жҜ«з§’','0','','2026-02-04 00:30:00'),
	(29,'йў„иӯҰжЈҖжөӢд»»еҠЎ','DEFAULT','warningDetectTask.detectWarnings()','йў„иӯҰжЈҖжөӢд»»еҠЎ жҖ»е…ұиҖ—ж—¶пјҡ27жҜ«з§’','0','','2026-02-04 01:00:00'),
	(30,'йў„иӯҰжЈҖжөӢд»»еҠЎ','DEFAULT','warningDetectTask.detectWarnings()','йў„иӯҰжЈҖжөӢд»»еҠЎ жҖ»е…ұиҖ—ж—¶пјҡ61жҜ«з§’','0','','2026-02-04 01:30:00'),
	(31,'йў„иӯҰжЈҖжөӢд»»еҠЎ','DEFAULT','warningDetectTask.detectWarnings()','йў„иӯҰжЈҖжөӢд»»еҠЎ жҖ»е…ұиҖ—ж—¶пјҡ39жҜ«з§’','0','','2026-02-04 02:00:00'),
	(32,'йў„иӯҰжЈҖжөӢд»»еҠЎ','DEFAULT','warningDetectTask.detectWarnings()','йў„иӯҰжЈҖжөӢд»»еҠЎ жҖ»е…ұиҖ—ж—¶пјҡ27жҜ«з§’','0','','2026-02-04 02:30:00'),
	(33,'йў„иӯҰжЈҖжөӢд»»еҠЎ','DEFAULT','warningDetectTask.detectWarnings()','йў„иӯҰжЈҖжөӢд»»еҠЎ жҖ»е…ұиҖ—ж—¶пјҡ35жҜ«з§’','0','','2026-02-04 03:00:00');

/*!40000 ALTER TABLE `sys_job_log` ENABLE KEYS */;
UNLOCK TABLES;


# иҪ¬еӮЁиЎЁ sys_logininfor
# ------------------------------------------------------------

DROP TABLE IF EXISTS `sys_logininfor`;

CREATE TABLE `sys_logininfor` (
  `info_id` bigint NOT NULL AUTO_INCREMENT COMMENT 'и®ҝй—®ID',
  `user_name` varchar(50) CHARACTER SET utf8mb4 COLLATE utf8mb4_general_ci DEFAULT '' COMMENT 'з”ЁжҲ·иҙҰеҸ·',
  `ipaddr` varchar(128) CHARACTER SET utf8mb4 COLLATE utf8mb4_general_ci DEFAULT '' COMMENT 'зҷ»еҪ•IPең°еқҖ',
  `login_location` varchar(255) CHARACTER SET utf8mb4 COLLATE utf8mb4_general_ci DEFAULT '' COMMENT 'зҷ»еҪ•ең°зӮ№',
  `browser` varchar(50) CHARACTER SET utf8mb4 COLLATE utf8mb4_general_ci DEFAULT '' COMMENT 'жөҸи§ҲеҷЁзұ»еһӢ',
  `os` varchar(50) CHARACTER SET utf8mb4 COLLATE utf8mb4_general_ci DEFAULT '' COMMENT 'ж“ҚдҪңзі»з»ҹ',
  `status` char(1) CHARACTER SET utf8mb4 COLLATE utf8mb4_general_ci DEFAULT '0' COMMENT 'зҷ»еҪ•зҠ¶жҖҒпјҲ0жҲҗеҠҹ 1еӨұиҙҘпјү',
  `msg` varchar(255) CHARACTER SET utf8mb4 COLLATE utf8mb4_general_ci DEFAULT '' COMMENT 'жҸҗзӨәж¶ҲжҒҜ',
  `login_time` datetime DEFAULT NULL COMMENT 'и®ҝй—®ж—¶й—ҙ',
  PRIMARY KEY (`info_id`),
  KEY `idx_sys_logininfor_s` (`status`),
  KEY `idx_sys_logininfor_lt` (`login_time`)
) ENGINE=InnoDB AUTO_INCREMENT=1091 DEFAULT CHARSET=utf8mb4 COLLATE=utf8mb4_general_ci COMMENT='зі»з»ҹи®ҝй—®и®°еҪ•';

LOCK TABLES `sys_logininfor` WRITE;
/*!40000 ALTER TABLE `sys_logininfor` DISABLE KEYS */;

INSERT INTO `sys_logininfor` (`info_id`, `user_name`, `ipaddr`, `login_location`, `browser`, `os`, `status`, `msg`, `login_time`)
VALUES
	(894,'admin','127.0.0.1','еҶ…зҪ‘IP','Chrome 14','Mac OS X','0','йҖҖеҮәжҲҗеҠҹ','2026-01-31 22:50:09'),
	(895,'jg765678','127.0.0.1','еҶ…зҪ‘IP','Chrome 14','Mac OS X','0','зҷ»еҪ•жҲҗеҠҹ','2026-01-31 22:50:15'),
	(896,'jg765678','127.0.0.1','еҶ…зҪ‘IP','Chrome 14','Mac OS X','0','йҖҖеҮәжҲҗеҠҹ','2026-01-31 22:58:59'),
	(897,'admin','127.0.0.1','еҶ…зҪ‘IP','Chrome 14','Mac OS X','0','зҷ»еҪ•жҲҗеҠҹ','2026-01-31 22:59:01'),
	(898,'admin','127.0.0.1','еҶ…зҪ‘IP','Chrome 14','Mac OS X','0','йҖҖеҮәжҲҗеҠҹ','2026-01-31 23:02:52'),
	(899,'jg765678','127.0.0.1','еҶ…зҪ‘IP','Chrome 14','Mac OS X','0','зҷ»еҪ•жҲҗеҠҹ','2026-01-31 23:02:57'),
	(900,'jg765678','127.0.0.1','еҶ…зҪ‘IP','Chrome 14','Mac OS X','0','йҖҖеҮәжҲҗеҠҹ','2026-01-31 23:44:37'),
	(901,'admin','127.0.0.1','еҶ…зҪ‘IP','Chrome 14','Mac OS X','0','зҷ»еҪ•жҲҗеҠҹ','2026-01-31 23:44:39'),
	(902,'admin','127.0.0.1','еҶ…зҪ‘IP','Chrome 14','Mac OS X','0','йҖҖеҮәжҲҗеҠҹ','2026-02-01 00:54:45'),
	(903,'jg765678','127.0.0.1','еҶ…зҪ‘IP','Chrome 14','Mac OS X','0','зҷ»еҪ•жҲҗеҠҹ','2026-02-01 00:54:52'),
	(904,'jg765678','127.0.0.1','еҶ…зҪ‘IP','Chrome 14','Mac OS X','0','йҖҖеҮәжҲҗеҠҹ','2026-02-01 00:56:49'),
	(905,'admin','127.0.0.1','еҶ…зҪ‘IP','Chrome 14','Mac OS X','0','зҷ»еҪ•жҲҗеҠҹ','2026-02-01 00:56:50'),
	(906,'admin','127.0.0.1','еҶ…зҪ‘IP','Chrome 14','Mac OS X','0','йҖҖеҮәжҲҗеҠҹ','2026-02-01 00:58:19'),
	(907,'jg696562','127.0.0.1','еҶ…зҪ‘IP','Chrome 14','Mac OS X','0','зҷ»еҪ•жҲҗеҠҹ','2026-02-01 00:58:27'),
	(908,'jg696562','127.0.0.1','еҶ…зҪ‘IP','Chrome 14','Mac OS X','0','йҖҖеҮәжҲҗеҠҹ','2026-02-01 01:07:05'),
	(909,'admin','127.0.0.1','еҶ…зҪ‘IP','Chrome 14','Mac OS X','0','зҷ»еҪ•жҲҗеҠҹ','2026-02-01 01:07:15'),
	(910,'admin','127.0.0.1','еҶ…зҪ‘IP','Chrome 14','Mac OS X','0','йҖҖеҮәжҲҗеҠҹ','2026-02-01 01:12:19'),
	(911,'jg909876','127.0.0.1','еҶ…зҪ‘IP','Chrome 14','Mac OS X','0','зҷ»еҪ•жҲҗеҠҹ','2026-02-01 01:12:33'),
	(912,'jg909876','127.0.0.1','еҶ…зҪ‘IP','Chrome 14','Mac OS X','0','йҖҖеҮәжҲҗеҠҹ','2026-02-01 01:14:22'),
	(913,'admin','127.0.0.1','еҶ…зҪ‘IP','Chrome 14','Mac OS X','0','зҷ»еҪ•жҲҗеҠҹ','2026-02-01 01:14:24'),
	(914,'admin','127.0.0.1','еҶ…зҪ‘IP','Chrome 14','Mac OS X','0','йҖҖеҮәжҲҗеҠҹ','2026-02-01 01:20:22'),
	(915,'jg909876','127.0.0.1','еҶ…зҪ‘IP','Chrome 14','Mac OS X','0','зҷ»еҪ•жҲҗеҠҹ','2026-02-01 01:20:31'),
	(916,'admin','127.0.0.1','еҶ…зҪ‘IP','Chrome 14','Mac OS X','0','зҷ»еҪ•жҲҗеҠҹ','2026-02-03 00:32:21'),
	(917,'admin','127.0.0.1','еҶ…зҪ‘IP','Chrome 14','Mac OS X','0','йҖҖеҮәжҲҗеҠҹ','2026-02-03 00:33:26'),
	(918,'jg909876','127.0.0.1','еҶ…зҪ‘IP','Chrome 14','Mac OS X','0','зҷ»еҪ•жҲҗеҠҹ','2026-02-03 00:33:32'),
	(919,'jg909876','127.0.0.1','еҶ…зҪ‘IP','Chrome 14','Mac OS X','0','йҖҖеҮәжҲҗеҠҹ','2026-02-03 00:38:00'),
	(920,'admin','127.0.0.1','еҶ…зҪ‘IP','Chrome 14','Mac OS X','0','зҷ»еҪ•жҲҗеҠҹ','2026-02-03 00:38:03'),
	(921,'admin','127.0.0.1','еҶ…зҪ‘IP','Chrome 14','Mac OS X','0','йҖҖеҮәжҲҗеҠҹ','2026-02-03 00:42:08'),
	(922,'admin','127.0.0.1','еҶ…зҪ‘IP','Chrome 14','Mac OS X','0','зҷ»еҪ•жҲҗеҠҹ','2026-02-03 00:42:10'),
	(923,'admin','127.0.0.1','еҶ…зҪ‘IP','Chrome 14','Mac OS X','0','йҖҖеҮәжҲҗеҠҹ','2026-02-03 00:55:29'),
	(924,'jg909876','127.0.0.1','еҶ…зҪ‘IP','Chrome 14','Mac OS X','0','зҷ»еҪ•жҲҗеҠҹ','2026-02-03 00:55:35'),
	(925,'jg909876','127.0.0.1','еҶ…зҪ‘IP','Chrome 14','Mac OS X','0','йҖҖеҮәжҲҗеҠҹ','2026-02-03 00:56:23'),
	(926,'admin','127.0.0.1','еҶ…зҪ‘IP','Chrome 14','Mac OS X','0','зҷ»еҪ•жҲҗеҠҹ','2026-02-03 00:56:25'),
	(927,'admin','127.0.0.1','еҶ…зҪ‘IP','Chrome 14','Mac OS X','0','йҖҖеҮәжҲҗеҠҹ','2026-02-03 00:57:17'),
	(928,'jg909876','127.0.0.1','еҶ…зҪ‘IP','Chrome 14','Mac OS X','0','зҷ»еҪ•жҲҗеҠҹ','2026-02-03 00:57:23'),
	(929,'jg909876','127.0.0.1','еҶ…зҪ‘IP','Chrome 14','Mac OS X','0','йҖҖеҮәжҲҗеҠҹ','2026-02-03 00:59:39'),
	(930,'admin','127.0.0.1','еҶ…зҪ‘IP','Chrome 14','Mac OS X','0','зҷ»еҪ•жҲҗеҠҹ','2026-02-03 00:59:41'),
	(931,'admin','127.0.0.1','еҶ…зҪ‘IP','Chrome 14','Mac OS X','0','йҖҖеҮәжҲҗеҠҹ','2026-02-03 01:00:55'),
	(932,'jg909876','127.0.0.1','еҶ…зҪ‘IP','Chrome 14','Mac OS X','0','зҷ»еҪ•жҲҗеҠҹ','2026-02-03 01:01:01'),
	(933,'jg909876','127.0.0.1','еҶ…зҪ‘IP','Chrome 14','Mac OS X','0','йҖҖеҮәжҲҗеҠҹ','2026-02-03 01:06:48'),
	(934,'admin','127.0.0.1','еҶ…зҪ‘IP','Chrome 14','Mac OS X','0','зҷ»еҪ•жҲҗеҠҹ','2026-02-03 01:06:51'),
	(935,'admin','127.0.0.1','еҶ…зҪ‘IP','Chrome 14','Mac OS X','0','йҖҖеҮәжҲҗеҠҹ','2026-02-03 01:07:24'),
	(936,'jg909876','127.0.0.1','еҶ…зҪ‘IP','Chrome 14','Mac OS X','0','зҷ»еҪ•жҲҗеҠҹ','2026-02-03 01:07:30'),
	(937,'jg909876','127.0.0.1','еҶ…зҪ‘IP','Chrome 14','Mac OS X','0','йҖҖеҮәжҲҗеҠҹ','2026-02-03 01:10:25'),
	(938,'jg909876','127.0.0.1','еҶ…зҪ‘IP','Chrome 14','Mac OS X','0','зҷ»еҪ•жҲҗеҠҹ','2026-02-03 01:10:31'),
	(939,'jg909876','127.0.0.1','еҶ…зҪ‘IP','Chrome 14','Mac OS X','0','йҖҖеҮәжҲҗеҠҹ','2026-02-03 01:15:38'),
	(940,'admin','127.0.0.1','еҶ…зҪ‘IP','Chrome 14','Mac OS X','0','зҷ»еҪ•жҲҗеҠҹ','2026-02-03 01:15:40'),
	(941,'admin','127.0.0.1','еҶ…зҪ‘IP','Chrome 14','Mac OS X','0','йҖҖеҮәжҲҗеҠҹ','2026-02-03 01:20:03'),
	(942,'admin','127.0.0.1','еҶ…зҪ‘IP','Chrome 14','Mac OS X','0','зҷ»еҪ•жҲҗеҠҹ','2026-02-03 01:20:05'),
	(943,'admin','127.0.0.1','еҶ…зҪ‘IP','Chrome 14','Mac OS X','0','йҖҖеҮәжҲҗеҠҹ','2026-02-03 01:20:13'),
	(944,'jg909876','127.0.0.1','еҶ…зҪ‘IP','Chrome 14','Mac OS X','0','зҷ»еҪ•жҲҗеҠҹ','2026-02-03 01:20:20'),
	(945,'jg909876','127.0.0.1','еҶ…зҪ‘IP','Chrome 14','Mac OS X','0','йҖҖеҮәжҲҗеҠҹ','2026-02-03 01:21:51'),
	(946,'jg696562','127.0.0.1','еҶ…зҪ‘IP','Chrome 14','Mac OS X','0','зҷ»еҪ•жҲҗеҠҹ','2026-02-03 01:22:01'),
	(947,'jg696562','127.0.0.1','еҶ…зҪ‘IP','Chrome 14','Mac OS X','0','йҖҖеҮәжҲҗеҠҹ','2026-02-03 01:22:18'),
	(948,'jg765678','127.0.0.1','еҶ…зҪ‘IP','Chrome 14','Mac OS X','0','зҷ»еҪ•жҲҗеҠҹ','2026-02-03 01:22:26'),
	(949,'jg765678','127.0.0.1','еҶ…зҪ‘IP','Chrome 14','Mac OS X','0','йҖҖеҮәжҲҗеҠҹ','2026-02-03 01:45:17'),
	(950,'admin','127.0.0.1','еҶ…зҪ‘IP','Chrome 14','Mac OS X','0','зҷ»еҪ•жҲҗеҠҹ','2026-02-03 01:53:06'),
	(951,'admin','127.0.0.1','еҶ…зҪ‘IP','Chrome 14','Mac OS X','0','йҖҖеҮәжҲҗеҠҹ','2026-02-03 02:01:02'),
	(952,'jg765678','127.0.0.1','еҶ…зҪ‘IP','Chrome 14','Mac OS X','0','зҷ»еҪ•жҲҗеҠҹ','2026-02-03 02:01:10'),
	(953,'jg765678','127.0.0.1','еҶ…зҪ‘IP','Chrome 14','Mac OS X','0','йҖҖеҮәжҲҗеҠҹ','2026-02-03 02:03:22'),
	(954,'admin','127.0.0.1','еҶ…зҪ‘IP','Chrome 14','Mac OS X','0','зҷ»еҪ•жҲҗеҠҹ','2026-02-03 02:03:25'),
	(955,'admin','127.0.0.1','еҶ…зҪ‘IP','Chrome 14','Mac OS X','0','йҖҖеҮәжҲҗеҠҹ','2026-02-03 02:23:14'),
	(956,'jg765678','127.0.0.1','еҶ…зҪ‘IP','Chrome 14','Mac OS X','0','зҷ»еҪ•жҲҗеҠҹ','2026-02-03 02:23:28'),
	(957,'jg765678','127.0.0.1','еҶ…зҪ‘IP','Chrome 14','Mac OS X','0','йҖҖеҮәжҲҗеҠҹ','2026-02-03 02:37:06'),
	(958,'admin','127.0.0.1','еҶ…зҪ‘IP','Chrome 14','Mac OS X','0','зҷ»еҪ•жҲҗеҠҹ','2026-02-03 02:37:09'),
	(959,'admin','127.0.0.1','еҶ…зҪ‘IP','Chrome 14','Mac OS X','0','йҖҖеҮәжҲҗеҠҹ','2026-02-03 02:46:15'),
	(960,'jg765678','127.0.0.1','еҶ…зҪ‘IP','Chrome 14','Mac OS X','0','зҷ»еҪ•жҲҗеҠҹ','2026-02-03 02:46:22'),
	(961,'jg765678','127.0.0.1','еҶ…зҪ‘IP','Chrome 14','Mac OS X','0','йҖҖеҮәжҲҗеҠҹ','2026-02-03 02:48:40'),
	(962,'admin','127.0.0.1','еҶ…зҪ‘IP','Chrome 14','Mac OS X','0','зҷ»еҪ•жҲҗеҠҹ','2026-02-03 02:48:42'),
	(963,'admin','127.0.0.1','еҶ…зҪ‘IP','Chrome 14','Mac OS X','0','йҖҖеҮәжҲҗеҠҹ','2026-02-03 02:50:09'),
	(964,'admin','127.0.0.1','еҶ…зҪ‘IP','Chrome 14','Mac OS X','0','зҷ»еҪ•жҲҗеҠҹ','2026-02-03 02:50:11'),
	(965,'admin','127.0.0.1','еҶ…зҪ‘IP','Chrome 14','Mac OS X','0','йҖҖеҮәжҲҗеҠҹ','2026-02-03 02:50:18'),
	(966,'jg765678','127.0.0.1','еҶ…зҪ‘IP','Chrome 14','Mac OS X','0','зҷ»еҪ•жҲҗеҠҹ','2026-02-03 02:50:27'),
	(967,'jg765678','127.0.0.1','еҶ…зҪ‘IP','Chrome 14','Mac OS X','0','йҖҖеҮәжҲҗеҠҹ','2026-02-03 02:52:20'),
	(968,'admin','127.0.0.1','еҶ…зҪ‘IP','Chrome 14','Mac OS X','0','зҷ»еҪ•жҲҗеҠҹ','2026-02-03 02:52:22'),
	(969,'admin','127.0.0.1','еҶ…зҪ‘IP','Chrome 14','Mac OS X','0','йҖҖеҮәжҲҗеҠҹ','2026-02-03 02:58:20'),
	(970,'jg765678','127.0.0.1','еҶ…зҪ‘IP','Chrome 14','Mac OS X','0','зҷ»еҪ•жҲҗеҠҹ','2026-02-03 03:03:36'),
	(971,'jg765678','127.0.0.1','еҶ…зҪ‘IP','Chrome 14','Mac OS X','0','йҖҖеҮәжҲҗеҠҹ','2026-02-03 03:11:11'),
	(972,'admin','127.0.0.1','еҶ…зҪ‘IP','Chrome 14','Mac OS X','0','зҷ»еҪ•жҲҗеҠҹ','2026-02-03 03:11:14'),
	(973,'admin','127.0.0.1','еҶ…зҪ‘IP','Chrome 14','Mac OS X','0','йҖҖеҮәжҲҗеҠҹ','2026-02-03 03:21:46'),
	(974,'jg765678','127.0.0.1','еҶ…зҪ‘IP','Chrome 14','Mac OS X','0','зҷ»еҪ•жҲҗеҠҹ','2026-02-03 03:21:52'),
	(975,'jg765678','127.0.0.1','еҶ…зҪ‘IP','Chrome 14','Mac OS X','0','йҖҖеҮәжҲҗеҠҹ','2026-02-03 03:27:07'),
	(976,'admin','127.0.0.1','еҶ…зҪ‘IP','Chrome 14','Mac OS X','0','зҷ»еҪ•жҲҗеҠҹ','2026-02-03 03:27:09'),
	(977,'admin','127.0.0.1','еҶ…зҪ‘IP','Chrome 14','Mac OS X','0','йҖҖеҮәжҲҗеҠҹ','2026-02-03 04:11:35'),
	(978,'admin','127.0.0.1','еҶ…зҪ‘IP','Chrome 14','Mac OS X','0','зҷ»еҪ•жҲҗеҠҹ','2026-02-03 04:11:37'),
	(979,'admin','127.0.0.1','еҶ…зҪ‘IP','Chrome 14','Mac OS X','0','йҖҖеҮәжҲҗеҠҹ','2026-02-03 04:11:43'),
	(980,'jg765678','127.0.0.1','еҶ…зҪ‘IP','Chrome 14','Mac OS X','0','зҷ»еҪ•жҲҗеҠҹ','2026-02-03 04:11:50'),
	(981,'jg765678','127.0.0.1','еҶ…зҪ‘IP','Chrome 14','Mac OS X','0','йҖҖеҮәжҲҗеҠҹ','2026-02-03 04:12:04'),
	(982,'admin','127.0.0.1','еҶ…зҪ‘IP','Chrome 14','Mac OS X','0','зҷ»еҪ•жҲҗеҠҹ','2026-02-03 04:12:07'),
	(983,'admin','127.0.0.1','еҶ…зҪ‘IP','Chrome 14','Mac OS X','0','йҖҖеҮәжҲҗеҠҹ','2026-02-03 15:56:33'),
	(984,'jg765678','127.0.0.1','еҶ…зҪ‘IP','Chrome 14','Mac OS X','0','зҷ»еҪ•жҲҗеҠҹ','2026-02-03 15:56:39'),
	(985,'jg765678','127.0.0.1','еҶ…зҪ‘IP','Chrome 14','Mac OS X','0','йҖҖеҮәжҲҗеҠҹ','2026-02-03 16:10:50'),
	(986,'admin','127.0.0.1','еҶ…зҪ‘IP','Chrome 14','Mac OS X','0','зҷ»еҪ•жҲҗеҠҹ','2026-02-03 16:10:52'),
	(987,'admin','127.0.0.1','еҶ…зҪ‘IP','Chrome 14','Mac OS X','0','йҖҖеҮәжҲҗеҠҹ','2026-02-03 21:24:36'),
	(988,'jg765678','127.0.0.1','еҶ…зҪ‘IP','Chrome 14','Mac OS X','0','зҷ»еҪ•жҲҗеҠҹ','2026-02-03 21:24:42'),
	(989,'jg765678','127.0.0.1','еҶ…зҪ‘IP','Chrome 14','Mac OS X','0','йҖҖеҮәжҲҗеҠҹ','2026-02-03 21:27:51'),
	(990,'admin','127.0.0.1','еҶ…зҪ‘IP','Chrome 14','Mac OS X','0','зҷ»еҪ•жҲҗеҠҹ','2026-02-03 21:27:53'),
	(991,'admin','127.0.0.1','еҶ…зҪ‘IP','Chrome 14','Mac OS X','0','йҖҖеҮәжҲҗеҠҹ','2026-02-03 21:31:17'),
	(992,'jg765678','127.0.0.1','еҶ…зҪ‘IP','Chrome 14','Mac OS X','0','зҷ»еҪ•жҲҗеҠҹ','2026-02-03 21:31:24'),
	(993,'jg765678','127.0.0.1','еҶ…зҪ‘IP','Chrome 14','Mac OS X','0','йҖҖеҮәжҲҗеҠҹ','2026-02-03 21:34:52'),
	(994,'admin','127.0.0.1','еҶ…зҪ‘IP','Chrome 14','Mac OS X','0','зҷ»еҪ•жҲҗеҠҹ','2026-02-03 21:34:54'),
	(995,'admin','127.0.0.1','еҶ…зҪ‘IP','Chrome 14','Mac OS X','0','йҖҖеҮәжҲҗеҠҹ','2026-02-03 21:57:14'),
	(996,'jg765678','127.0.0.1','еҶ…зҪ‘IP','Chrome 14','Mac OS X','0','зҷ»еҪ•жҲҗеҠҹ','2026-02-03 21:57:21'),
	(997,'jg765678','127.0.0.1','еҶ…зҪ‘IP','Chrome 14','Mac OS X','0','йҖҖеҮәжҲҗеҠҹ','2026-02-03 22:00:04'),
	(998,'jg765678','127.0.0.1','еҶ…зҪ‘IP','Chrome 14','Mac OS X','0','зҷ»еҪ•жҲҗеҠҹ','2026-02-03 22:00:10'),
	(999,'jg765678','127.0.0.1','еҶ…зҪ‘IP','Chrome 14','Mac OS X','0','йҖҖеҮәжҲҗеҠҹ','2026-02-03 22:31:49'),
	(1000,'admin','127.0.0.1','еҶ…зҪ‘IP','Chrome 14','Mac OS X','0','зҷ»еҪ•жҲҗеҠҹ','2026-02-03 22:31:52'),
	(1001,'admin','127.0.0.1','еҶ…зҪ‘IP','Chrome 14','Mac OS X','0','йҖҖеҮәжҲҗеҠҹ','2026-02-03 22:33:56'),
	(1002,'jg765678','127.0.0.1','еҶ…зҪ‘IP','Chrome 14','Mac OS X','0','зҷ»еҪ•жҲҗеҠҹ','2026-02-03 22:34:06'),
	(1003,'jg765678','127.0.0.1','еҶ…зҪ‘IP','Chrome 14','Mac OS X','0','йҖҖеҮәжҲҗеҠҹ','2026-02-03 22:38:08'),
	(1004,'admin','127.0.0.1','еҶ…зҪ‘IP','Chrome 14','Mac OS X','0','зҷ»еҪ•жҲҗеҠҹ','2026-02-03 22:38:10'),
	(1005,'admin','127.0.0.1','еҶ…зҪ‘IP','Chrome 14','Mac OS X','0','йҖҖеҮәжҲҗеҠҹ','2026-02-03 22:40:40'),
	(1006,'jg765678','127.0.0.1','еҶ…зҪ‘IP','Chrome 14','Mac OS X','0','зҷ»еҪ•жҲҗеҠҹ','2026-02-03 22:40:46'),
	(1007,'jg765678','127.0.0.1','еҶ…зҪ‘IP','Chrome 14','Mac OS X','0','йҖҖеҮәжҲҗеҠҹ','2026-02-03 22:49:54'),
	(1008,'admin','127.0.0.1','еҶ…зҪ‘IP','Chrome 14','Mac OS X','0','зҷ»еҪ•жҲҗеҠҹ','2026-02-03 22:49:56'),
	(1009,'admin','127.0.0.1','еҶ…зҪ‘IP','Chrome 14','Mac OS X','0','йҖҖеҮәжҲҗеҠҹ','2026-02-03 22:50:13'),
	(1010,'jg765678','127.0.0.1','еҶ…зҪ‘IP','Chrome 14','Mac OS X','0','зҷ»еҪ•жҲҗеҠҹ','2026-02-03 22:50:19'),
	(1011,'jg765678','127.0.0.1','еҶ…зҪ‘IP','Chrome 14','Mac OS X','0','йҖҖеҮәжҲҗеҠҹ','2026-02-03 22:52:20'),
	(1012,'admin','127.0.0.1','еҶ…зҪ‘IP','Chrome 14','Mac OS X','0','зҷ»еҪ•жҲҗеҠҹ','2026-02-03 22:52:22'),
	(1013,'admin','127.0.0.1','еҶ…зҪ‘IP','Chrome 14','Mac OS X','0','йҖҖеҮәжҲҗеҠҹ','2026-02-03 22:52:39'),
	(1014,'jg765678','127.0.0.1','еҶ…зҪ‘IP','Chrome 14','Mac OS X','0','зҷ»еҪ•жҲҗеҠҹ','2026-02-03 22:52:46'),
	(1015,'jg765678','127.0.0.1','еҶ…зҪ‘IP','Chrome 14','Mac OS X','0','йҖҖеҮәжҲҗеҠҹ','2026-02-03 22:54:20'),
	(1016,'admin','127.0.0.1','еҶ…зҪ‘IP','Chrome 14','Mac OS X','0','зҷ»еҪ•жҲҗеҠҹ','2026-02-03 22:54:22'),
	(1017,'admin','127.0.0.1','еҶ…зҪ‘IP','Chrome 14','Mac OS X','0','йҖҖеҮәжҲҗеҠҹ','2026-02-03 22:54:43'),
	(1018,'jg765678','127.0.0.1','еҶ…зҪ‘IP','Chrome 14','Mac OS X','0','зҷ»еҪ•жҲҗеҠҹ','2026-02-03 22:54:49'),
	(1019,'jg765678','127.0.0.1','еҶ…зҪ‘IP','Chrome 14','Mac OS X','0','йҖҖеҮәжҲҗеҠҹ','2026-02-03 22:55:13'),
	(1020,'admin','127.0.0.1','еҶ…зҪ‘IP','Chrome 14','Mac OS X','0','зҷ»еҪ•жҲҗеҠҹ','2026-02-03 22:55:15'),
	(1021,'admin','127.0.0.1','еҶ…зҪ‘IP','Chrome 14','Mac OS X','0','йҖҖеҮәжҲҗеҠҹ','2026-02-03 22:55:47'),
	(1022,'jg765678','127.0.0.1','еҶ…зҪ‘IP','Chrome 14','Mac OS X','0','зҷ»еҪ•жҲҗеҠҹ','2026-02-03 22:55:59'),
	(1023,'jg765678','127.0.0.1','еҶ…зҪ‘IP','Chrome 14','Mac OS X','0','йҖҖеҮәжҲҗеҠҹ','2026-02-03 23:00:40'),
	(1024,'jg765678','127.0.0.1','еҶ…зҪ‘IP','Chrome 14','Mac OS X','0','зҷ»еҪ•жҲҗеҠҹ','2026-02-03 23:00:47'),
	(1025,'jg765678','127.0.0.1','еҶ…зҪ‘IP','Chrome 14','Mac OS X','0','йҖҖеҮәжҲҗеҠҹ','2026-02-03 23:00:52'),
	(1026,'admin','127.0.0.1','еҶ…зҪ‘IP','Chrome 14','Mac OS X','0','зҷ»еҪ•жҲҗеҠҹ','2026-02-03 23:00:54'),
	(1027,'admin','127.0.0.1','еҶ…зҪ‘IP','Chrome 14','Mac OS X','0','йҖҖеҮәжҲҗеҠҹ','2026-02-03 23:01:41'),
	(1028,'jg765678','127.0.0.1','еҶ…зҪ‘IP','Chrome 14','Mac OS X','0','зҷ»еҪ•жҲҗеҠҹ','2026-02-03 23:01:49'),
	(1029,'jg765678','127.0.0.1','еҶ…зҪ‘IP','Chrome 14','Mac OS X','0','йҖҖеҮәжҲҗеҠҹ','2026-02-03 23:05:33'),
	(1030,'jg765678','127.0.0.1','еҶ…зҪ‘IP','Chrome 14','Mac OS X','0','зҷ»еҪ•жҲҗеҠҹ','2026-02-03 23:05:40'),
	(1031,'jg765678','127.0.0.1','еҶ…зҪ‘IP','Chrome 14','Mac OS X','0','йҖҖеҮәжҲҗеҠҹ','2026-02-03 23:05:54'),
	(1032,'admin','127.0.0.1','еҶ…зҪ‘IP','Chrome 14','Mac OS X','0','зҷ»еҪ•жҲҗеҠҹ','2026-02-03 23:05:56'),
	(1033,'admin','127.0.0.1','еҶ…зҪ‘IP','Chrome 14','Mac OS X','0','йҖҖеҮәжҲҗеҠҹ','2026-02-04 00:03:02'),
	(1034,'jg765678','127.0.0.1','еҶ…зҪ‘IP','Chrome 14','Mac OS X','0','зҷ»еҪ•жҲҗеҠҹ','2026-02-04 00:03:08'),
	(1035,'jg765678','127.0.0.1','еҶ…зҪ‘IP','Chrome 14','Mac OS X','0','йҖҖеҮәжҲҗеҠҹ','2026-02-04 00:04:35'),
	(1036,'admin','127.0.0.1','еҶ…зҪ‘IP','Chrome 14','Mac OS X','0','зҷ»еҪ•жҲҗеҠҹ','2026-02-04 00:04:37'),
	(1037,'admin','127.0.0.1','еҶ…зҪ‘IP','Chrome 14','Mac OS X','0','йҖҖеҮәжҲҗеҠҹ','2026-02-04 00:05:01'),
	(1038,'jg765678','127.0.0.1','еҶ…зҪ‘IP','Chrome 14','Mac OS X','0','зҷ»еҪ•жҲҗеҠҹ','2026-02-04 00:05:06'),
	(1039,'jg765678','127.0.0.1','еҶ…зҪ‘IP','Chrome 14','Mac OS X','0','йҖҖеҮәжҲҗеҠҹ','2026-02-04 00:08:56'),
	(1040,'admin','127.0.0.1','еҶ…зҪ‘IP','Chrome 14','Mac OS X','0','зҷ»еҪ•жҲҗеҠҹ','2026-02-04 00:08:58'),
	(1041,'admin','127.0.0.1','еҶ…зҪ‘IP','Chrome 14','Mac OS X','0','йҖҖеҮәжҲҗеҠҹ','2026-02-04 00:10:11'),
	(1042,'jg765678','127.0.0.1','еҶ…зҪ‘IP','Chrome 14','Mac OS X','0','зҷ»еҪ•жҲҗеҠҹ','2026-02-04 00:10:17'),
	(1043,'jg765678','127.0.0.1','еҶ…зҪ‘IP','Chrome 14','Mac OS X','0','йҖҖеҮәжҲҗеҠҹ','2026-02-04 00:10:25'),
	(1044,'admin','127.0.0.1','еҶ…зҪ‘IP','Chrome 14','Mac OS X','0','зҷ»еҪ•жҲҗеҠҹ','2026-02-04 00:10:28'),
	(1045,'admin','127.0.0.1','еҶ…зҪ‘IP','Chrome 14','Mac OS X','0','йҖҖеҮәжҲҗеҠҹ','2026-02-04 00:10:49'),
	(1046,'admin','127.0.0.1','еҶ…зҪ‘IP','Chrome 14','Mac OS X','0','зҷ»еҪ•жҲҗеҠҹ','2026-02-04 00:13:00'),
	(1047,'admin','127.0.0.1','еҶ…зҪ‘IP','Chrome 14','Mac OS X','0','йҖҖеҮәжҲҗеҠҹ','2026-02-04 00:34:40'),
	(1048,'admin','127.0.0.1','еҶ…зҪ‘IP','Chrome 14','Mac OS X','0','зҷ»еҪ•жҲҗеҠҹ','2026-02-04 00:34:48'),
	(1049,'admin','127.0.0.1','еҶ…зҪ‘IP','Chrome 14','Mac OS X','0','йҖҖеҮәжҲҗеҠҹ','2026-02-04 00:34:57'),
	(1050,'jg765678','127.0.0.1','еҶ…зҪ‘IP','Chrome 14','Mac OS X','0','зҷ»еҪ•жҲҗеҠҹ','2026-02-04 00:35:07'),
	(1051,'jg765678','127.0.0.1','еҶ…зҪ‘IP','Chrome 14','Mac OS X','0','йҖҖеҮәжҲҗеҠҹ','2026-02-04 00:49:22'),
	(1052,'admin','127.0.0.1','еҶ…зҪ‘IP','Chrome 14','Mac OS X','0','зҷ»еҪ•жҲҗеҠҹ','2026-02-04 00:49:24'),
	(1053,'admin','127.0.0.1','еҶ…зҪ‘IP','Chrome 14','Mac OS X','0','йҖҖеҮәжҲҗеҠҹ','2026-02-04 00:49:52'),
	(1054,'jg765678','127.0.0.1','еҶ…зҪ‘IP','Chrome 14','Mac OS X','0','зҷ»еҪ•жҲҗеҠҹ','2026-02-04 00:49:59'),
	(1055,'jg765678','127.0.0.1','еҶ…зҪ‘IP','Chrome 14','Mac OS X','0','йҖҖеҮәжҲҗеҠҹ','2026-02-04 00:54:58'),
	(1056,'admin','127.0.0.1','еҶ…зҪ‘IP','Chrome 14','Mac OS X','0','зҷ»еҪ•жҲҗеҠҹ','2026-02-04 00:55:00'),
	(1057,'admin','127.0.0.1','еҶ…зҪ‘IP','Chrome 14','Mac OS X','0','йҖҖеҮәжҲҗеҠҹ','2026-02-04 01:13:05'),
	(1058,'admin','127.0.0.1','еҶ…зҪ‘IP','Chrome 14','Mac OS X','0','зҷ»еҪ•жҲҗеҠҹ','2026-02-04 01:13:07'),
	(1059,'admin','127.0.0.1','еҶ…зҪ‘IP','Chrome 14','Mac OS X','0','йҖҖеҮәжҲҗеҠҹ','2026-02-04 01:13:56'),
	(1060,'jg765678','127.0.0.1','еҶ…зҪ‘IP','Chrome 14','Mac OS X','0','зҷ»еҪ•жҲҗеҠҹ','2026-02-04 01:14:02'),
	(1061,'jg765678','127.0.0.1','еҶ…зҪ‘IP','Chrome 14','Mac OS X','0','йҖҖеҮәжҲҗеҠҹ','2026-02-04 01:14:11'),
	(1062,'admin','127.0.0.1','еҶ…зҪ‘IP','Chrome 14','Mac OS X','0','зҷ»еҪ•жҲҗеҠҹ','2026-02-04 01:14:13'),
	(1063,'admin','127.0.0.1','еҶ…зҪ‘IP','Chrome 14','Mac OS X','0','йҖҖеҮәжҲҗеҠҹ','2026-02-04 01:17:20'),
	(1064,'jg765678','127.0.0.1','еҶ…зҪ‘IP','Chrome 14','Mac OS X','0','зҷ»еҪ•жҲҗеҠҹ','2026-02-04 01:17:26'),
	(1065,'jg765678','127.0.0.1','еҶ…зҪ‘IP','Chrome 14','Mac OS X','0','йҖҖеҮәжҲҗеҠҹ','2026-02-04 01:17:33'),
	(1066,'admin','127.0.0.1','еҶ…зҪ‘IP','Chrome 14','Mac OS X','0','зҷ»еҪ•жҲҗеҠҹ','2026-02-04 01:22:27'),
	(1067,'admin','127.0.0.1','еҶ…зҪ‘IP','Chrome 14','Mac OS X','0','йҖҖеҮәжҲҗеҠҹ','2026-02-04 01:23:27'),
	(1068,'admin','127.0.0.1','еҶ…зҪ‘IP','Chrome 14','Mac OS X','0','зҷ»еҪ•жҲҗеҠҹ','2026-02-04 01:23:29'),
	(1069,'admin','127.0.0.1','еҶ…зҪ‘IP','Chrome 14','Mac OS X','0','йҖҖеҮәжҲҗеҠҹ','2026-02-04 01:33:34'),
	(1070,'admin','127.0.0.1','еҶ…зҪ‘IP','Chrome 14','Mac OS X','0','зҷ»еҪ•жҲҗеҠҹ','2026-02-04 01:33:37'),
	(1071,'admin','127.0.0.1','еҶ…зҪ‘IP','Chrome 14','Mac OS X','0','йҖҖеҮәжҲҗеҠҹ','2026-02-04 01:34:33'),
	(1072,'jg279012','127.0.0.1','еҶ…зҪ‘IP','Chrome 14','Mac OS X','0','зҷ»еҪ•жҲҗеҠҹ','2026-02-04 01:34:41'),
	(1073,'jg279012','127.0.0.1','еҶ…зҪ‘IP','Chrome 14','Mac OS X','0','йҖҖеҮәжҲҗеҠҹ','2026-02-04 01:43:52'),
	(1074,'admin','127.0.0.1','еҶ…зҪ‘IP','Chrome 14','Mac OS X','0','зҷ»еҪ•жҲҗеҠҹ','2026-02-04 01:43:54'),
	(1075,'admin','127.0.0.1','еҶ…зҪ‘IP','Chrome 14','Mac OS X','0','йҖҖеҮәжҲҗеҠҹ','2026-02-04 01:50:15'),
	(1076,'jg279012','127.0.0.1','еҶ…зҪ‘IP','Chrome 14','Mac OS X','0','зҷ»еҪ•жҲҗеҠҹ','2026-02-04 01:50:22'),
	(1077,'jg279012','127.0.0.1','еҶ…зҪ‘IP','Chrome 14','Mac OS X','0','йҖҖеҮәжҲҗеҠҹ','2026-02-04 01:51:31'),
	(1078,'admin','127.0.0.1','еҶ…зҪ‘IP','Chrome 14','Mac OS X','0','зҷ»еҪ•жҲҗеҠҹ','2026-02-04 01:51:33'),
	(1079,'admin','127.0.0.1','еҶ…зҪ‘IP','Chrome 14','Mac OS X','0','зҷ»еҪ•жҲҗеҠҹ','2026-02-04 02:22:05'),
	(1080,'admin','127.0.0.1','еҶ…зҪ‘IP','Chrome 14','Mac OS X','0','йҖҖеҮәжҲҗеҠҹ','2026-02-04 03:17:43'),
	(1081,'jg279012','127.0.0.1','еҶ…зҪ‘IP','Chrome 14','Mac OS X','0','зҷ»еҪ•жҲҗеҠҹ','2026-02-04 03:17:50'),
	(1082,'jg279012','127.0.0.1','еҶ…зҪ‘IP','Chrome 14','Mac OS X','0','йҖҖеҮәжҲҗеҠҹ','2026-02-04 03:18:45'),
	(1083,'jg696562','127.0.0.1','еҶ…зҪ‘IP','Chrome 14','Mac OS X','0','зҷ»еҪ•жҲҗеҠҹ','2026-02-04 03:18:55'),
	(1084,'jg696562','127.0.0.1','еҶ…зҪ‘IP','Chrome 14','Mac OS X','0','йҖҖеҮәжҲҗеҠҹ','2026-02-04 03:19:14'),
	(1085,'admin','127.0.0.1','еҶ…зҪ‘IP','Chrome 14','Mac OS X','0','зҷ»еҪ•жҲҗеҠҹ','2026-02-04 03:19:17'),
	(1086,'admin','127.0.0.1','еҶ…зҪ‘IP','Chrome 14','Mac OS X','0','йҖҖеҮәжҲҗеҠҹ','2026-02-04 03:19:31'),
	(1087,'jg765678','127.0.0.1','еҶ…зҪ‘IP','Chrome 14','Mac OS X','0','зҷ»еҪ•жҲҗеҠҹ','2026-02-04 03:19:36'),
	(1088,'jg765678','127.0.0.1','еҶ…зҪ‘IP','Chrome 14','Mac OS X','0','йҖҖеҮәжҲҗеҠҹ','2026-02-04 03:19:55'),
	(1089,'admin','127.0.0.1','еҶ…зҪ‘IP','Chrome 14','Mac OS X','0','зҷ»еҪ•жҲҗеҠҹ','2026-02-04 03:19:57'),
	(1090,'admin','127.0.0.1','еҶ…зҪ‘IP','Chrome 14','Mac OS X','0','йҖҖеҮәжҲҗеҠҹ','2026-02-04 03:26:41');

/*!40000 ALTER TABLE `sys_logininfor` ENABLE KEYS */;
UNLOCK TABLES;


# иҪ¬еӮЁиЎЁ sys_menu
# ------------------------------------------------------------

DROP TABLE IF EXISTS `sys_menu`;

CREATE TABLE `sys_menu` (
  `menu_id` bigint NOT NULL AUTO_INCREMENT COMMENT 'иҸңеҚ•ID',
  `menu_name` varchar(50) CHARACTER SET utf8mb4 COLLATE utf8mb4_general_ci NOT NULL COMMENT 'иҸңеҚ•еҗҚз§°',
  `parent_id` bigint DEFAULT '0' COMMENT 'зҲ¶иҸңеҚ•ID',
  `order_num` int DEFAULT '0' COMMENT 'жҳҫзӨәйЎәеәҸ',
  `path` varchar(200) CHARACTER SET utf8mb4 COLLATE utf8mb4_general_ci DEFAULT '' COMMENT 'и·Ҝз”ұең°еқҖ',
  `component` varchar(255) CHARACTER SET utf8mb4 COLLATE utf8mb4_general_ci DEFAULT NULL COMMENT 'з»„д»¶и·Ҝеҫ„',
  `query` varchar(255) CHARACTER SET utf8mb4 COLLATE utf8mb4_general_ci DEFAULT NULL COMMENT 'и·Ҝз”ұеҸӮж•°',
  `route_name` varchar(50) CHARACTER SET utf8mb4 COLLATE utf8mb4_general_ci DEFAULT '' COMMENT 'и·Ҝз”ұеҗҚз§°',
  `is_frame` int DEFAULT '1' COMMENT 'жҳҜеҗҰдёәеӨ–й“ҫпјҲ0жҳҜ 1еҗҰпјү',
  `is_cache` int DEFAULT '0' COMMENT 'жҳҜеҗҰзј“еӯҳпјҲ0зј“еӯҳ 1дёҚзј“еӯҳпјү',
  `menu_type` char(1) CHARACTER SET utf8mb4 COLLATE utf8mb4_general_ci DEFAULT '' COMMENT 'иҸңеҚ•зұ»еһӢпјҲMзӣ®еҪ• CиҸңеҚ• FжҢүй’®пјү',
  `visible` char(1) CHARACTER SET utf8mb4 COLLATE utf8mb4_general_ci DEFAULT '0' COMMENT 'иҸңеҚ•зҠ¶жҖҒпјҲ0жҳҫзӨә 1йҡҗи—Ҹпјү',
  `status` char(1) CHARACTER SET utf8mb4 COLLATE utf8mb4_general_ci DEFAULT '0' COMMENT 'иҸңеҚ•зҠ¶жҖҒпјҲ0жӯЈеёё 1еҒңз”Ёпјү',
  `perms` varchar(100) CHARACTER SET utf8mb4 COLLATE utf8mb4_general_ci DEFAULT NULL COMMENT 'жқғйҷҗж ҮиҜҶ',
  `icon` varchar(100) CHARACTER SET utf8mb4 COLLATE utf8mb4_general_ci DEFAULT '#' COMMENT 'иҸңеҚ•еӣҫж Ү',
  `create_by` varchar(64) CHARACTER SET utf8mb4 COLLATE utf8mb4_general_ci DEFAULT '' COMMENT 'еҲӣе»әиҖ…',
  `create_time` datetime DEFAULT NULL COMMENT 'еҲӣе»әж—¶й—ҙ',
  `update_by` varchar(64) CHARACTER SET utf8mb4 COLLATE utf8mb4_general_ci DEFAULT '' COMMENT 'жӣҙж–°иҖ…',
  `update_time` datetime DEFAULT NULL COMMENT 'жӣҙж–°ж—¶й—ҙ',
  `remark` varchar(500) CHARACTER SET utf8mb4 COLLATE utf8mb4_general_ci DEFAULT '' COMMENT 'еӨҮжіЁ',
  PRIMARY KEY (`menu_id`)
) ENGINE=InnoDB AUTO_INCREMENT=5049 DEFAULT CHARSET=utf8mb4 COLLATE=utf8mb4_general_ci COMMENT='иҸңеҚ•жқғйҷҗиЎЁ';

LOCK TABLES `sys_menu` WRITE;
/*!40000 ALTER TABLE `sys_menu` DISABLE KEYS */;

INSERT INTO `sys_menu` (`menu_id`, `menu_name`, `parent_id`, `order_num`, `path`, `component`, `query`, `route_name`, `is_frame`, `is_cache`, `menu_type`, `visible`, `status`, `perms`, `icon`, `create_by`, `create_time`, `update_by`, `update_time`, `remark`)
VALUES
	(1,'зі»з»ҹз®ЎзҗҶ',0,10,'system',NULL,'','',1,0,'M','0','0','','system','admin','2025-10-28 02:47:08','admin','2026-02-03 04:20:05','зі»з»ҹз®ЎзҗҶзӣ®еҪ•'),
	(2,'зі»з»ҹзӣ‘жҺ§',0,20,'monitor',NULL,'','',1,0,'M','1','0','','monitor','admin','2025-10-28 02:47:08','admin','2026-02-03 04:23:36','зі»з»ҹзӣ‘жҺ§зӣ®еҪ•'),
	(3,'зі»з»ҹе·Ҙе…·',0,3,'tool',NULL,'','',1,0,'M','1','0','','tool','admin','2025-10-28 02:47:08','admin','2026-02-03 04:21:51','зі»з»ҹе·Ҙе…·зӣ®еҪ•'),
	(100,'з”ЁжҲ·з®ЎзҗҶ',1,1,'user','system/user/index','','',1,0,'C','0','0','system:user:list','user','admin','2025-10-28 02:47:08','',NULL,'з”ЁжҲ·з®ЎзҗҶиҸңеҚ•'),
	(101,'и§’иүІз®ЎзҗҶ',1,2,'role','system/role/index','','',1,0,'C','0','0','system:role:list','peoples','admin','2025-10-28 02:47:08','',NULL,'и§’иүІз®ЎзҗҶиҸңеҚ•'),
	(102,'иҸңеҚ•з®ЎзҗҶ',1,3,'menu','system/menu/index','','',1,0,'C','0','0','system:menu:list','tree-table','admin','2025-10-28 02:47:08','',NULL,'иҸңеҚ•з®ЎзҗҶиҸңеҚ•'),
	(103,'йғЁй—Ёз®ЎзҗҶ',1,4,'dept','system/dept/index','','',1,0,'C','0','0','system:dept:list','tree','admin','2025-10-28 02:47:08','',NULL,'йғЁй—Ёз®ЎзҗҶиҸңеҚ•'),
	(104,'еІ—дҪҚз®ЎзҗҶ',1,5,'post','system/post/index','','',1,0,'C','0','0','system:post:list','post','admin','2025-10-28 02:47:08','',NULL,'еІ—дҪҚз®ЎзҗҶиҸңеҚ•'),
	(105,'еӯ—е…ёз®ЎзҗҶ',1,6,'dict','system/dict/index','','',1,0,'C','0','0','system:dict:list','dict','admin','2025-10-28 02:47:08','',NULL,'еӯ—е…ёз®ЎзҗҶиҸңеҚ•'),
	(106,'еҸӮж•°и®ҫзҪ®',1,7,'config','system/config/index','','',1,0,'C','0','0','system:config:list','edit','admin','2025-10-28 02:47:08','',NULL,'еҸӮж•°и®ҫзҪ®иҸңеҚ•'),
	(107,'йҖҡзҹҘе…¬е‘Ҡ',1,8,'notice','system/notice/index','','',1,0,'C','0','0','system:notice:list','message','admin','2025-10-28 02:47:08','',NULL,'йҖҡзҹҘе…¬е‘ҠиҸңеҚ•'),
	(108,'ж—Ҙеҝ—з®ЎзҗҶ',1,9,'log','','','',1,0,'M','0','0','','log','admin','2025-10-28 02:47:08','',NULL,'ж—Ҙеҝ—з®ЎзҗҶиҸңеҚ•'),
	(109,'еңЁзәҝз”ЁжҲ·',2,1,'online','monitor/online/index','','',1,0,'C','0','0','monitor:online:list','online','admin','2025-10-28 02:47:08','',NULL,'еңЁзәҝз”ЁжҲ·иҸңеҚ•'),
	(110,'е®ҡж—¶д»»еҠЎ',3000,2,'job','monitor/job/index','','',1,0,'C','0','0','monitor:job:list','job','admin','2025-10-28 02:47:08','admin','2026-02-03 04:23:29','е®ҡж—¶д»»еҠЎиҸңеҚ•'),
	(111,'ж•°жҚ®зӣ‘жҺ§',2,3,'druid','monitor/druid/index','','',1,0,'C','0','0','monitor:druid:list','druid','admin','2025-10-28 02:47:08','',NULL,'ж•°жҚ®зӣ‘жҺ§иҸңеҚ•'),
	(112,'жңҚеҠЎзӣ‘жҺ§',2,4,'server','monitor/server/index','','',1,0,'C','0','0','monitor:server:list','server','admin','2025-10-28 02:47:08','',NULL,'жңҚеҠЎзӣ‘жҺ§иҸңеҚ•'),
	(113,'зј“еӯҳзӣ‘жҺ§',2,5,'cache','monitor/cache/index','','',1,0,'C','0','0','monitor:cache:list','redis','admin','2025-10-28 02:47:08','',NULL,'зј“еӯҳзӣ‘жҺ§иҸңеҚ•'),
	(114,'зј“еӯҳеҲ—иЎЁ',2,6,'cacheList','monitor/cache/list','','',1,0,'C','0','0','monitor:cache:list','redis-list','admin','2025-10-28 02:47:08','',NULL,'зј“еӯҳеҲ—иЎЁиҸңеҚ•'),
	(115,'иЎЁеҚ•жһ„е»ә',3,1,'build','tool/build/index','','',1,0,'C','0','0','tool:build:list','build','admin','2025-10-28 02:47:08','',NULL,'иЎЁеҚ•жһ„е»әиҸңеҚ•'),
	(116,'д»Јз Ғз”ҹжҲҗ',3,2,'gen','tool/gen/index','','',1,0,'C','0','0','tool:gen:list','code','admin','2025-10-28 02:47:08','',NULL,'д»Јз Ғз”ҹжҲҗиҸңеҚ•'),
	(117,'зі»з»ҹжҺҘеҸЈ',3,3,'swagger','tool/swagger/index','','',1,0,'C','0','0','tool:swagger:list','swagger','admin','2025-10-28 02:47:08','',NULL,'зі»з»ҹжҺҘеҸЈиҸңеҚ•'),
	(500,'ж“ҚдҪңж—Ҙеҝ—',108,1,'operlog','monitor/operlog/index','','',1,0,'C','0','0','monitor:operlog:list','form','admin','2025-10-28 02:47:08','',NULL,'ж“ҚдҪңж—Ҙеҝ—иҸңеҚ•'),
	(501,'зҷ»еҪ•ж—Ҙеҝ—',108,2,'logininfor','monitor/logininfor/index','','',1,0,'C','0','0','monitor:logininfor:list','logininfor','admin','2025-10-28 02:47:08','',NULL,'зҷ»еҪ•ж—Ҙеҝ—иҸңеҚ•'),
	(1000,'з”ЁжҲ·жҹҘиҜў',100,1,'','','','',1,0,'F','0','0','system:user:query','#','admin','2025-10-28 02:47:08','',NULL,''),
	(1001,'з”ЁжҲ·ж–°еўһ',100,2,'','','','',1,0,'F','0','0','system:user:add','#','admin','2025-10-28 02:47:08','',NULL,''),
	(1002,'з”ЁжҲ·дҝ®ж”№',100,3,'','','','',1,0,'F','0','0','system:user:edit','#','admin','2025-10-28 02:47:08','',NULL,''),
	(1003,'з”ЁжҲ·еҲ йҷӨ',100,4,'','','','',1,0,'F','0','0','system:user:remove','#','admin','2025-10-28 02:47:08','',NULL,''),
	(1004,'з”ЁжҲ·еҜјеҮә',100,5,'','','','',1,0,'F','0','0','system:user:export','#','admin','2025-10-28 02:47:08','',NULL,''),
	(1005,'з”ЁжҲ·еҜје…Ҙ',100,6,'','','','',1,0,'F','0','0','system:user:import','#','admin','2025-10-28 02:47:08','',NULL,''),
	(1006,'йҮҚзҪ®еҜҶз Ғ',100,7,'','','','',1,0,'F','0','0','system:user:resetPwd','#','admin','2025-10-28 02:47:08','',NULL,''),
	(1007,'и§’иүІжҹҘиҜў',101,1,'','','','',1,0,'F','0','0','system:role:query','#','admin','2025-10-28 02:47:08','',NULL,''),
	(1008,'и§’иүІж–°еўһ',101,2,'','','','',1,0,'F','0','0','system:role:add','#','admin','2025-10-28 02:47:08','',NULL,''),
	(1009,'и§’иүІдҝ®ж”№',101,3,'','','','',1,0,'F','0','0','system:role:edit','#','admin','2025-10-28 02:47:08','',NULL,''),
	(1010,'и§’иүІеҲ йҷӨ',101,4,'','','','',1,0,'F','0','0','system:role:remove','#','admin','2025-10-28 02:47:08','',NULL,''),
	(1011,'и§’иүІеҜјеҮә',101,5,'','','','',1,0,'F','0','0','system:role:export','#','admin','2025-10-28 02:47:08','',NULL,''),
	(1012,'иҸңеҚ•жҹҘиҜў',102,1,'','','','',1,0,'F','0','0','system:menu:query','#','admin','2025-10-28 02:47:08','',NULL,''),
	(1013,'иҸңеҚ•ж–°еўһ',102,2,'','','','',1,0,'F','0','0','system:menu:add','#','admin','2025-10-28 02:47:08','',NULL,''),
	(1014,'иҸңеҚ•дҝ®ж”№',102,3,'','','','',1,0,'F','0','0','system:menu:edit','#','admin','2025-10-28 02:47:08','',NULL,''),
	(1015,'иҸңеҚ•еҲ йҷӨ',102,4,'','','','',1,0,'F','0','0','system:menu:remove','#','admin','2025-10-28 02:47:08','',NULL,''),
	(1016,'йғЁй—ЁжҹҘиҜў',103,1,'','','','',1,0,'F','0','0','system:dept:query','#','admin','2025-10-28 02:47:08','',NULL,''),
	(1017,'йғЁй—Ёж–°еўһ',103,2,'','','','',1,0,'F','0','0','system:dept:add','#','admin','2025-10-28 02:47:08','',NULL,''),
	(1018,'йғЁй—Ёдҝ®ж”№',103,3,'','','','',1,0,'F','0','0','system:dept:edit','#','admin','2025-10-28 02:47:08','',NULL,''),
	(1019,'йғЁй—ЁеҲ йҷӨ',103,4,'','','','',1,0,'F','0','0','system:dept:remove','#','admin','2025-10-28 02:47:08','',NULL,''),
	(1020,'еІ—дҪҚжҹҘиҜў',104,1,'','','','',1,0,'F','0','0','system:post:query','#','admin','2025-10-28 02:47:08','',NULL,''),
	(1021,'еІ—дҪҚж–°еўһ',104,2,'','','','',1,0,'F','0','0','system:post:add','#','admin','2025-10-28 02:47:08','',NULL,''),
	(1022,'еІ—дҪҚдҝ®ж”№',104,3,'','','','',1,0,'F','0','0','system:post:edit','#','admin','2025-10-28 02:47:08','',NULL,''),
	(1023,'еІ—дҪҚеҲ йҷӨ',104,4,'','','','',1,0,'F','0','0','system:post:remove','#','admin','2025-10-28 02:47:08','',NULL,''),
	(1024,'еІ—дҪҚеҜјеҮә',104,5,'','','','',1,0,'F','0','0','system:post:export','#','admin','2025-10-28 02:47:08','',NULL,''),
	(1025,'еӯ—е…ёжҹҘиҜў',105,1,'#','','','',1,0,'F','0','0','system:dict:query','#','admin','2025-10-28 02:47:08','',NULL,''),
	(1026,'еӯ—е…ёж–°еўһ',105,2,'#','','','',1,0,'F','0','0','system:dict:add','#','admin','2025-10-28 02:47:08','',NULL,''),
	(1027,'еӯ—е…ёдҝ®ж”№',105,3,'#','','','',1,0,'F','0','0','system:dict:edit','#','admin','2025-10-28 02:47:08','',NULL,''),
	(1028,'еӯ—е…ёеҲ йҷӨ',105,4,'#','','','',1,0,'F','0','0','system:dict:remove','#','admin','2025-10-28 02:47:08','',NULL,''),
	(1029,'еӯ—е…ёеҜјеҮә',105,5,'#','','','',1,0,'F','0','0','system:dict:export','#','admin','2025-10-28 02:47:08','',NULL,''),
	(1030,'еҸӮж•°жҹҘиҜў',106,1,'#','','','',1,0,'F','0','0','system:config:query','#','admin','2025-10-28 02:47:08','',NULL,''),
	(1031,'еҸӮж•°ж–°еўһ',106,2,'#','','','',1,0,'F','0','0','system:config:add','#','admin','2025-10-28 02:47:08','',NULL,''),
	(1032,'еҸӮж•°дҝ®ж”№',106,3,'#','','','',1,0,'F','0','0','system:config:edit','#','admin','2025-10-28 02:47:08','',NULL,''),
	(1033,'еҸӮж•°еҲ йҷӨ',106,4,'#','','','',1,0,'F','0','0','system:config:remove','#','admin','2025-10-28 02:47:08','',NULL,''),
	(1034,'еҸӮж•°еҜјеҮә',106,5,'#','','','',1,0,'F','0','0','system:config:export','#','admin','2025-10-28 02:47:08','',NULL,''),
	(1035,'е…¬е‘ҠжҹҘиҜў',107,1,'#','','','',1,0,'F','0','0','system:notice:query','#','admin','2025-10-28 02:47:08','',NULL,''),
	(1036,'е…¬е‘Ҡж–°еўһ',107,2,'#','','','',1,0,'F','0','0','system:notice:add','#','admin','2025-10-28 02:47:08','',NULL,''),
	(1037,'е…¬е‘Ҡдҝ®ж”№',107,3,'#','','','',1,0,'F','0','0','system:notice:edit','#','admin','2025-10-28 02:47:08','',NULL,''),
	(1038,'е…¬е‘ҠеҲ йҷӨ',107,4,'#','','','',1,0,'F','0','0','system:notice:remove','#','admin','2025-10-28 02:47:08','',NULL,''),
	(1039,'ж“ҚдҪңжҹҘиҜў',500,1,'#','','','',1,0,'F','0','0','monitor:operlog:query','#','admin','2025-10-28 02:47:08','',NULL,''),
	(1040,'ж“ҚдҪңеҲ йҷӨ',500,2,'#','','','',1,0,'F','0','0','monitor:operlog:remove','#','admin','2025-10-28 02:47:08','',NULL,''),
	(1041,'ж—Ҙеҝ—еҜјеҮә',500,3,'#','','','',1,0,'F','0','0','monitor:operlog:export','#','admin','2025-10-28 02:47:08','',NULL,''),
	(1042,'зҷ»еҪ•жҹҘиҜў',501,1,'#','','','',1,0,'F','0','0','monitor:logininfor:query','#','admin','2025-10-28 02:47:08','',NULL,''),
	(1043,'зҷ»еҪ•еҲ йҷӨ',501,2,'#','','','',1,0,'F','0','0','monitor:logininfor:remove','#','admin','2025-10-28 02:47:08','',NULL,''),
	(1044,'ж—Ҙеҝ—еҜјеҮә',501,3,'#','','','',1,0,'F','0','0','monitor:logininfor:export','#','admin','2025-10-28 02:47:08','',NULL,''),
	(1045,'иҙҰжҲ·и§Јй”Ғ',501,4,'#','','','',1,0,'F','0','0','monitor:logininfor:unlock','#','admin','2025-10-28 02:47:08','',NULL,''),
	(1046,'еңЁзәҝжҹҘиҜў',109,1,'#','','','',1,0,'F','0','0','monitor:online:query','#','admin','2025-10-28 02:47:08','',NULL,''),
	(1047,'жү№йҮҸејәйҖҖ',109,2,'#','','','',1,0,'F','0','0','monitor:online:batchLogout','#','admin','2025-10-28 02:47:08','',NULL,''),
	(1048,'еҚ•жқЎејәйҖҖ',109,3,'#','','','',1,0,'F','0','0','monitor:online:forceLogout','#','admin','2025-10-28 02:47:08','',NULL,''),
	(1049,'д»»еҠЎжҹҘиҜў',110,1,'#','','','',1,0,'F','0','0','monitor:job:query','#','admin','2025-10-28 02:47:08','',NULL,''),
	(1050,'д»»еҠЎж–°еўһ',110,2,'#','','','',1,0,'F','0','0','monitor:job:add','#','admin','2025-10-28 02:47:08','',NULL,''),
	(1051,'д»»еҠЎдҝ®ж”№',110,3,'#','','','',1,0,'F','0','0','monitor:job:edit','#','admin','2025-10-28 02:47:08','',NULL,''),
	(1052,'д»»еҠЎеҲ йҷӨ',110,4,'#','','','',1,0,'F','0','0','monitor:job:remove','#','admin','2025-10-28 02:47:08','',NULL,''),
	(1053,'зҠ¶жҖҒдҝ®ж”№',110,5,'#','','','',1,0,'F','0','0','monitor:job:changeStatus','#','admin','2025-10-28 02:47:08','',NULL,''),
	(1054,'д»»еҠЎеҜјеҮә',110,6,'#','','','',1,0,'F','0','0','monitor:job:export','#','admin','2025-10-28 02:47:08','',NULL,''),
	(1055,'з”ҹжҲҗжҹҘиҜў',116,1,'#','','','',1,0,'F','0','0','tool:gen:query','#','admin','2025-10-28 02:47:08','',NULL,''),
	(1056,'з”ҹжҲҗдҝ®ж”№',116,2,'#','','','',1,0,'F','0','0','tool:gen:edit','#','admin','2025-10-28 02:47:08','',NULL,''),
	(1057,'з”ҹжҲҗеҲ йҷӨ',116,3,'#','','','',1,0,'F','0','0','tool:gen:remove','#','admin','2025-10-28 02:47:08','',NULL,''),
	(1058,'еҜје…Ҙд»Јз Ғ',116,4,'#','','','',1,0,'F','0','0','tool:gen:import','#','admin','2025-10-28 02:47:08','',NULL,''),
	(1059,'йў„и§Ҳд»Јз Ғ',116,5,'#','','','',1,0,'F','0','0','tool:gen:preview','#','admin','2025-10-28 02:47:08','',NULL,''),
	(1060,'з”ҹжҲҗд»Јз Ғ',116,6,'#','','','',1,0,'F','0','0','tool:gen:code','#','admin','2025-10-28 02:47:08','',NULL,''),
	(2000,'е…»иҖҒжңәжһ„',0,2,'pension',NULL,NULL,NULL,1,0,'M','0','0','','peoples','admin','2025-11-03 16:03:36','',NULL,'е…»иҖҒжңәжһ„з®ЎзҗҶ'),
	(2001,'йҰ–йЎө',2000,1,'dashboard','pension/dashboard/index',NULL,NULL,1,0,'C','0','0','pension:dashboard:view','dashboard','admin','2025-11-03 16:03:36','',NULL,'е…»иҖҒжңәжһ„йҰ–йЎө'),
	(2010,'жңәжһ„з®ЎзҗҶ',2000,2,'institution',NULL,NULL,NULL,1,0,'M','0','0','','chart','admin','2025-11-03 16:03:36','admin','2025-11-03 16:11:43','е…»иҖҒжңәжһ„з®ЎзҗҶ'),
	(2011,'жңәжһ„е…Ҙй©»з”іиҜ·',2010,1,'apply','pension/institution/apply',NULL,NULL,1,0,'C','0','0','pension:institution:apply','edit','admin','2025-11-03 16:03:36','',NULL,''),
	(2012,'жңәжһ„е…Ҙй©»еҲ—иЎЁ',2010,2,'list','pension/institution/institutionApplyList',NULL,NULL,1,0,'C','0','0','pension:institution:list','list','admin','2025-11-03 16:03:36','',NULL,'еұ•зӨәе·ІжҸҗдәӨзҡ„е…Ҙй©»з”іиҜ·еҲ—иЎЁпјҢеҢ…жӢ¬еҗҚз§°гҖҒжіЁеҶҢиө„йҮ‘гҖҒжүҖеұһиЎ—йҒ“гҖҒзӨҫдјҡз»ҹдёҖдҝЎз”Ёд»Јз ҒгҖҒжңәжһ„еӨҮжЎҲеҸ·гҖҒжңәжһ„иҒ”зі»дәәгҖҒжҲҗз«Ӣж—ҘжңҹгҖҒе…ҙеҠһжңәжһ„зӯүгҖӮеҸҜд»Ҙз»ҙжҠӨзӣёе…ідҝЎжҒҜгҖҒз”іиҜ·и§ЈйҷӨзӣ‘з®Ў'),
	(2013,'е…¬зӨәдҝЎжҒҜз»ҙжҠӨ',2010,3,'publicity','pension/institution/publicityManage',NULL,NULL,1,0,'C','0','0','pension:publicity:list','documentation','admin','2025-11-03 16:03:36','',NULL,'е…»иҖҒжңәжһ„е…Ҙй©»жҲҗеҠҹеҗҺпјҢз»ҙжҠӨе…¬зӨәдҝЎжҒҜз”ЁдәҺеҜ№еӨ–е…¬зӨәгҖӮеҢ…жӢ¬е…»иҖҒжңәжһ„еҗҚз§°гҖҒз»ҹдёҖдҝЎз”Ёд»Јз ҒгҖҒжңәжһ„еӨҮжЎҲеҸ·гҖҒең°еқҖгҖҒиҜ„зә§гҖҒеҚ ең°йқўз§ҜгҖҒе»әзӯ‘йқўз§ҜгҖҒеәҠдҪҚж•°гҖҒж”¶дҪҸеҜ№иұЎиғҪеҠӣиҰҒжұӮгҖҒж”¶иҙ№ж ҮеҮҶгҖҒзӣ‘з®ЎиҙҰжҲ·гҖҒжңәжһ„з®Җд»ӢгҖҒзү№иүІжңҚеҠЎгҖҒжңәжһ„еӣҫзүҮзӯү'),
	(2014,'query',2012,1,'',NULL,NULL,'',1,0,'F','0','0','pension:institution:query','#','admin','2025-11-10 03:10:23','',NULL,''),
	(2015,'edit',2012,2,'',NULL,NULL,'',1,0,'F','0','0','pension:institution:edit','#','admin','2025-11-10 03:10:23','',NULL,''),
	(2016,'add',2012,3,'',NULL,NULL,'',1,0,'F','0','0','pension:institution:add','#','admin','2025-11-10 03:10:23','',NULL,''),
	(2017,'remove',2012,4,'',NULL,NULL,'',1,0,'F','0','0','pension:institution:remove','#','admin','2025-11-10 03:10:23','',NULL,''),
	(2018,'export',2012,5,'',NULL,NULL,'',1,0,'F','0','0','pension:institution:export','#','admin','2025-11-10 03:10:23','',NULL,''),
	(2020,'еәҠдҪҚз®ЎзҗҶ',2000,3,'bed',NULL,NULL,NULL,1,0,'M','0','0','','people','admin','2025-11-03 16:03:36','admin','2025-11-03 16:12:01','еәҠдҪҚдҝЎжҒҜз®ЎзҗҶ'),
	(2021,'еәҠдҪҚеҲ—иЎЁ',2020,1,'list','pension/bed/list',NULL,NULL,1,0,'C','0','0','elder:bed:list','list','admin','2025-11-03 16:03:36','',NULL,''),
	(2030,'е…ҘдҪҸз®ЎзҗҶ',2000,4,'elder',NULL,NULL,NULL,1,0,'M','0','0','','user','admin','2025-11-03 16:03:36','',NULL,'иҖҒдәәе…ҘдҪҸз®ЎзҗҶ'),
	(2031,'е…ҘдҪҸдәәеҲ—иЎЁ',2030,1,'list','pension/elder/list',NULL,NULL,1,0,'C','0','0','elder:resident:list','list','admin','2025-11-03 16:03:36','',NULL,''),
	(2032,'ж–°еўһе…ҘдҪҸ',2030,2,'checkin','pension/elder/checkin',NULL,NULL,1,0,'C','0','0','elder:checkin:list','edit','admin','2025-11-03 16:03:36','admin','2025-11-11 12:24:44',''),
	(2040,'и®ўеҚ•з®ЎзҗҶ',2000,5,'order',NULL,NULL,NULL,1,0,'M','0','0','','job','admin','2025-11-03 16:03:36','admin','2025-11-03 16:12:15','и®ўеҚ•дҝЎжҒҜз®ЎзҗҶ'),
	(2041,'и®ўеҚ•еҲ—иЎЁ',2040,1,'list','pension/order/orderInfo/index',NULL,NULL,1,0,'C','0','0','order:info:list','list','admin','2025-11-03 16:03:36','',NULL,''),
	(2050,'жҠјйҮ‘з®ЎзҗҶ',2000,6,'deposit',NULL,NULL,NULL,1,0,'M','0','0','','money','admin','2025-11-03 16:03:36','',NULL,'жҠјйҮ‘дҪҝз”Ёз®ЎзҗҶ'),
	(2051,'жҠјйҮ‘дҪҝз”Ёз”іиҜ·',2050,1,'apply','pension/deposit/apply',NULL,NULL,1,0,'C','0','0','pension:deposit:apply','edit','admin','2025-11-03 16:03:36','',NULL,''),
	(2052,'жҠјйҮ‘дҪҝз”ЁеҲ—иЎЁ',2050,2,'list','pension/deposit/list',NULL,NULL,1,0,'C','0','0','pension:deposit:list','list','admin','2025-11-03 16:03:36','',NULL,''),
	(2060,'иө„йҮ‘еҲ’жӢЁ',2000,7,'fund',NULL,NULL,NULL,1,0,'M','0','0','','skill','admin','2025-11-03 16:03:36','admin','2025-11-03 16:12:31','иө„йҮ‘еҲ’жӢЁз®ЎзҗҶ'),
	(2061,'еҲ’жӢЁз”іиҜ·еҲ—иЎЁ',2060,1,'applyList','pension/fund/applyList',NULL,NULL,1,0,'C','0','0','pension:fundTransferApply:list','list','admin','2025-11-03 16:03:36','',NULL,''),
	(2062,'иө„йҮ‘еҲ’жӢЁи®°еҪ•',2060,2,'record','pension/fund/record/index',NULL,NULL,1,0,'C','0','0','pension:transaction:list','list','admin','2025-11-03 16:03:36','',NULL,''),
	(2070,'й“¶иЎҢеҜ№иҙҰ',2000,8,'bank',NULL,NULL,NULL,1,0,'M','0','0','','edit','admin','2025-11-03 16:03:36','admin','2025-11-03 16:12:49','й“¶иЎҢжөҒж°ҙеҜ№иҙҰ'),
	(2071,'зӣ‘з®ЎиҙҰжҲ·жөҒж°ҙ',2070,1,'supervision','pension/bank/supervision',NULL,NULL,1,0,'C','0','0','pension:bank:supervision','clipboard','admin','2025-11-03 16:03:36','admin','2026-01-26 17:25:19',''),
	(2072,'ж”¶еҚ•дәӨжҳ“жөҒж°ҙ',2070,2,'payment','pension/bank/payment',NULL,NULL,1,0,'C','0','0','pension:bank:payment','money','admin','2025-11-03 16:03:36','admin','2026-01-26 17:25:32',''),
	(2080,'е…¬е‘ҠжҹҘиҜў',2000,9,'announcement','pension/announcement/index',NULL,NULL,1,0,'C','1','0','pension:announcement:view','button','admin','2025-11-03 16:03:36','admin','2026-01-27 02:42:46','жҹҘзңӢе…¬е‘ҠйҖҡзҹҘ'),
	(2090,'жҠ•иҜүе»әи®®',2000,10,'feedback','pension/feedback/index',NULL,NULL,1,0,'C','0','0','pension:feedback:view','message','admin','2025-11-03 16:03:36','',NULL,'жҠ•иҜүе»әи®®з®ЎзҗҶ'),
	(2100,'иҖҒдәәз®ЎзҗҶ',0,9,'elder',NULL,NULL,NULL,1,0,'M','1','0','','peoples','admin','2025-10-28 16:00:00','admin','2026-02-03 04:19:29','иҖҒдәәз®ЎзҗҶеҠҹиғҪжЁЎеқ—'),
	(2101,'иҖҒдәәдҝЎжҒҜ',2100,1,'info','elder/info/index',NULL,NULL,1,0,'C','0','0','elder:info:list','user','admin','2025-10-28 16:00:00','',NULL,'иҖҒдәәдҝЎжҒҜз®ЎзҗҶиҸңеҚ•'),
	(2103,'е…ҘдҪҸз”іиҜ·',2100,3,'checkin','elder/checkin/index',NULL,NULL,1,0,'C','0','0','elder:checkin:list','component','admin','2025-10-28 16:00:00','',NULL,'е…ҘдҪҸз”іиҜ·з®ЎзҗҶиҸңеҚ•'),
	(2111,'иҖҒдәәдҝЎжҒҜжҹҘиҜў',2101,1,'','',NULL,NULL,1,0,'F','0','0','elder:info:query','#','admin','2025-10-28 16:00:00','',NULL,''),
	(2112,'иҖҒдәәдҝЎжҒҜж–°еўһ',2101,2,'','',NULL,NULL,1,0,'F','0','0','elder:info:add','#','admin','2025-10-28 16:00:00','',NULL,''),
	(2113,'иҖҒдәәдҝЎжҒҜдҝ®ж”№',2101,3,'','',NULL,NULL,1,0,'F','0','0','elder:info:edit','#','admin','2025-10-28 16:00:00','',NULL,''),
	(2114,'иҖҒдәәдҝЎжҒҜеҲ йҷӨ',2101,4,'','',NULL,NULL,1,0,'F','0','0','elder:info:remove','#','admin','2025-10-28 16:00:00','',NULL,''),
	(2115,'иҖҒдәәдҝЎжҒҜеҜјеҮә',2101,5,'','',NULL,NULL,1,0,'F','0','0','elder:info:export','#','admin','2025-10-28 16:00:00','',NULL,''),
	(2121,'еәҠдҪҚжҹҘиҜў',2021,1,'','',NULL,NULL,1,0,'F','0','0','elder:bed:query','#','admin','2025-10-28 16:00:00','',NULL,''),
	(2122,'еәҠдҪҚж–°еўһ',2021,2,'','',NULL,NULL,1,0,'F','0','0','elder:bed:add','#','admin','2025-10-28 16:00:00','',NULL,''),
	(2123,'еәҠдҪҚдҝ®ж”№',2021,3,'','',NULL,NULL,1,0,'F','0','0','elder:bed:edit','#','admin','2025-10-28 16:00:00','',NULL,''),
	(2124,'еәҠдҪҚеҲ йҷӨ',2021,4,'','',NULL,NULL,1,0,'F','0','0','elder:bed:remove','#','admin','2025-10-28 16:00:00','',NULL,''),
	(2125,'еәҠдҪҚеҜјеҮә',2021,5,'','',NULL,NULL,1,0,'F','0','0','elder:bed:export','#','admin','2025-10-28 16:00:00','',NULL,''),
	(2131,'е…ҘдҪҸз”іиҜ·жҹҘиҜў',2103,1,'','',NULL,NULL,1,0,'F','0','0','elder:checkin:query','#','admin','2025-10-28 16:00:00','',NULL,''),
	(2132,'е…ҘдҪҸз”іиҜ·ж–°еўһ',2103,2,'','',NULL,NULL,1,0,'F','0','0','elder:checkin:add','#','admin','2025-10-28 16:00:00','',NULL,''),
	(2133,'е…ҘдҪҸз”іиҜ·дҝ®ж”№',2103,3,'','',NULL,NULL,1,0,'F','0','0','elder:checkin:edit','#','admin','2025-10-28 16:00:00','',NULL,''),
	(2134,'е…ҘдҪҸз”іиҜ·еҲ йҷӨ',2103,4,'','',NULL,NULL,1,0,'F','0','0','elder:checkin:remove','#','admin','2025-10-28 16:00:00','',NULL,''),
	(2135,'е…ҘдҪҸз”іиҜ·е®Ўжү№',2103,5,'','',NULL,NULL,1,0,'F','0','0','elder:checkin:approve','#','admin','2025-10-28 16:00:00','',NULL,''),
	(2136,'е…ҘдҪҸз”іиҜ·еҜјеҮә',2103,6,'','',NULL,NULL,1,0,'F','0','0','elder:checkin:export','#','admin','2025-10-28 16:00:00','',NULL,''),
	(2137,'и®ўеҚ•з®ЎзҗҶ',0,5,'order',NULL,NULL,'',1,0,'M','1','0','','shopping','admin','2025-10-28 22:20:15','admin','2026-02-03 04:19:10','и®ўеҚ•з®ЎзҗҶзӣ®еҪ•'),
	(2138,'и®ўеҚ•еҲ—иЎЁ',3400,1,'orderInfo','order/orderInfo/index',NULL,'',1,0,'C','0','0','order:info:list','list','admin','2025-10-28 22:20:15','admin','2026-02-03 04:18:28','и®ўеҚ•з®ЎзҗҶиҸңеҚ•'),
	(2139,'и®ўеҚ•жҹҘиҜў',2138,1,'#','',NULL,'',1,0,'F','0','0','order:info:query','#','admin','2025-10-28 22:20:15','',NULL,''),
	(2140,'и®ўеҚ•ж–°еўһ',2138,2,'#','',NULL,'',1,0,'F','0','0','order:info:add','#','admin','2025-10-28 22:20:15','',NULL,''),
	(2141,'и®ўеҚ•дҝ®ж”№',2138,3,'#','',NULL,'',1,0,'F','0','0','order:info:edit','#','admin','2025-10-28 22:20:15','',NULL,''),
	(2142,'и®ўеҚ•еҲ йҷӨ',2138,4,'#','',NULL,'',1,0,'F','0','0','order:info:remove','#','admin','2025-10-28 22:20:15','',NULL,''),
	(2143,'и®ўеҚ•еҜјеҮә',2138,5,'#','',NULL,'',1,0,'F','0','0','order:info:export','#','admin','2025-10-28 22:20:15','',NULL,''),
	(2144,'и®ўеҚ•ж”Ҝд»ҳ',2138,6,'#','',NULL,'',1,0,'F','0','0','order:info:pay','#','admin','2025-10-28 22:20:15','',NULL,''),
	(2145,'и®ўеҚ•еҸ–ж¶Ҳ',2138,7,'#','',NULL,'',1,0,'F','0','0','order:info:cancel','#','admin','2025-10-28 22:20:15','',NULL,''),
	(2146,'ж”Ҝд»ҳи®°еҪ•',2137,2,'paymentRecord','order/paymentRecord/index',NULL,'',1,0,'C','0','0','payment:record:list','money','admin','2025-10-28 22:20:15','',NULL,'ж”Ҝд»ҳи®°еҪ•иҸңеҚ•'),
	(2147,'ж”Ҝд»ҳжҹҘиҜў',2146,1,'#','',NULL,'',1,0,'F','0','0','payment:record:query','#','admin','2025-10-28 22:20:15','',NULL,''),
	(2148,'ж”Ҝд»ҳж–°еўһ',2146,2,'#','',NULL,'',1,0,'F','0','0','payment:record:add','#','admin','2025-10-28 22:20:15','',NULL,''),
	(2149,'ж”Ҝд»ҳдҝ®ж”№',2146,3,'#','',NULL,'',1,0,'F','0','0','payment:record:edit','#','admin','2025-10-28 22:20:15','',NULL,''),
	(2150,'ж”Ҝд»ҳеҲ йҷӨ',2146,4,'#','',NULL,'',1,0,'F','0','0','payment:record:remove','#','admin','2025-10-28 22:20:15','',NULL,''),
	(2151,'ж”Ҝд»ҳеҜјеҮә',2146,5,'#','',NULL,'',1,0,'F','0','0','payment:record:export','#','admin','2025-10-28 22:20:15','',NULL,''),
	(2152,'ж”Ҝд»ҳзҠ¶жҖҒ',2146,6,'#','',NULL,'',1,0,'F','0','0','payment:record:status','#','admin','2025-10-28 22:20:15','',NULL,''),
	(2153,'ж”Ҝд»ҳз»ҹи®Ў',2146,7,'#','',NULL,'',1,0,'F','0','0','payment:record:statistics','#','admin','2025-10-28 22:20:15','',NULL,''),
	(2154,'и®ўеҚ•жҳҺз»Ҷ',2137,3,'orderItem','order/orderItem/index',NULL,'',1,0,'C','0','0','order:item:list','form','admin','2025-10-28 22:20:15','',NULL,'и®ўеҚ•жҳҺз»ҶиҸңеҚ•'),
	(2155,'жҳҺз»ҶжҹҘиҜў',2154,1,'#','',NULL,'',1,0,'F','0','0','order:item:query','#','admin','2025-10-28 22:20:15','',NULL,''),
	(2156,'жҳҺз»Ҷж–°еўһ',2154,2,'#','',NULL,'',1,0,'F','0','0','order:item:add','#','admin','2025-10-28 22:20:15','',NULL,''),
	(2157,'жҳҺз»Ҷдҝ®ж”№',2154,3,'#','',NULL,'',1,0,'F','0','0','order:item:edit','#','admin','2025-10-28 22:20:15','',NULL,''),
	(2158,'жҳҺз»ҶеҲ йҷӨ',2154,4,'#','',NULL,'',1,0,'F','0','0','order:item:remove','#','admin','2025-10-28 22:20:15','',NULL,''),
	(2159,'жҳҺз»ҶеҜјеҮә',2154,5,'#','',NULL,'',1,0,'F','0','0','order:item:export','#','admin','2025-10-28 22:20:15','',NULL,''),
	(2161,'иҙҰжҲ·иө„йҮ‘з®ЎзҗҶ',0,5,'account',NULL,NULL,'',1,0,'M','1','0','','money','admin','2025-10-29 01:35:22','admin','2026-02-03 04:05:28','иҙҰжҲ·иө„йҮ‘з®ЎзҗҶзӣ®еҪ•'),
	(2162,'иҖҒдәәиҙҰжҲ·з®ЎзҗҶ',2161,1,'accountInfo','pension/account/index',NULL,'',1,0,'C','0','0','pension:account:list','user','admin','2025-10-29 01:35:22','',NULL,'иҖҒдәәиҙҰжҲ·з®ЎзҗҶиҸңеҚ•'),
	(2163,'иҖҒдәәиҙҰжҲ·жҹҘиҜў',2162,1,'#','',NULL,'',1,0,'F','0','0','pension:account:query','#','admin','2025-10-29 01:35:22','',NULL,''),
	(2164,'иҖҒдәәиҙҰжҲ·ж–°еўһ',2162,2,'#','',NULL,'',1,0,'F','0','0','pension:account:add','#','admin','2025-10-29 01:35:22','',NULL,''),
	(2165,'иҖҒдәәиҙҰжҲ·дҝ®ж”№',2162,3,'#','',NULL,'',1,0,'F','0','0','pension:account:edit','#','admin','2025-10-29 01:35:22','',NULL,''),
	(2166,'иҖҒдәәиҙҰжҲ·еҲ йҷӨ',2162,4,'#','',NULL,'',1,0,'F','0','0','pension:account:remove','#','admin','2025-10-29 01:35:22','',NULL,''),
	(2167,'иҖҒдәәиҙҰжҲ·еҜјеҮә',2162,5,'#','',NULL,'',1,0,'F','0','0','pension:account:export','#','admin','2025-10-29 01:35:22','',NULL,''),
	(2168,'иҙҰжҲ·еҶ»з»“',2162,6,'#','',NULL,'',1,0,'F','0','0','pension:account:freeze','#','admin','2025-10-29 01:35:22','',NULL,''),
	(2169,'иҙҰжҲ·и§ЈеҶ»',2162,7,'#','',NULL,'',1,0,'F','0','0','pension:account:unfreeze','#','admin','2025-10-29 01:35:22','',NULL,''),
	(2170,'иө„йҮ‘еҲ’жӢЁз®ЎзҗҶ',2161,2,'fundTransfer','pension/fundTransfer/index',NULL,'',1,0,'C','0','0','pension:fundTransfer:list','money','admin','2025-10-29 01:35:22','',NULL,'иө„йҮ‘еҲ’жӢЁз®ЎзҗҶиҸңеҚ•'),
	(2171,'иө„йҮ‘еҲ’жӢЁжҹҘиҜў',2170,1,'#','',NULL,'',1,0,'F','0','0','pension:fundTransfer:query','#','admin','2025-10-29 01:35:22','',NULL,''),
	(2172,'з”ҹжҲҗеҲ’жӢЁеҚ•',2170,2,'#','',NULL,'',1,0,'F','0','0','pension:fundTransfer:generate','#','admin','2025-10-29 01:35:22','',NULL,''),
	(2173,'е®Ўжү№еҲ’жӢЁеҚ•',2170,3,'#','',NULL,'',1,0,'F','0','0','pension:fundTransfer:approve','#','admin','2025-10-29 01:35:22','',NULL,''),
	(2174,'жү§иЎҢеҲ’жӢЁ',2170,4,'#','',NULL,'',1,0,'F','0','0','pension:fundTransfer:execute','#','admin','2025-10-29 01:35:22','',NULL,''),
	(2175,'иө„йҮ‘еҲ’жӢЁеҜјеҮә',2170,5,'#','',NULL,'',1,0,'F','0','0','pension:fundTransfer:export','#','admin','2025-10-29 01:35:22','',NULL,''),
	(2176,'дәӨжҳ“и®°еҪ•жҹҘиҜў',2161,3,'transactionRecord','pension/transactionRecord/index',NULL,'',1,0,'C','0','0','pension:transaction:list','list','admin','2025-10-29 01:35:22','',NULL,'дәӨжҳ“и®°еҪ•жҹҘиҜўиҸңеҚ•'),
	(2177,'дәӨжҳ“и®°еҪ•жҹҘиҜўжқғйҷҗ',2176,1,'#','',NULL,'',1,0,'F','0','0','pension:transaction:query','#','admin','2025-10-29 01:35:22','',NULL,''),
	(2178,'дәӨжҳ“и®°еҪ•еҜјеҮә',2176,2,'#','',NULL,'',1,0,'F','0','0','pension:transaction:export','#','admin','2025-10-29 01:35:22','',NULL,''),
	(2179,'дҪҷйўқйў„иӯҰ',2161,4,'balanceWarning','pension/balanceWarning/index',NULL,'',1,0,'C','0','0','pension:warning:list','bell','admin','2025-10-29 01:35:22','',NULL,'дҪҷйўқйў„иӯҰиҸңеҚ•'),
	(2180,'дҪҷйўқйў„иӯҰжҹҘиҜў',2179,1,'#','',NULL,'',1,0,'F','0','0','pension:warning:query','#','admin','2025-10-29 01:35:22','',NULL,''),
	(2200,'е№»зҒҜзүҮз®ЎзҗҶ',1,10,'banner','system/banner/index',NULL,'',1,0,'C','0','0','system:banner:list','example','admin','2025-12-24 12:12:22','admin','2025-12-28 23:33:11','е№»зҒҜзүҮз®ЎзҗҶиҸңеҚ•'),
	(2201,'е№»зҒҜзүҮжҹҘиҜў',2200,1,'',NULL,NULL,'',1,0,'F','0','0','system:banner:query','#','admin','2025-12-24 12:12:33','',NULL,'жҹҘиҜўе№»зҒҜзүҮиҜҰжғ…'),
	(2202,'е№»зҒҜзүҮж–°еўһ',2200,2,'',NULL,NULL,'',1,0,'F','0','0','system:banner:add','#','admin','2025-12-24 12:12:33','',NULL,'ж–°еўһе№»зҒҜзүҮ'),
	(2203,'е№»зҒҜзүҮдҝ®ж”№',2200,3,'',NULL,NULL,'',1,0,'F','0','0','system:banner:edit','#','admin','2025-12-24 12:12:33','',NULL,'дҝ®ж”№е№»зҒҜзүҮ'),
	(2204,'е№»зҒҜзүҮеҲ йҷӨ',2200,4,'',NULL,NULL,'',1,0,'F','0','0','system:banner:remove','#','admin','2025-12-24 12:12:33','',NULL,'еҲ йҷӨе№»зҒҜзүҮ'),
	(2205,'жё…йҷӨжөӢиҜ•ж•°жҚ®',1,11,'cleanTestData','system/cleanTestData/index',NULL,'',1,0,'C','0','0','system:clean:execute','delete','admin','2026-01-31 20:23:07','admin','2026-01-31 20:23:07','жё…йҷӨжөӢиҜ•ж•°жҚ®еҠҹиғҪ'),
	(2206,'жё…йҷӨжөӢиҜ•ж•°жҚ®жү§иЎҢ',2205,1,'',NULL,NULL,'',1,0,'F','0','0','system:clean:execute','#','admin','2026-01-31 20:23:07','',NULL,'жё…йҷӨжөӢиҜ•ж•°жҚ®жү§иЎҢжқғйҷҗ'),
	(3000,'ж°‘ж”ҝзӣ‘з®Ў',0,1,'supervision',NULL,'','',1,0,'M','0','0','','monitor','admin','2025-11-03 16:51:30','admin','2026-02-03 04:21:00','ж°‘ж”ҝзӣ‘з®Ўзӣ®еҪ•'),
	(3100,'жңәжһ„з®ЎзҗҶ',3000,1,'institution',NULL,'','',1,0,'M','0','0','','build','admin','2025-11-03 16:51:30','',NULL,'жңәжһ„з®ЎзҗҶзӣ®еҪ•'),
	(3101,'жү№йҮҸеҜје…Ҙ',3100,1,'batchImport','supervision/institution/batchImport','','',1,0,'C','0','0','supervision:institution:batchImport','upload','admin','2025-11-03 16:51:30','',NULL,'жңәжһ„жү№йҮҸеҜје…Ҙ'),
	(3102,'жңәжһ„жҹҘиҜў',3100,4,'queryList','supervision/institution/queryList','','',1,0,'C','0','0','supervision:institution:query','search','admin','2025-11-03 16:51:30','',NULL,'жңәжһ„дҝЎжҒҜжҹҘиҜўеҠҹиғҪпјҢеұ•зӨәжҜҸдёӘжңәжһ„зҡ„еҪ“еүҚдҝЎжҒҜпјҢеҢ…жӢ¬еҗҚз§°гҖҒйў„ж”¶жңҚеҠЎиҙ№гҖҒйў„ж”¶жҠјйҮ‘гҖҒйў„ж”¶дјҡе‘ҳиҙ№гҖҒзӣ‘з®ЎејҖжҲ·дҝЎжҒҜгҖҒе…Ҙй©»зҠ¶жҖҒзӯү'),
	(3103,'жңәжһ„и§ЈйҷӨзӣ‘з®Ўе®Ўжү№',3100,5,'releaseSupervision','supervision/institution/releaseSupervision','','',1,0,'C','0','0','supervision:release:list','money','admin','2025-11-03 16:51:30','',NULL,'ж°‘ж”ҝйғЁй—Ёе®Ўжү№жңәжһ„и§ЈйҷӨзӣ‘з®Ўз”іиҜ·пјҢжү№еҮҶеҗҺй“¶иЎҢе°Ҷзӣ‘з®Ўиө„йҮ‘еҲ’жӢЁиҮіжңәжһ„еҹәжң¬иҙҰжҲ·'),
	(3104,'жңәжһ„иҜ„зә§',3100,6,'ratingList','supervision/institution/ratingList','','',1,0,'C','0','0','supervision:institution:rating','star','admin','2025-11-03 16:51:30','',NULL,'жңәжһ„иҜ„зә§з®ЎзҗҶ'),
	(3105,'й»‘еҗҚеҚ•з®ЎзҗҶ',3100,7,'blacklistList','supervision/institution/blacklistList','','',1,0,'C','0','0','supervision:institution:blacklist','bug','admin','2025-11-03 16:51:30','admin','2025-11-03 17:53:43','й»‘еҗҚеҚ•з®ЎзҗҶ'),
	(3106,'жңәжһ„е…Ҙй©»е®Ўжү№',3100,2,'approval','supervision/institution/approval',NULL,'',1,0,'C','0','0','supervision:institution:approval','form','admin','2025-11-04 00:14:00','',NULL,''),
	(3107,'жңәжһ„дҝЎжҒҜз®ЎзҗҶ',3100,3,'infoManage','supervision/institution/infoManage',NULL,'',1,0,'C','1','0','supervision:institution:info','list','admin','2025-11-04 00:16:35','admin','2025-11-04 00:20:58','жңәжһ„дҝЎжҒҜз®ЎзҗҶеҠҹиғҪ'),
	(3200,'йў„иӯҰж ёйӘҢ',3000,2,'warning',NULL,'','',1,0,'M','0','0','','bug','admin','2025-11-03 16:51:30','admin','2026-01-29 11:09:33','йў„иӯҰж ёйӘҢзӣ®еҪ•'),
	(3201,'йў„иӯҰеҲ—иЎЁ',3200,1,'index','supervision/warning/index','','',1,0,'C','0','0','supervision:warning:list','list','admin','2025-11-03 16:51:30','',NULL,'йў„иӯҰеҲ—иЎЁ'),
	(3202,'иҙ№з”Ёи¶…йўқйў„иӯҰ',3200,2,'feeExcess','supervision/warning/feeExcess','','',1,0,'C','1','0','supervision:warning:feeExcess','money','admin','2025-11-03 16:51:30','admin','2026-02-03 14:41:33','иҙ№з”Ёи¶…йўқйў„иӯҰ'),
	(3203,'жҠјйҮ‘и¶…йўқйў„иӯҰ',3200,3,'depositExcess','supervision/warning/depositExcess','','',1,0,'C','1','0','supervision:warning:depositExcess','drag','admin','2025-11-03 16:51:30','admin','2026-02-03 14:41:38','жҠјйҮ‘и¶…йўқйў„иӯҰ'),
	(3204,'е…Ҙй©»и¶…йўқйў„иӯҰ',3200,4,'checkinExcess','supervision/warning/checkinExcess','','',1,0,'C','1','0','supervision:warning:checkinExcess','peoples','admin','2025-11-03 16:51:30','admin','2026-02-03 14:41:42','е…Ҙй©»и¶…йўқйў„иӯҰ'),
	(3205,'зӣ‘з®Ўи¶…йўқйў„иӯҰ',3200,5,'supervisionExcess','supervision/warning/supervisionExcess','','',1,0,'C','1','0','supervision:warning:supervisionExcess','druid','admin','2025-11-03 16:51:30','admin','2026-02-03 14:43:25','зӣ‘з®Ўи¶…йўқйў„иӯҰ'),
	(3206,'йЈҺйҷ©дҝқиҜҒйҮ‘йў„иӯҰ',3200,6,'riskDepositExcess','supervision/warning/riskDepositExcess','','',1,0,'C','1','0','supervision:warning:riskDepositExcess','date','admin','2025-11-03 16:51:30','admin','2026-02-03 14:42:48','йЈҺйҷ©дҝқиҜҒйҮ‘йў„иӯҰ'),
	(3207,'еӨ§йўқж”Ҝд»ҳйў„иӯҰ',3200,7,'largePayment','supervision/warning/largePayment','','',1,0,'C','1','0','supervision:warning:largePayment','download','admin','2025-11-03 16:51:30','admin','2026-02-03 14:42:54','еӨ§йўқж”Ҝд»ҳйў„иӯҰ'),
	(3208,'зӘҒеҸ‘йЈҺйҷ©йў„иӯҰ',3200,8,'emergencyRisk','supervision/warning/emergencyRisk','','',1,0,'C','1','0','supervision:warning:emergencyRisk','bug','admin','2025-11-03 16:51:30','admin','2026-02-03 14:42:58','зӘҒеҸ‘йЈҺйҷ©йў„иӯҰ'),
	(3209,'йў„иӯҰй…ҚзҪ®',3200,9,'config','supervision/warning/config',NULL,'',1,0,'C','0','0','supervision:warningConfig:list','drag','admin','2026-01-29 10:54:18','admin','2026-01-30 00:47:09','йў„иӯҰи§„еҲҷй…ҚзҪ®иҸңеҚ•'),
	(3210,'йў„иӯҰй…ҚзҪ®жҹҘиҜў',3209,1,'',NULL,NULL,'',1,0,'F','0','0','supervision:warningConfig:query','#','admin','2026-01-29 10:54:18','',NULL,''),
	(3211,'йў„иӯҰй…ҚзҪ®ж–°еўһ',3209,2,'',NULL,NULL,'',1,0,'F','0','0','supervision:warningConfig:add','#','admin','2026-01-29 10:54:18','',NULL,''),
	(3212,'йў„иӯҰй…ҚзҪ®дҝ®ж”№',3209,3,'',NULL,NULL,'',1,0,'F','0','0','supervision:warningConfig:edit','#','admin','2026-01-29 10:54:18','',NULL,''),
	(3213,'йў„иӯҰй…ҚзҪ®еҲ йҷӨ',3209,4,'',NULL,NULL,'',1,0,'F','0','0','supervision:warningConfig:remove','#','admin','2026-01-29 10:54:18','',NULL,''),
	(3214,'йў„иӯҰй…ҚзҪ®еҜјеҮә',3209,5,'',NULL,NULL,'',1,0,'F','0','0','supervision:warningConfig:export','#','admin','2026-01-29 10:54:18','',NULL,''),
	(3300,'иҙҰжҲ·з®ЎзҗҶ',3000,3,'account',NULL,'','',1,0,'M','0','0','','money','admin','2025-11-03 16:51:30','admin','2025-11-03 17:53:20','иҙҰжҲ·з®ЎзҗҶзӣ®еҪ•'),
	(3301,'жңәжһ„иҙҰжҲ·жҹҘиҜў',3300,1,'institutionAccount','supervision/account/institutionAccount','','',1,0,'C','0','0','supervision:account:institution','list','admin','2025-11-03 16:51:30','',NULL,'жңәжһ„иҙҰжҲ·жҹҘиҜў'),
	(3302,'дјҡе‘ҳиҙ№з®ЎзҗҶ',3300,2,'memberFee','supervision/account/memberFee','','',1,0,'C','1','0','supervision:account:memberFee','money','admin','2025-11-03 16:51:30','admin','2026-02-03 03:31:52','дјҡе‘ҳиҙ№з®ЎзҗҶ'),
	(3303,'зӣ‘з®ЎиҙҰжҲ·з»ҙжҠӨ',3300,3,'supervisionAccount','supervision/account/supervisionAccount','','',1,0,'C','0','0','supervision:account:supervision','dict','admin','2025-11-03 16:51:30','admin','2025-11-03 17:54:29','зӣ‘з®ЎиҙҰжҲ·з»ҙжҠӨ'),
	(3304,'и®ўеҚ•з®ЎзҗҶ',3400,4,'orderList','supervision/account/orderList','','',1,0,'C','1','0','supervision:account:order','list','admin','2025-11-03 16:51:30','admin','2026-02-03 04:17:54','и®ўеҚ•з®ЎзҗҶ'),
	(3305,'иҙҰжҲ·дҪҷйўқ',3300,5,'balanceList','supervision/account/balanceList','','',1,0,'C','1','0','supervision:account:balance','question','admin','2025-11-03 16:51:30','admin','2026-02-03 03:32:11','иҙҰжҲ·дҪҷйўқжҹҘиҜў'),
	(3400,'иө„йҮ‘з®ЎзҗҶ',3000,4,'fund',NULL,'','',1,0,'M','0','0','','money','admin','2025-11-03 16:51:30','',NULL,'иө„йҮ‘з®ЎзҗҶзӣ®еҪ•'),
	(3401,'иө„йҮ‘и®°еҪ•',3400,1,'recordList','supervision/fund/recordList','','',1,0,'C','1','0','supervision:fund:record','list','admin','2025-11-03 16:51:30','admin','2026-02-03 03:35:28','иө„йҮ‘и®°еҪ•жҹҘзңӢ'),
	(3402,'иө„йҮ‘жөҒеҠЁжҳҺз»Ҷ',3400,2,'flowDetail','supervision/fund/flowDetail','','',1,0,'C','1','0','supervision:fund:flow','chart','admin','2025-11-03 16:51:30','admin','2026-02-03 03:35:37','иө„йҮ‘жөҒеҠЁжҳҺз»Ҷ'),
	(3403,'еҲҶй…Қи§„еҲҷ',3400,3,'allocationRule','supervision/fund/allocationRule','','',1,0,'C','1','0','supervision:fund:allocation','email','admin','2025-11-03 16:51:30','admin','2026-02-03 03:35:42','еҲҶй…Қи§„еҲҷй…ҚзҪ®'),
	(3404,'иө„йҮ‘з»ҹи®Ў',3400,4,'statistics','supervision/fund/statistics','','',1,0,'C','1','0','supervision:fund:statistics','chart','admin','2025-11-03 16:51:30','admin','2026-02-03 03:35:59','иө„йҮ‘з»ҹи®ЎжҰӮи§Ҳ'),
	(3500,'е…¬е‘Ҡз®ЎзҗҶ',3000,5,'announcement',NULL,'','',1,0,'M','1','0','','message','admin','2025-11-03 16:51:30','admin','2026-02-03 03:40:56','е…¬е‘Ҡз®ЎзҗҶзӣ®еҪ•'),
	(3501,'е…¬е‘ҠеҲ—иЎЁ',3500,1,'list','supervision/announcement/list','','',1,0,'C','0','0','supervision:announcement:list','list','admin','2025-11-03 16:51:30','',NULL,'е…¬е‘ҠеҲ—иЎЁ'),
	(3502,'еҸ‘еёғе…¬е‘Ҡ',3500,2,'add','supervision/announcement/add','','',1,0,'C','0','0','supervision:announcement:add','edit','admin','2025-11-03 16:51:30','',NULL,'еҸ‘еёғе…¬е‘Ҡ'),
	(3503,'е…¬е‘ҠжЁЎжқҝ',3500,3,'template','supervision/announcement/template','','',1,0,'C','0','0','supervision:announcement:template','button','admin','2025-11-03 16:51:30','admin','2025-11-03 17:55:07','е…¬е‘ҠжЁЎжқҝз®ЎзҗҶ'),
	(3504,'йҳ…иҜ»з»ҹи®Ў',3500,4,'statistics','supervision/announcement/statistics','','',1,0,'C','0','0','supervision:announcement:statistics','chart','admin','2025-11-03 16:51:30','',NULL,'е…¬е‘Ҡйҳ…иҜ»з»ҹи®Ў'),
	(3600,'еҸҚйҰҲз®ЎзҗҶ',3000,6,'feedback',NULL,'','',1,0,'M','1','0','','question','admin','2025-11-03 16:51:30','admin','2025-12-22 23:44:09','еҸҚйҰҲз®ЎзҗҶзӣ®еҪ•'),
	(3601,'еҸҚйҰҲеҲ—иЎЁ',3600,1,'list','supervision/feedback/list','','',1,0,'C','1','0','supervision:feedback:list','list','admin','2025-11-03 16:51:30','',NULL,'еҸҚйҰҲеҲ—иЎЁ'),
	(3602,'еҸҚйҰҲз»ҹи®Ў',3600,2,'statistics','supervision/feedback/statistics','','',1,0,'C','1','0','supervision:feedback:statistics','chart','admin','2025-11-03 16:51:30','',NULL,'еҸҚйҰҲз»ҹи®Ў'),
	(3603,'зғӯзӮ№еҸҚйҰҲ',3600,3,'hot','supervision/feedback/hot','','',1,0,'C','1','0','supervision:feedback:hot','star','admin','2025-11-03 16:51:30','',NULL,'зғӯзӮ№еҸҚйҰҲ'),
	(3604,'ж»Ўж„ҸеәҰиҜ„д»·',3600,4,'satisfaction','supervision/feedback/satisfaction','','',1,0,'C','1','0','supervision:feedback:satisfaction','education','admin','2025-11-03 16:51:30','admin','2025-11-03 17:55:19','ж»Ўж„ҸеәҰиҜ„д»·'),
	(4000,'ж•°жҚ®з»ҹи®Ў',0,8,'bigscreen',NULL,NULL,'',1,0,'M','0','0','','chart','admin','2025-10-29 22:21:46','admin','2026-02-04 01:23:49','ж•°жҚ®еӨ§еұҸиҸңеҚ•'),
	(4003,'йў„иӯҰзӣ‘жҺ§еӨ§еұҸ',4000,3,'http://localhost:8080/screen/warning-monitor.html','bigscreen/warning-monitor',NULL,'',0,0,'C','0','0','bigscreen:warning:view','user','admin','2025-10-30 01:20:52','admin','2025-10-30 01:48:48',''),
	(4004,'List',3106,1,'',NULL,NULL,'',1,0,'F','0','0','supervision:institution:list','#','','2025-11-10 12:13:24','',NULL,''),
	(4005,'Query',3106,2,'',NULL,NULL,'',1,0,'F','0','0','supervision:institution:query','#','','2025-11-10 12:13:24','',NULL,''),
	(4006,'Approve',3106,3,'',NULL,NULL,'',1,0,'F','0','0','supervision:institution:approve','#','','2025-11-10 12:13:24','',NULL,''),
	(4007,'Reject',3106,4,'',NULL,NULL,'',1,0,'F','0','0','supervision:institution:reject','#','','2025-11-10 12:13:24','',NULL,''),
	(4008,'Export',3106,5,'',NULL,NULL,'',1,0,'F','0','0','supervision:institution:export','#','','2025-11-10 12:13:24','',NULL,''),
	(4009,'е…¬зӨәдҝЎжҒҜжҹҘиҜў',2013,1,'',NULL,NULL,'',1,0,'F','0','0','pension:publicity:query','#','admin','2025-11-11 02:37:21','',NULL,''),
	(4010,'е…¬зӨәдҝЎжҒҜж–°еўһ',2013,2,'',NULL,NULL,'',1,0,'F','0','0','pension:publicity:add','#','admin','2025-11-11 02:37:50','',NULL,''),
	(4012,'е…¬зӨәдҝЎжҒҜдҝ®ж”№',2013,3,'#','',NULL,'',1,0,'F','0','0','pension:publicity:edit','#','admin','2025-11-11 02:45:20','',NULL,''),
	(4013,'е…¬зӨәдҝЎжҒҜеҲ йҷӨ',2013,4,'#','',NULL,'',1,0,'F','0','0','pension:publicity:remove','#','admin','2025-11-11 02:45:20','',NULL,''),
	(4014,'е…¬зӨәдҝЎжҒҜеҜјеҮә',2013,5,'#','',NULL,'',1,0,'F','0','0','pension:publicity:export','#','admin','2025-11-11 02:45:20','',NULL,''),
	(4015,'еҸ‘еёғе…¬зӨә',2013,6,'#','',NULL,'',1,0,'F','0','0','pension:publicity:publish','#','admin','2025-11-11 02:45:20','',NULL,''),
	(4016,'еҸ–ж¶Ҳе…¬зӨә',2013,7,'#','',NULL,'',1,0,'F','0','0','pension:publicity:unpublish','#','admin','2025-11-11 02:45:20','',NULL,''),
	(4017,'еәҠдҪҚеҜје…Ҙ',2021,6,'#','',NULL,'',1,0,'F','0','0','elder:bed:import','#','admin','2025-11-11 02:45:20','',NULL,''),
	(4018,'жҠјйҮ‘дҪҝз”Ёз”іиҜ·жҹҘиҜў',2051,1,'#','',NULL,'',1,0,'F','0','0','pension:deposit:query','#','admin','2025-11-16 01:09:43','',NULL,''),
	(4019,'жҠјйҮ‘дҪҝз”Ёз”іиҜ·ж–°еўһ',2051,2,'#','',NULL,'',1,0,'F','0','0','pension:deposit:add','#','admin','2025-11-16 01:09:43','',NULL,''),
	(4020,'жҠјйҮ‘дҪҝз”Ёз”іиҜ·дҝ®ж”№',2051,3,'#','',NULL,'',1,0,'F','0','0','pension:deposit:edit','#','admin','2025-11-16 01:09:43','',NULL,''),
	(4021,'жҠјйҮ‘дҪҝз”Ёз”іиҜ·еҲ йҷӨ',2051,4,'#','',NULL,'',1,0,'F','0','0','pension:deposit:remove','#','admin','2025-11-16 01:09:43','',NULL,''),
	(4022,'жҠјйҮ‘дҪҝз”Ёз”іиҜ·еҜјеҮә',2051,5,'#','',NULL,'',1,0,'F','0','0','pension:deposit:export','#','admin','2025-11-16 01:09:43','',NULL,''),
	(4023,'жҠјйҮ‘дҪҝз”Ёз”іиҜ·е®Ўжү№',2051,6,'#','',NULL,'',1,0,'F','0','0','pension:deposit:approve','#','admin','2025-11-16 01:09:43','',NULL,''),
	(4024,'жҠјйҮ‘дҪҝз”Ёз”іиҜ·ж’Өеӣһ',2051,7,'#','',NULL,'',1,0,'F','0','0','pension:deposit:withdraw','#','admin','2025-11-16 01:09:43','',NULL,''),
	(4025,'жҠјйҮ‘дҪҝз”ЁеҲ—иЎЁжҹҘиҜў',2052,1,'#','',NULL,'',1,0,'F','0','0','pension:deposit:query','#','admin','2025-11-16 01:10:31','',NULL,''),
	(4026,'жҠјйҮ‘дҪҝз”ЁеҲ—иЎЁеҜјеҮә',2052,2,'#','',NULL,'',1,0,'F','0','0','pension:deposit:export','#','admin','2025-11-16 01:10:31','',NULL,''),
	(4027,'и®ўеҚ•еҲ—иЎЁжҹҘиҜў',2041,1,'#','',NULL,'',1,0,'F','0','0','order:info:query','#','admin','2025-11-16 01:21:22','',NULL,''),
	(4028,'и®ўеҚ•еҲ—иЎЁж–°еўһ',2041,2,'#','',NULL,'',1,0,'F','0','0','order:info:add','#','admin','2025-11-16 01:21:22','',NULL,''),
	(4029,'и®ўеҚ•еҲ—иЎЁдҝ®ж”№',2041,3,'#','',NULL,'',1,0,'F','0','0','order:info:edit','#','admin','2025-11-16 01:21:22','',NULL,''),
	(4030,'и®ўеҚ•еҲ—иЎЁеҲ йҷӨ',2041,4,'#','',NULL,'',1,0,'F','0','0','order:info:remove','#','admin','2025-11-16 01:21:22','',NULL,''),
	(4031,'и®ўеҚ•еҲ—иЎЁеҜјеҮә',2041,5,'#','',NULL,'',1,0,'F','0','0','order:info:export','#','admin','2025-11-16 01:21:22','',NULL,''),
	(4032,'и®ўеҚ•ж”Ҝд»ҳ',2041,6,'#','',NULL,'',1,0,'F','0','0','order:info:pay','#','admin','2025-11-16 01:21:22','',NULL,''),
	(4033,'и®ўеҚ•еҸ–ж¶Ҳ',2041,7,'#','',NULL,'',1,0,'F','0','0','order:info:cancel','#','admin','2025-11-16 01:21:22','',NULL,''),
	(4034,'з”ҹжҲҗи®ўеҚ•',2041,8,'#','',NULL,'',1,0,'F','0','0','order:info:generate','#','admin','2025-11-16 01:21:22','',NULL,''),
	(4035,'е…ҘдҪҸдәәеҲ—иЎЁжҹҘиҜў',2031,1,'#','',NULL,'',1,0,'F','0','0','elder:resident:query','#','admin','2025-11-16 01:21:35','',NULL,''),
	(4036,'е…ҘдҪҸдәәж–°еўһ',2031,2,'#','',NULL,'',1,0,'F','0','0','elder:resident:add','#','admin','2025-11-16 01:21:35','',NULL,''),
	(4037,'е…ҘдҪҸдәәеҲ йҷӨ',2031,3,'#','',NULL,'',1,0,'F','0','0','elder:resident:remove','#','admin','2025-11-16 01:21:35','',NULL,''),
	(4038,'е…ҘдҪҸдәәеҜјеҮә',2031,4,'#','',NULL,'',1,0,'F','0','0','elder:resident:export','#','admin','2025-11-16 01:21:35','',NULL,''),
	(4039,'е…ҘдҪҸдәәз»ӯиҙ№',2031,5,'#','',NULL,'',1,0,'F','0','0','elder:resident:renew','#','admin','2025-11-16 01:21:35','',NULL,''),
	(4040,'е…ҘдҪҸдәәж”Ҝд»ҳ',2031,6,'#','',NULL,'',1,0,'F','0','0','elder:resident:payment','#','admin','2025-11-16 01:21:35','',NULL,''),
	(4041,'е…ҘдҪҸдәәеҜје…Ҙ',2031,7,'#','',NULL,'',1,0,'F','0','0','elder:resident:import','#','admin','2025-11-16 01:21:35','',NULL,''),
	(4042,'е…ҘдҪҸз”іиҜ·жҹҘиҜў',2032,1,'#','',NULL,'',1,0,'F','0','0','elder:checkin:query','#','admin','2025-11-16 01:23:02','',NULL,''),
	(4043,'е…ҘдҪҸз”іиҜ·ж–°еўһ',2032,2,'#','',NULL,'',1,0,'F','0','0','elder:checkin:add','#','admin','2025-11-16 01:23:02','',NULL,''),
	(4044,'е…ҘдҪҸз”іиҜ·дҝ®ж”№',2032,3,'#','',NULL,'',1,0,'F','0','0','elder:checkin:edit','#','admin','2025-11-16 01:23:02','',NULL,''),
	(4045,'е…ҘдҪҸз”іиҜ·еҲ йҷӨ',2032,4,'#','',NULL,'',1,0,'F','0','0','elder:checkin:remove','#','admin','2025-11-16 01:23:02','',NULL,''),
	(4046,'е…ҘдҪҸз”іиҜ·еҜјеҮә',2032,5,'#','',NULL,'',1,0,'F','0','0','elder:checkin:export','#','admin','2025-11-16 01:23:02','',NULL,''),
	(4047,'е…ҘдҪҸз”іиҜ·е®Ўжү№',2032,6,'#','',NULL,'',1,0,'F','0','0','elder:checkin:approve','#','admin','2025-11-16 01:23:02','',NULL,''),
	(4048,'е…ҘдҪҸдәәеҲ—иЎЁжқғйҷҗ',2031,0,'#','',NULL,'',1,0,'F','0','0','elder:resident:list','#','admin','2025-11-16 01:46:11','',NULL,''),
	(4049,'е…ҘдҪҸз”іиҜ·еҲ—иЎЁжқғйҷҗ',2032,0,'#','',NULL,'',1,0,'F','0','0','elder:checkin:list','#','admin','2025-11-16 01:46:57','',NULL,''),
	(4050,'и®ўеҚ•еҲ—иЎЁжқғйҷҗ',2041,0,'#','',NULL,'',1,0,'F','0','0','order:info:list','#','admin','2025-11-16 01:47:15','',NULL,''),
	(4051,'и®ҫж–Ҫеӣҫж Үй…ҚзҪ®',3000,3,'icon','pension/facility/icon/index','','',1,0,'C','0','0','pension:facility:icon','tree','admin','2025-12-07 20:02:06','admin','2026-02-03 04:22:37',''),
	(4052,'и®ҫж–Ҫеӣҫж ҮжҹҘиҜў',4051,1,'','','','',1,0,'F','0','0','pension:facility:icon:list','#','admin','2025-12-07 20:02:15','',NULL,''),
	(4053,'и®ҫж–Ҫеӣҫж Үж–°еўһ',4051,2,'','','','',1,0,'F','0','0','pension:facility:icon:add','#','admin','2025-12-07 20:02:15','',NULL,''),
	(4054,'и®ҫж–Ҫеӣҫж Үдҝ®ж”№',4051,3,'','','','',1,0,'F','0','0','pension:facility:icon:edit','#','admin','2025-12-07 20:02:15','',NULL,''),
	(4055,'и®ҫж–Ҫеӣҫж ҮеҲ йҷӨ',4051,4,'','','','',1,0,'F','0','0','pension:facility:icon:remove','#','admin','2025-12-07 20:02:15','',NULL,''),
	(4056,'и®ҫж–Ҫеӣҫж ҮеҜјеҮә',4051,5,'','','','',1,0,'F','0','0','pension:facility:icon:export','#','admin','2025-12-07 20:02:15','',NULL,''),
	(4057,'и®ўеҚ•жҳҺз»ҶжҹҘиҜў',2041,9,'',NULL,NULL,'',1,0,'F','0','0','order:item:query','#','admin','2025-12-14 02:33:16','admin','2025-12-14 02:33:16','жҹҘзңӢи®ўеҚ•иҜҰжғ…ж—¶йңҖиҰҒжҹҘиҜўи®ўеҚ•жҳҺз»Ҷ'),
	(4058,'ж”Ҝд»ҳи®°еҪ•жҹҘиҜў',2041,10,'',NULL,NULL,'',1,0,'F','0','0','payment:record:list','#','admin','2025-12-14 02:33:16','admin','2025-12-14 02:33:16','жҹҘзңӢи®ўеҚ•иҜҰжғ…ж—¶йңҖиҰҒжҹҘиҜўж”Ҝд»ҳи®°еҪ•'),
	(4059,'жҠјйҮ‘з”іиҜ·е®Ўжү№',3400,5,'depositApproval','supervision/deposit/approval',NULL,'',1,0,'C','0','0','pension:deposit:list','money','admin','2025-12-15 02:09:23','admin','2025-12-15 02:09:23','ж°‘ж”ҝ???з®Ў-жҠјйҮ‘з”іиҜ·е®Ўжү№йЎөйқў'),
	(4060,'жҠјйҮ‘е®Ўжү№жҹҘиҜў',4059,1,'#','',NULL,'',1,0,'F','0','0','pension:deposit:query','#','admin','2025-12-15 02:09:23','admin','2025-12-15 02:09:23',''),
	(4061,'жҠјйҮ‘е®Ўжү№йҖҡиҝҮ',4059,2,'#','',NULL,'',1,0,'F','0','0','pension:deposit:approve','#','admin','2025-12-15 02:09:23','admin','2025-12-15 02:09:23',''),
	(4062,'жҠјйҮ‘е®Ўжү№жӢ’з»қ',4059,3,'#','',NULL,'',1,0,'F','0','0','pension:deposit:reject','#','admin','2025-12-15 02:09:23','admin','2025-12-15 02:09:23',''),
	(4063,'жҠјйҮ‘е®Ўжү№еҜјеҮә',4059,4,'#','',NULL,'',1,0,'F','0','0','pension:deposit:export','#','admin','2025-12-15 02:09:23','admin','2025-12-15 02:09:23',''),
	(4064,'жңәжһ„иҜ„д»·з®ЎзҗҶ',3000,7,'review','supervision/feedback/review/index','','',1,0,'C','0','0',NULL,'star','admin','2025-12-22 23:27:22','admin','2025-12-22 23:27:22','ж°‘ж”ҝзӣ‘з®Ў-еҸҚйҰҲз®ЎзҗҶ-жңәжһ„иҜ„д»·з®ЎзҗҶйЎөйқў'),
	(4065,'жңәжһ„иҜ„д»·жҹҘиҜў',4064,1,'','','','',1,0,'F','0','0','supervision:review:list','#','admin','2025-12-22 23:27:29','admin','2025-12-22 23:27:29',''),
	(4066,'жңәжһ„иҜ„д»·иҜҰжғ…',4064,2,'','','','',1,0,'F','0','0','supervision:review:query','#','admin','2025-12-22 23:27:29','admin','2025-12-22 23:27:29',''),
	(4067,'иҜ„д»·е®Ўж ёйҖҡиҝҮ',4064,3,'','','','',1,0,'F','0','0','supervision:review:approve','#','admin','2025-12-22 23:27:29','admin','2025-12-22 23:27:29',''),
	(4068,'иҜ„д»·е®Ўж ёжӢ’з»қ',4064,4,'','','','',1,0,'F','0','0','supervision:review:reject','#','admin','2025-12-22 23:27:29','admin','2025-12-22 23:27:29',''),
	(4069,'иҜ„д»·еҲ йҷӨ',4064,5,'','','','',1,0,'F','0','0','supervision:review:remove','#','admin','2025-12-22 23:27:29','admin','2025-12-22 23:27:29',''),
	(4070,'иҜ„д»·еҜјеҮә',4064,6,'','','','',1,0,'F','0','0','supervision:review:export','#','admin','2025-12-22 23:27:29','admin','2025-12-22 23:27:29',''),
	(4071,'йў„зәҰз®ЎзҗҶ',2000,100,'visit','pension/visit/index',NULL,'',1,0,'C','0','0','pension:visit:list','shopping','admin','2025-12-23 01:44:40','admin','2025-12-23 01:44:40','йў„зәҰеҸӮи§Ӯз®ЎзҗҶ'),
	(4072,'йў„зәҰз®ЎзҗҶжҹҘиҜў',4071,1,'',NULL,NULL,'',1,0,'F','0','0','pension:visit:query','#','admin','2025-12-23 01:44:40','',NULL,''),
	(4073,'ж Үи®°е®ҢжҲҗ',4071,2,'',NULL,NULL,'',1,0,'F','0','0','pension:visit:complete','#','admin','2025-12-23 01:44:40','',NULL,''),
	(4074,'йў„зәҰз®ЎзҗҶеҜјеҮә',4071,3,'',NULL,NULL,'',1,0,'F','0','0','pension:visit:export','#','admin','2025-12-23 01:44:40','',NULL,''),
	(4075,'ж•°жҚ®еӨ§еұҸ',4000,1,'/bigscreen','',NULL,'',1,0,'C','0','0','data:screen:list','chart','admin','2026-01-19 01:41:24','admin','2026-01-19 01:41:24','ж•°жҚ®еӨ§еұҸиҸңеҚ•'),
	(4076,'и®ўеҚ•е®Ўж ё',2041,10,'',NULL,NULL,'',1,0,'F','0','0','order:info:audit','#','admin','2026-01-19 17:45:36','',NULL,'и®ўеҚ•е®Ўж ёжқғйҷҗ'),
	(4077,'е®Ўж ёйҖҡиҝҮ',2041,11,'',NULL,NULL,'',1,0,'F','0','0','order:info:approve','#','admin','2026-01-19 17:45:36','',NULL,'и®ўеҚ•е®Ўж ёйҖҡиҝҮ'),
	(4078,'е®Ўж ёжӢ’з»қ',2041,12,'',NULL,NULL,'',1,0,'F','0','0','order:info:reject','#','admin','2026-01-19 17:45:36','',NULL,'и®ўеҚ•е®Ўж ёжӢ’з»қ'),
	(5000,'H5з”ЁжҲ·з®ЎзҗҶ',3000,11,'h5user',NULL,NULL,'',1,0,'M','0','0','','peoples','admin','2026-01-25 03:42:08','admin','2026-02-03 04:23:44','H5е®¶еұһз”ЁжҲ·з®ЎзҗҶ'),
	(5001,'з”ЁжҲ·еҲ—иЎЁ',5000,1,'list','system/h5user/index',NULL,'',1,0,'C','0','0','h5user:list','peoples','admin','2026-01-25 03:42:11','admin','2026-01-25 17:46:12','H5е®¶еұһз”ЁжҲ·еҲ—иЎЁ'),
	(5002,'з”ЁжҲ·жҹҘиҜў',5001,1,'',NULL,NULL,'',1,0,'F','0','0','h5user:query','#','admin','2026-01-25 03:42:15','',NULL,''),
	(5003,'з”ЁжҲ·ж–°еўһ',5001,2,'',NULL,NULL,'',1,0,'F','0','0','h5user:add','#','admin','2026-01-25 03:42:15','',NULL,''),
	(5004,'з”ЁжҲ·дҝ®ж”№',5001,3,'',NULL,NULL,'',1,0,'F','0','0','h5user:edit','#','admin','2026-01-25 03:42:15','',NULL,''),
	(5005,'з”ЁжҲ·еҲ йҷӨ',5001,4,'',NULL,NULL,'',1,0,'F','0','0','h5user:remove','#','admin','2026-01-25 03:42:15','',NULL,''),
	(5006,'йҮҚзҪ®еҜҶз Ғ',5001,5,'',NULL,NULL,'',1,0,'F','0','0','h5user:resetPwd','#','admin','2026-01-25 03:42:15','',NULL,''),
	(5007,'зәҝдёӢж”Ҝд»ҳ',2041,6,'',NULL,NULL,'',1,0,'F','0','0','order:info:offlinePay','#','admin','2026-01-26 00:10:39','admin','2026-01-26 00:10:39','и®ўеҚ•зәҝдёӢж”Ҝд»ҳжҢүй’®'),
	(5008,'иҖҒдәәз®ЎзҗҶ',2030,3,'manage','pension/elder/manage','','',1,0,'C','0','0','pension:elder:manage:list','peoples','admin','2026-01-26 19:35:07','',NULL,'иҖҒдәәжЎЈжЎҲз®ЎзҗҶ'),
	(5009,'иҖҒдәәз®ЎзҗҶжҹҘиҜў',5008,1,'',NULL,NULL,'',1,0,'F','0','0','pension:elder:manage:query','#','admin','2026-01-26 19:35:07','',NULL,''),
	(5010,'иҖҒдәәз®ЎзҗҶж–°еўһ',5008,2,'',NULL,NULL,'',1,0,'F','0','0','pension:elder:manage:add','#','admin','2026-01-26 19:35:07','',NULL,''),
	(5011,'иҖҒдәәз®ЎзҗҶдҝ®ж”№',5008,3,'',NULL,NULL,'',1,0,'F','0','0','pension:elder:manage:edit','#','admin','2026-01-26 19:35:07','',NULL,''),
	(5012,'иҖҒдәәз®ЎзҗҶеҲ йҷӨ',5008,4,'',NULL,NULL,'',1,0,'F','0','0','pension:elder:manage:remove','#','admin','2026-01-26 19:35:07','',NULL,''),
	(5013,'иҖҒдәәз®ЎзҗҶеҜјеҮә',5008,5,'',NULL,NULL,'',1,0,'F','0','0','pension:elder:manage:export','#','admin','2026-01-26 19:35:07','',NULL,''),
	(5014,'жҠ•иҜүе»әи®®жҹҘиҜў',2090,1,'',NULL,NULL,'',1,0,'F','0','0','pension:feedback:list','#','admin','2026-01-26 21:56:40','admin','2026-01-26 21:56:40','жҠ•иҜүеҲ—иЎЁжҹҘиҜўжқғйҷҗ'),
	(5015,'жҠ•иҜүиҜҰжғ…жҹҘиҜў',2090,2,'',NULL,NULL,'',1,0,'F','0','0','pension:feedback:query','#','admin','2026-01-26 21:56:40','admin','2026-01-26 21:56:40','жҠ•иҜүиҜҰжғ…жҹҘиҜўжқғйҷҗ'),
	(5016,'жҠ•иҜүеӨ„зҗҶ',2090,3,'',NULL,NULL,'',1,0,'F','0','0','pension:feedback:handle','#','admin','2026-01-26 21:56:40','admin','2026-01-26 21:56:40','еӨ„зҗҶжҠ•иҜүжқғйҷҗ'),
	(5017,'йҖҖж¬ҫз®ЎзҗҶ',2040,2,'refund','pension/refund/index',NULL,'',1,0,'C','0','0','pension:refund:list','money','admin','2026-01-26 23:31:53','',NULL,'йҖҖж¬ҫз®ЎзҗҶиҸңеҚ•'),
	(5018,'йҖҖж¬ҫз®ЎзҗҶжҹҘиҜў',5017,1,'#','',NULL,'',1,0,'F','0','0','pension:refund:query','#','admin','2026-01-26 23:31:59','',NULL,''),
	(5019,'йҖҖж¬ҫз®ЎзҗҶе®Ўж ё',5017,2,'#','',NULL,'',1,0,'F','0','0','pension:refund:approve','#','admin','2026-01-26 23:31:59','',NULL,''),
	(5020,'йҖҖж¬ҫз®ЎзҗҶеҜјеҮә',5017,3,'#','',NULL,'',1,0,'F','0','0','pension:refund:export','#','admin','2026-01-26 23:31:59','',NULL,''),
	(5021,'еҲ’д»ҳи§„еҲҷй…ҚзҪ®',3400,6,'fund/transferRule','supervision/fund/transferRule',NULL,'',1,0,'C','0','0','supervision:transferRule:list','edit','admin','2026-01-28 00:25:11','',NULL,'еҲ’д»ҳи§„еҲҷй…ҚзҪ®йЎөйқў'),
	(5022,'еҲ’д»ҳи§„еҲҷжҹҘиҜў',5021,1,'',NULL,NULL,'',1,0,'F','0','0','supervision:transferRule:query','#','admin','2026-01-28 00:25:11','',NULL,''),
	(5023,'еҲ’д»ҳи§„еҲҷж–°еўһ',5021,2,'',NULL,NULL,'',1,0,'F','0','0','supervision:transferRule:add','#','admin','2026-01-28 00:25:11','',NULL,''),
	(5024,'еҲ’д»ҳи§„еҲҷдҝ®ж”№',5021,3,'',NULL,NULL,'',1,0,'F','0','0','supervision:transferRule:edit','#','admin','2026-01-28 00:25:11','',NULL,''),
	(5025,'еҲ’д»ҳи§„еҲҷеҲ йҷӨ',5021,4,'',NULL,NULL,'',1,0,'F','0','0','supervision:transferRule:remove','#','admin','2026-01-28 00:25:11','',NULL,''),
	(5026,'иө„йҮ‘еҲ’д»ҳи®°еҪ•',3400,7,'fund/transferRecord','supervision/fund/transferRecord',NULL,'',1,0,'C','0','0','supervision:transferRecord:list','list','admin','2026-01-28 00:25:11','',NULL,'иө„йҮ‘еҲ’д»ҳи®°еҪ•йЎөйқў'),
	(5027,'еҲ’д»ҳи®°еҪ•жҹҘиҜў',5026,1,'',NULL,NULL,'',1,0,'F','0','0','supervision:transferRecord:query','#','admin','2026-01-28 00:25:11','',NULL,''),
	(5028,'еҲ’д»ҳи®°еҪ•еҜјеҮә',5026,2,'',NULL,NULL,'',1,0,'F','0','0','supervision:transferRecord:export','#','admin','2026-01-28 00:25:11','',NULL,''),
	(5029,'еҸ‘иө·еҲ’жӢЁз”іиҜ·',2060,0,'apply','pension/fund/apply',NULL,'',1,0,'C','0','0','pension:fundTransferApply:add','edit','admin','2026-01-28 01:30:49','admin','2026-01-28 01:30:49','жңәжһ„еҸ‘иө·иө„йҮ‘еҲ’жӢЁз”іиҜ·'),
	(5030,'еҲ’жӢЁз”іиҜ·е®Ўжү№',3400,8,'transferApprove','supervision/fund/transferApprove',NULL,'',1,0,'C','0','0','pension:fundTransferApply:supervisionApprove','date','admin','2026-01-28 01:30:49','admin','2026-01-29 23:11:00','зӣ‘з®Ўз«Ҝе®Ўжү№иө„йҮ‘еҲ’жӢЁз”іиҜ·'),
	(5031,'еҲ’жӢЁз”іиҜ·жҹҘиҜў',2061,1,'',NULL,NULL,'',1,0,'F','0','0','pension:fundTransferApply:query','#','admin','2026-01-28 01:31:00','admin','2026-01-28 01:31:00','жҹҘиҜўеҲ’жӢЁз”іиҜ·иҜҰжғ…'),
	(5032,'еҲ’жӢЁз”іиҜ·ж–°еўһ',2061,2,'',NULL,NULL,'',1,0,'F','0','0','pension:fundTransferApply:add','#','admin','2026-01-28 01:31:00','admin','2026-01-28 01:31:00','ж–°еўһеҲ’жӢЁз”іиҜ·'),
	(5033,'еҲ’жӢЁз”іиҜ·дҝ®ж”№',2061,3,'',NULL,NULL,'',1,0,'F','0','0','pension:fundTransferApply:edit','#','admin','2026-01-28 01:31:00','admin','2026-01-28 01:31:00','дҝ®ж”№еҲ’жӢЁз”іиҜ·'),
	(5034,'еҲ’жӢЁз”іиҜ·еҲ йҷӨ',2061,4,'',NULL,NULL,'',1,0,'F','0','0','pension:fundTransferApply:remove','#','admin','2026-01-28 01:31:00','admin','2026-01-28 01:31:00','еҲ йҷӨеҲ’жӢЁз”іиҜ·'),
	(5035,'еҲ’жӢЁз”іиҜ·еҜјеҮә',2061,5,'',NULL,NULL,'',1,0,'F','0','0','pension:fundTransferApply:export','#','admin','2026-01-28 01:31:00','admin','2026-01-28 01:31:00','еҜјеҮәеҲ’жӢЁз”іиҜ·'),
	(5036,'еҲ’жӢЁе®Ўжү№жҹҘиҜў',5030,1,'',NULL,NULL,'',1,0,'F','0','0','pension:fundTransferApply:query','#','admin','2026-01-28 01:31:01','admin','2026-01-28 01:31:01','жҹҘиҜўеҲ’жӢЁз”іиҜ·'),
	(5037,'зӣ‘з®Ўе®Ўжү№',5030,2,'',NULL,NULL,'',1,0,'F','0','0','pension:fundTransferApply:supervisionApprove','#','admin','2026-01-28 01:31:01','admin','2026-01-28 01:31:01','зӣ‘з®Ўе®Ўжү№еҲ’жӢЁз”іиҜ·'),
	(5038,'жү§иЎҢеҲ’жӢЁ',5030,3,'',NULL,NULL,'',1,0,'F','0','0','pension:fundTransferApply:execute','#','admin','2026-01-28 01:31:01','admin','2026-01-28 01:31:01','жү§иЎҢеҲ’жӢЁ'),
	(5039,'еҲ’жӢЁе®Ўжү№еҜјеҮә',5030,4,'',NULL,NULL,'',1,0,'F','0','0','pension:fundTransferApply:export','#','admin','2026-01-28 01:31:01','admin','2026-01-28 01:31:01','еҜјеҮәе®Ўжү№и®°еҪ•'),
	(5040,'жҸҗдәӨз”іиҜ·',5029,1,'',NULL,NULL,'',1,0,'F','0','0','pension:fundTransferApply:add','#','admin','2026-01-28 01:31:01','admin','2026-01-28 01:31:01','жҸҗдәӨеҲ’жӢЁз”іиҜ·'),
	(5041,'е…ҘдҪҸдәәдҝ®ж”№',2031,5,'',NULL,NULL,'',1,0,'F','0','0','elder:resident:edit','#','admin','2026-01-31 17:23:28','admin','2026-01-31 17:23:28','е…ҘдҪҸдәәеҲ—иЎЁдҝ®ж”№жқғйҷҗ'),
	(5042,'жҖ»дҪ“жҰӮи§Ҳ',4000,4,'overall','dataStatistics/overall/index',NULL,'',1,0,'C','0','0','data:statistics:overall','chart','admin','2026-02-04 01:38:30','',NULL,''),
	(5043,'жңәжһ„жғ…еҶө',4000,5,'institution','dataStatistics/institution/index',NULL,'',1,0,'C','0','0','data:statistics:institution','chart','admin','2026-02-04 01:38:30','',NULL,''),
	(5044,'иө„йҮ‘жғ…еҶө',4000,6,'fund','dataStatistics/fund/index',NULL,'',1,0,'C','0','0','data:statistics:fund','chart','admin','2026-02-04 01:38:30','',NULL,''),
	(5045,'йў„иӯҰжғ…еҶө',4000,7,'warning','dataStatistics/warning/index',NULL,'',1,0,'C','0','0','data:statistics:warning','chart','admin','2026-02-04 01:38:30','',NULL,''),
	(5046,'жңәжһ„еҲ—иЎЁ',4000,8,'institutionList','dataStatistics/institutionList/index',NULL,'',1,0,'C','0','0','data:statistics:institutionList','list','admin','2026-02-04 01:38:30','',NULL,''),
	(5047,'иҖҒдәәеҲ—иЎЁ',4000,9,'elderList','dataStatistics/elderList/index',NULL,'',1,0,'C','0','0','data:statistics:elderList','list','admin','2026-02-04 01:38:30','',NULL,''),
	(5048,'иө„йҮ‘еҲ—иЎЁ',4000,10,'fundList','dataStatistics/fundList/index',NULL,'',1,0,'C','0','0','data:statistics:fundList','list','admin','2026-02-04 01:38:30','',NULL,'');

/*!40000 ALTER TABLE `sys_menu` ENABLE KEYS */;
UNLOCK TABLES;


# иҪ¬еӮЁиЎЁ sys_notice
# ------------------------------------------------------------

DROP TABLE IF EXISTS `sys_notice`;

CREATE TABLE `sys_notice` (
  `notice_id` int NOT NULL AUTO_INCREMENT COMMENT 'е…¬е‘ҠID',
  `notice_title` varchar(50) CHARACTER SET utf8mb4 COLLATE utf8mb4_general_ci NOT NULL COMMENT 'е…¬е‘Ҡж Үйўҳ',
  `notice_type` char(1) CHARACTER SET utf8mb4 COLLATE utf8mb4_general_ci NOT NULL COMMENT 'е…¬е‘Ҡзұ»еһӢпјҲ1йҖҡзҹҘ 2е…¬е‘Ҡпјү',
  `notice_content` longblob COMMENT 'е…¬е‘ҠеҶ…е®№',
  `status` char(1) CHARACTER SET utf8mb4 COLLATE utf8mb4_general_ci DEFAULT '0' COMMENT 'е…¬е‘ҠзҠ¶жҖҒпјҲ0жӯЈеёё 1е…ій—ӯпјү',
  `create_by` varchar(64) CHARACTER SET utf8mb4 COLLATE utf8mb4_general_ci DEFAULT '' COMMENT 'еҲӣе»әиҖ…',
  `create_time` datetime DEFAULT NULL COMMENT 'еҲӣе»әж—¶й—ҙ',
  `update_by` varchar(64) CHARACTER SET utf8mb4 COLLATE utf8mb4_general_ci DEFAULT '' COMMENT 'жӣҙж–°иҖ…',
  `update_time` datetime DEFAULT NULL COMMENT 'жӣҙж–°ж—¶й—ҙ',
  `remark` varchar(255) CHARACTER SET utf8mb4 COLLATE utf8mb4_general_ci DEFAULT NULL COMMENT 'еӨҮжіЁ',
  PRIMARY KEY (`notice_id`)
) ENGINE=InnoDB AUTO_INCREMENT=12 DEFAULT CHARSET=utf8mb4 COLLATE=utf8mb4_general_ci COMMENT='йҖҡзҹҘе…¬е‘ҠиЎЁ';

LOCK TABLES `sys_notice` WRITE;
/*!40000 ALTER TABLE `sys_notice` DISABLE KEYS */;

INSERT INTO `sys_notice` (`notice_id`, `notice_title`, `notice_type`, `notice_content`, `status`, `create_by`, `create_time`, `update_by`, `update_time`, `remark`)
VALUES
	(1,'жё©йҰЁжҸҗйҶ’пјҡиө„йҮ‘зӣ‘з®Ўзі»з»ҹеҚіе°ҶдёҠзәҝ','2',X'E696B0E78988E69CACE58685E5AEB9','0','admin','2025-10-28 02:47:08','admin','2026-01-19 15:31:14','з®ЎзҗҶе‘ҳ'),
	(11,'иҝҷжҳҜдёҖжқЎжөӢиҜ•еҶ…е®№','2',X'3C703EE6B58BE8AF95E9809AE79FA5E585ACE5918A3C2F703E','0','admin','2026-01-19 15:32:14','',NULL,NULL);

/*!40000 ALTER TABLE `sys_notice` ENABLE KEYS */;
UNLOCK TABLES;


# иҪ¬еӮЁиЎЁ sys_oper_log
# ------------------------------------------------------------

DROP TABLE IF EXISTS `sys_oper_log`;

CREATE TABLE `sys_oper_log` (
  `oper_id` bigint NOT NULL AUTO_INCREMENT COMMENT 'ж—Ҙеҝ—дё»й”®',
  `title` varchar(50) CHARACTER SET utf8mb4 COLLATE utf8mb4_general_ci DEFAULT '' COMMENT 'жЁЎеқ—ж Үйўҳ',
  `business_type` int DEFAULT '0' COMMENT 'дёҡеҠЎзұ»еһӢпјҲ0е…¶е®ғ 1ж–°еўһ 2дҝ®ж”№ 3еҲ йҷӨпјү',
  `method` varchar(200) CHARACTER SET utf8mb4 COLLATE utf8mb4_general_ci DEFAULT '' COMMENT 'ж–№жі•еҗҚз§°',
  `request_method` varchar(10) CHARACTER SET utf8mb4 COLLATE utf8mb4_general_ci DEFAULT '' COMMENT 'иҜ·жұӮж–№ејҸ',
  `operator_type` int DEFAULT '0' COMMENT 'ж“ҚдҪңзұ»еҲ«пјҲ0е…¶е®ғ 1еҗҺеҸ°з”ЁжҲ· 2жүӢжңәз«Ҝз”ЁжҲ·пјү',
  `oper_name` varchar(50) CHARACTER SET utf8mb4 COLLATE utf8mb4_general_ci DEFAULT '' COMMENT 'ж“ҚдҪңдәәе‘ҳ',
  `dept_name` varchar(50) CHARACTER SET utf8mb4 COLLATE utf8mb4_general_ci DEFAULT '' COMMENT 'йғЁй—ЁеҗҚз§°',
  `oper_url` varchar(255) CHARACTER SET utf8mb4 COLLATE utf8mb4_general_ci DEFAULT '' COMMENT 'иҜ·жұӮURL',
  `oper_ip` varchar(128) CHARACTER SET utf8mb4 COLLATE utf8mb4_general_ci DEFAULT '' COMMENT 'дё»жңәең°еқҖ',
  `oper_location` varchar(255) CHARACTER SET utf8mb4 COLLATE utf8mb4_general_ci DEFAULT '' COMMENT 'ж“ҚдҪңең°зӮ№',
  `oper_param` varchar(2000) CHARACTER SET utf8mb4 COLLATE utf8mb4_general_ci DEFAULT '' COMMENT 'иҜ·жұӮеҸӮж•°',
  `json_result` varchar(2000) CHARACTER SET utf8mb4 COLLATE utf8mb4_general_ci DEFAULT '' COMMENT 'иҝ”еӣһеҸӮж•°',
  `status` int DEFAULT '0' COMMENT 'ж“ҚдҪңзҠ¶жҖҒпјҲ0жӯЈеёё 1ејӮеёёпјү',
  `error_msg` varchar(2000) CHARACTER SET utf8mb4 COLLATE utf8mb4_general_ci DEFAULT '' COMMENT 'й”ҷиҜҜж¶ҲжҒҜ',
  `oper_time` datetime DEFAULT NULL COMMENT 'ж“ҚдҪңж—¶й—ҙ',
  `cost_time` bigint DEFAULT '0' COMMENT 'ж¶ҲиҖ—ж—¶й—ҙ',
  PRIMARY KEY (`oper_id`),
  KEY `idx_sys_oper_log_bt` (`business_type`),
  KEY `idx_sys_oper_log_s` (`status`),
  KEY `idx_sys_oper_log_ot` (`oper_time`)
) ENGINE=InnoDB AUTO_INCREMENT=888 DEFAULT CHARSET=utf8mb4 COLLATE=utf8mb4_general_ci COMMENT='ж“ҚдҪңж—Ҙеҝ—и®°еҪ•';

LOCK TABLES `sys_oper_log` WRITE;
/*!40000 ALTER TABLE `sys_oper_log` DISABLE KEYS */;

INSERT INTO `sys_oper_log` (`oper_id`, `title`, `business_type`, `method`, `request_method`, `operator_type`, `oper_name`, `dept_name`, `oper_url`, `oper_ip`, `oper_location`, `oper_param`, `json_result`, `status`, `error_msg`, `oper_time`, `cost_time`)
VALUES
	(802,'жё…йҷӨжөӢиҜ•ж•°жҚ®',9,'com.ruoyi.web.controller.system.SysCleanTestDataController.execute()','POST',1,'admin','з ”еҸ‘йғЁй—Ё','/system/cleanTestData/execute','127.0.0.1','еҶ…зҪ‘IP','','{\"msg\":\"жөӢиҜ•ж•°жҚ®жё…йҷӨе®ҢжҲҗ\",\"code\":200,\"data\":[\"вң“ йҖҖж¬ҫи®°еҪ•пјҡжё…йҷӨ 0 жқЎ\",\"вң“ ж”Ҝд»ҳи®°еҪ•пјҡжё…йҷӨ 3 жқЎ\",\"вң“ и®ўеҚ•жҳҺз»Ҷпјҡжё…йҷӨ 7 жқЎ\",\"вң“ и®ўеҚ•дҝЎжҒҜпјҡжё…йҷӨ 3 жқЎ\",\"вң“ жҠјйҮ‘з”іиҜ·пјҡжё…йҷӨ 0 жқЎ\",\"вң“ зӣ‘з®ЎиҙҰжҲ·ж—Ҙеҝ—пјҡжё…йҷӨ 3 жқЎ\",\"вң“ еҲ’жӢЁз”іиҜ·жҳҺз»Ҷпјҡжё…йҷӨ 0 жқЎ\",\"вң“ еҲ’жӢЁз”іиҜ·пјҡжё…йҷӨ 0 жқЎ\",\"вң“ еҲ’жӢЁжҳҺз»Ҷпјҡжё…йҷӨ 0 жқЎ\",\"вң“ иө„йҮ‘еҲ’жӢЁпјҡжё…йҷӨ 10 жқЎ\",\"вң“ дҪҷйўқйў„иӯҰпјҡжё…йҷӨ 0 жқЎ\",\"вң“ дәӨжҳ“и®°еҪ•пјҡжё…йҷӨ 0 жқЎ\",\"вң“ иҙҰжҲ·дҪҷйўқж—Ҙеҝ—пјҡжё…йҷӨ 0 жқЎ\",\"вң“ иҙҰжҲ·дҝЎжҒҜпјҡжё…йҷӨ 1 жқЎ\",\"вң“ е…ҘдҪҸи®°еҪ•пјҡжё…йҷӨ 0 жқЎ\",\"вң“ еәҠдҪҚеҲҶй…Қпјҡжё…йҷӨ 1 жқЎ\",\"вң“ иҖҒдәәз…§зүҮпјҡжё…йҷӨ 0 жқЎ\",\"вң“ иҖҒдәәйҷ„д»¶пјҡжё…йҷӨ 0 жқЎ\",\"вң“ е®¶еұһе…іиҒ”пјҡжё…йҷӨ 1 жқЎ\",\"вң“ жҠ•иҜүе»әи®®пјҡжё…йҷӨ 0 жқЎ\",\"вң“ иҜ„д»·и®°еҪ•пјҡжё…йҷӨ 0 жқЎ\",\"вң“ йў„зәҰи®°еҪ•пјҡжё…йҷӨ 0 жқЎ\",\"вң“ иҙ№з”Ёи®°еҪ•пјҡжё…йҷӨ 5 жқЎ\",\"вң“ з”ЁжҲ·ж”¶и—Ҹпјҡжё…йҷӨ 0 жқЎ\",\"вң“ и§ЈйҷӨзӣ‘з®Ўз”іиҜ·пјҡжё…йҷӨ 0 жқЎ\",\"вң“ иҖҒдәәе…ҘдҪҸзҠ¶жҖҒпјҡжӣҙж–° 1 жқЎдёәе·ІеҮәйҷў\",\"вң“ еәҠдҪҚзҠ¶жҖҒпјҡжӣҙж–° 1 жқЎдёәз©әзҪ®\",\"вң— жөӢиҜ•з”ЁжҲ·пјҡжё…йҷӨеӨұиҙҘ - StatementCallback; uncategorized SQLException for SQL [DELETE FROM sys_user_role WHERE user_id NOT IN (1) AND user_id NOT IN (SELECT user_id FROM sys_user_role WHERE role_id = 100)]; SQL state [HY000]; error code [1093]; You can\'t specify target table \'sys_user_role\' for update in FROM clause; nested exception is java.sql.SQLException: You can\'t specify target table \'sys_user_role\' for update in FROM clause\",\"вң“ зі»з»ҹж—Ҙеҝ—пјҡж“ҚдҪңж—Ҙеҝ— 19 жқЎпјҢзҷ»еҪ•ж—Ҙеҝ— 14 жқЎ\"]}',0,NULL,'2026-01-31 22:50:05',74),
	(803,'жҸҗдәӨз»ҙжҠӨз”іиҜ·',2,'com.ruoyi.web.controller.PensionInstitutionController.submitMaintain()','PUT',1,'jg765678',NULL,'/pension/institution/maintain/submit','127.0.0.1','еҶ…зҪ‘IP','{\"actualAddress\":\"е•ҠжҳҜзҡ„е•ҠжҳҜзҹӯеҸ‘е•Ҡж”¶иҙ№йҳҝйҒ“еӨ«\",\"applyTime\":\"2026-01-31 23:44:29\",\"approvalCertificate\":\"/profile/upload/2026/01/31/4255.jpg_wh860_20260131234409A001.jpg\",\"areaCode\":\"410171\",\"bankAccount\":\"89898989\",\"bedCount\":100,\"businessLicense\":\"/profile/upload/2026/01/31/5033.jpg_wh300_20260131221159A005.jpg\",\"contactPerson\":\"жөӢиҜ•\",\"contactPhone\":\"18908765678\",\"creditCode\":\"914101008767898761\",\"establishedDate\":\"2026-01-21\",\"feeRange\":\"2000-5000/жңҲ\",\"fixedAssets\":1000.0,\"institutionId\":39,\"institutionName\":\"йғ‘е·һй«ҳж–°е…»иҖҒйӣҶеӣў\",\"institutionType\":\"nursing_home\",\"institutionTypeText\":\"жңӘзҹҘзұ»еһӢ(nursing_home)\",\"organizer\":\"е•ҠжҳҜзҹӯеҸ‘е•ҠжҳҜзҹӯеҸ‘\",\"params\":{},\"recordNumber\":\"йҮ‘иҠұйҮ‘иҠұйҮ‘иҠұ\",\"registeredAddress\":\"е•ҠжҳҜзҹӯеҸ‘\",\"registeredCapital\":100.0,\"responsibleAddress\":\"е•ҠжүӢжңәең°ж–№\",\"responsibleIdCard\":\"412829198902208765\",\"responsibleName\":\"жөӢиҜ•a\",\"responsiblePhone\":\"18538909876\",\"status\":\"6\",\"street\":\"жІҹиөөеҠһдәӢеӨ„\",\"superviseAccount\":\"898989\",\"supervisionAgreement\":\"/profile/upload/2026/01/31/1d3fec3a2301623d10d99acb6b4cae821_20260131234415A002.jpg\",\"updateTime\":\"2026-01-31 23:44:29\"}','{\"msg\":\"ж“ҚдҪңжҲҗеҠҹ\",\"code\":200}',0,NULL,'2026-01-31 23:44:29',15),
	(804,'е…»иҖҒжңәжһ„дҝЎжҒҜ',2,'com.ruoyi.web.controller.PensionInstitutionController.edit()','PUT',1,'jg765678',NULL,'/pension/institution','127.0.0.1','еҶ…зҪ‘IP','{\"actualAddress\":\"е•ҠжҳҜзҡ„е•ҠжҳҜзҹӯеҸ‘е•Ҡж”¶иҙ№йҳҝйҒ“еӨ«\",\"applyTime\":\"2026-01-31 23:44:29\",\"approvalCertificate\":\"/profile/upload/2026/01/31/4255.jpg_wh860_20260131234409A001.jpg\",\"areaCode\":\"410171\",\"bankAccount\":\"89898989\",\"bedCount\":100,\"blacklistFlag\":\"0\",\"businessLicense\":\"/profile/upload/2026/01/31/5033.jpg_wh300_20260131221159A005.jpg\",\"contactPerson\":\"жөӢиҜ•\",\"contactPhone\":\"18908765678\",\"createBy\":\"\",\"createTime\":\"2026-01-31 22:49:07\",\"creditCode\":\"914101008767898761\",\"establishedDate\":\"2026-01-21\",\"feeRange\":\"2000-5000/жңҲ\",\"fixedAssets\":1000.0,\"freeTrial\":\"0\",\"institutionId\":39,\"institutionName\":\"йғ‘е·һй«ҳж–°е…»иҖҒйӣҶеӣў\",\"institutionNature\":\"1\",\"institutionType\":\"nursing_home\",\"institutionTypeText\":\"жңӘзҹҘзұ»еһӢ(nursing_home)\",\"organizer\":\"е•ҠжҳҜзҹӯеҸ‘е•ҠжҳҜзҹӯеҸ‘\",\"params\":{},\"priceRangeMax\":0,\"priceRangeMin\":0,\"ratingLevel\":3,\"recordNumber\":\"йҮ‘иҠұйҮ‘иҠұйҮ‘иҠұ\",\"registeredAddress\":\"е•ҠжҳҜзҹӯеҸ‘\",\"registeredCapital\":100.0,\"responsibleAddress\":\"е•ҠжүӢжңәең°ж–№\",\"responsibleIdCard\":\"412829198902208765\",\"responsibleName\":\"жөӢиҜ•a\",\"responsiblePhone\":\"18538909876\",\"status\":\"4\",\"street\":\"жІҹиөөеҠһдәӢеӨ„\",\"superviseAccount\":\"898989\",\"supervisionAgreement\":\"/profile/upload/2026/01/31/1d3fec3a2301623d10d99acb6b4cae821_20260131234415A002.jpg\",\"updateBy\":\"\",\"updateTime\":\"2026-02-01 00:55:13\"}','{\"msg\":\"ж“ҚдҪңжҲҗеҠҹ\",\"code\":200}',0,NULL,'2026-02-01 00:55:13',23),
	(805,'жҸҗдәӨжңәжһ„е…Ҙй©»з”іиҜ·',1,'com.ruoyi.web.controller.PensionInstitutionController.submitApply()','POST',1,'jg765678',NULL,'/pension/institution/apply/submit','127.0.0.1','еҶ…зҪ‘IP','{\"actualAddress\":\"е•ҠжҳҜзҡ„е•ҠжҳҜзҹӯеҸ‘е•Ҡж”¶иҙ№йҳҝйҒ“еӨ«\",\"applyTime\":\"2026-02-01 00:55:18\",\"approvalCertificate\":\"/profile/upload/2026/01/31/4255.jpg_wh860_20260131234409A001.jpg\",\"areaCode\":\"410171\",\"bankAccount\":\"89898989\",\"bedCount\":100,\"businessLicense\":\"/profile/upload/2026/01/31/5033.jpg_wh300_20260131221159A005.jpg\",\"contactPerson\":\"жөӢиҜ•\",\"contactPhone\":\"18908765678\",\"creditCode\":\"914101008767898761\",\"establishedDate\":\"2026-01-21\",\"feeRange\":\"2000-5000/жңҲ\",\"fixedAssets\":1000.0,\"institutionId\":39,\"institutionName\":\"йғ‘е·һй«ҳж–°е…»иҖҒйӣҶеӣў\",\"institutionType\":\"nursing_home\",\"institutionTypeText\":\"жңӘзҹҘзұ»еһӢ(nursing_home)\",\"organizer\":\"е•ҠжҳҜзҹӯеҸ‘е•ҠжҳҜзҹӯеҸ‘\",\"params\":{},\"recordNumber\":\"йҮ‘иҠұйҮ‘иҠұйҮ‘иҠұ\",\"registeredAddress\":\"е•ҠжҳҜзҹӯеҸ‘\",\"registeredCapital\":100.0,\"responsibleAddress\":\"е•ҠжүӢжңәең°ж–№\",\"responsibleIdCard\":\"412829198902208765\",\"responsibleName\":\"жөӢиҜ•a\",\"responsiblePhone\":\"18538909876\",\"status\":\"0\",\"street\":\"жІҹиөөеҠһдәӢеӨ„\",\"superviseAccount\":\"898989\",\"supervisionAgreement\":\"/profile/upload/2026/01/31/1d3fec3a2301623d10d99acb6b4cae821_20260131234415A002.jpg\",\"updateTime\":\"2026-02-01 00:55:18\"}','{\"msg\":\"ж“ҚдҪңжҲҗеҠҹ\",\"code\":200}',0,NULL,'2026-02-01 00:55:18',19),
	(806,'е…»иҖҒжңәжһ„дҝЎжҒҜ',2,'com.ruoyi.web.controller.PensionInstitutionController.edit()','PUT',1,'jg765678',NULL,'/pension/institution','127.0.0.1','еҶ…зҪ‘IP','{\"actualAddress\":\"е•ҠжҳҜзҡ„е•ҠжҳҜзҹӯеҸ‘е•Ҡж”¶иҙ№йҳҝйҒ“еӨ«\",\"applyTime\":\"2026-02-01 00:55:18\",\"approvalCertificate\":\"/profile/upload/2026/01/31/4255.jpg_wh860_20260131234409A001.jpg\",\"areaCode\":\"410171\",\"bankAccount\":\"89898989\",\"bedCount\":100,\"blacklistFlag\":\"0\",\"businessLicense\":\"/profile/upload/2026/01/31/5033.jpg_wh300_20260131221159A005.jpg\",\"contactPerson\":\"жөӢиҜ•\",\"contactPhone\":\"18908765678\",\"createBy\":\"\",\"createTime\":\"2026-01-31 22:49:07\",\"creditCode\":\"914101008767898761\",\"establishedDate\":\"2026-01-21\",\"feeRange\":\"2000-5000/жңҲ\",\"fixedAssets\":1000.0,\"freeTrial\":\"0\",\"institutionId\":39,\"institutionName\":\"йғ‘е·һй«ҳж–°е…»иҖҒйӣҶеӣў\",\"institutionNature\":\"1\",\"institutionType\":\"nursing_home\",\"institutionTypeText\":\"жңӘзҹҘзұ»еһӢ(nursing_home)\",\"organizer\":\"е•ҠжҳҜзҹӯеҸ‘е•ҠжҳҜзҹӯеҸ‘\",\"params\":{},\"priceRangeMax\":0,\"priceRangeMin\":0,\"ratingLevel\":3,\"recordNumber\":\"йҮ‘иҠұйҮ‘иҠұйҮ‘иҠұ\",\"registeredAddress\":\"е•ҠжҳҜзҹӯеҸ‘\",\"registeredCapital\":100.0,\"responsibleAddress\":\"е•ҠжүӢжңәең°ж–№\",\"responsibleIdCard\":\"412829198902208765\",\"responsibleName\":\"жөӢиҜ•a\",\"responsiblePhone\":\"18538909876\",\"status\":\"4\",\"street\":\"жІҹиөөеҠһдәӢеӨ„\",\"superviseAccount\":\"898989\",\"supervisionAgreement\":\"/profile/upload/2026/01/31/1d3fec3a2301623d10d99acb6b4cae821_20260131234415A002.jpg\",\"updateBy\":\"\",\"updateTime\":\"2026-02-01 00:55:30\"}','{\"msg\":\"ж“ҚдҪңжҲҗеҠҹ\",\"code\":200}',0,NULL,'2026-02-01 00:55:30',10),
	(807,'дҝқеӯҳжңәжһ„з”іиҜ·иҚүзЁҝ',1,'com.ruoyi.web.controller.PensionInstitutionController.saveDraft()','POST',1,'jg765678',NULL,'/pension/institution/apply/draft','127.0.0.1','еҶ…зҪ‘IP','{\"actualAddress\":\"е•ҠжҳҜзҡ„е•ҠжҳҜзҹӯеҸ‘е•Ҡж”¶иҙ№йҳҝйҒ“еӨ«\",\"approvalCertificate\":\"/profile/upload/2026/01/31/4255.jpg_wh860_20260131234409A001.jpg\",\"areaCode\":\"410171\",\"bankAccount\":\"89898989\",\"bedCount\":100,\"businessLicense\":\"/profile/upload/2026/01/31/5033.jpg_wh300_20260131221159A005.jpg\",\"contactPerson\":\"жөӢиҜ•\",\"contactPhone\":\"18908765678\",\"creditCode\":\"914101008767898761\",\"establishedDate\":\"2026-01-21\",\"feeRange\":\"2000-5000/жңҲ\",\"fixedAssets\":1000.0,\"institutionId\":39,\"institutionName\":\"йғ‘е·һй«ҳж–°е…»иҖҒйӣҶеӣў\",\"institutionType\":\"nursing_home\",\"institutionTypeText\":\"жңӘзҹҘзұ»еһӢ(nursing_home)\",\"organizer\":\"е•ҠжҳҜзҹӯеҸ‘е•ҠжҳҜзҹӯеҸ‘\",\"params\":{},\"recordNumber\":\"йҮ‘иҠұйҮ‘иҠұйҮ‘иҠұ\",\"registeredAddress\":\"е•ҠжҳҜзҹӯеҸ‘\",\"registeredCapital\":100.0,\"responsibleAddress\":\"е•ҠжүӢжңәең°ж–№\",\"responsibleIdCard\":\"412829198902208765\",\"responsibleName\":\"жөӢиҜ•a\",\"responsiblePhone\":\"18538909876\",\"status\":\"4\",\"street\":\"жІҹиөөеҠһдәӢеӨ„\",\"superviseAccount\":\"898989\",\"supervisionAgreement\":\"/profile/upload/2026/01/31/1d3fec3a2301623d10d99acb6b4cae821_20260131234415A002.jpg\",\"updateTime\":\"2026-02-01 00:55:43\"}','{\"msg\":\"ж“ҚдҪңжҲҗеҠҹ\",\"code\":200}',0,NULL,'2026-02-01 00:55:43',17),
	(808,'дҝқеӯҳжңәжһ„з”іиҜ·иҚүзЁҝ',1,'com.ruoyi.web.controller.PensionInstitutionController.saveDraft()','POST',1,'jg696562',NULL,'/pension/institution/apply/draft','127.0.0.1','еҶ…зҪ‘IP','{\"actualAddress\":\"жҳҜзҡ„е•Ҡе•ҠжҳҜзҹӯеҸ‘е•ҠжҳҜзҡ„\",\"approvalCertificate\":\"\",\"areaCode\":\"410102\",\"bankAccount\":\"234234234\",\"bedCount\":1000,\"businessLicense\":\"\",\"contactPerson\":\"зЁӢжҳҹ\",\"contactPhone\":\"15623696562\",\"createTime\":\"2026-02-01 01:00:01\",\"creditCode\":\"91410100MA45815623\",\"establishedDate\":\"2021-06-08\",\"feeRange\":\"2000-5000/жңҲ\",\"fixedAssets\":500.0,\"institutionId\":40,\"institutionName\":\"йғ‘е·һе…ҙзҰҸе…»иҖҒйӣҶеӣў\",\"institutionType\":\"nursing_home\",\"institutionTypeText\":\"жңӘзҹҘзұ»еһӢ(nursing_home)\",\"organizer\":\"е•ҠжҳҜзҹӯеҸ‘\",\"params\":{},\"recordNumber\":\"234234\",\"registeredAddress\":\"е•ҠжҳҜ\",\"registeredCapital\":0.0,\"responsibleAddress\":\"е•ҠжҳҜзҡ„е•ҠжҳҜзҹӯеҸ‘\",\"responsibleIdCard\":\"\",\"responsibleName\":\"йҮ‘иҠұ\",\"responsiblePhone\":\"15678987890\",\"status\":\"4\",\"street\":\"иҲӘжө·иҘҝи·ҜиЎ—йҒ“еҠһдәӢеӨ„\",\"superviseAccount\":\"34535\",\"supervisionAgreement\":\"\"}','{\"msg\":\"ж“ҚдҪңжҲҗеҠҹ\",\"code\":200}',0,NULL,'2026-02-01 01:00:01',31),
	(809,'ж–°еўһжңәжһ„иҙҰеҸ·',1,'com.ruoyi.web.controller.supervision.InstitutionManageController.addInstitutionAccount()','POST',1,'admin','з ”еҸ‘йғЁй—Ё','/supervision/institution/account/add','127.0.0.1','еҶ…зҪ‘IP','{\"contactPerson\":\"йҷҲйЈһйЈһ\",\"contactPhone\":\"18678909876\",\"createBy\":\"admin\",\"createTime\":\"2026-02-01 01:12:10\",\"creditCode\":\"914101009876789876\",\"fixedAssets\":null,\"institutionId\":41,\"institutionName\":\"йғ‘е·һжғ жөҺеҢәе…»иҖҒжҠ•иө„йӣҶеӣў\",\"institutionTypeText\":\"\",\"params\":{},\"registeredCapital\":null}','{\"msg\":\"ж“ҚдҪңжҲҗеҠҹ\",\"code\":200,\"data\":{\"password\":\"909876\",\"institutionId\":41,\"institutionName\":\"йғ‘е·һжғ жөҺеҢәе…»иҖҒжҠ•иө„йӣҶеӣў\",\"userName\":\"jg909876\",\"message\":\"жңәжһ„иҙҰеҸ·еҲӣе»әжҲҗеҠҹ\"}}',0,NULL,'2026-02-01 01:12:10',113),
	(810,'дҝқеӯҳжңәжһ„з”іиҜ·иҚүзЁҝ',1,'com.ruoyi.web.controller.PensionInstitutionController.saveDraft()','POST',1,'jg909876',NULL,'/pension/institution/apply/draft','127.0.0.1','еҶ…зҪ‘IP','{\"actualAddress\":\"е•ҠжҳҜзҹӯеҸ‘йҳҝйҒ“еӨ«\",\"approvalCertificate\":\"\",\"areaCode\":\"410102\",\"bankAccount\":\"234234234\",\"bedCount\":1000,\"businessLicense\":\"\",\"contactPerson\":\"йҷҲйЈһйЈһ\",\"contactPhone\":\"18678909876\",\"creditCode\":\"914101009876789876\",\"establishedDate\":\"2020-10-13\",\"feeRange\":\"2000-5000е…ғ/жңҲ\",\"fixedAssets\":500.0,\"institutionId\":41,\"institutionName\":\"йғ‘е·һжғ жөҺеҢәе…»иҖҒжҠ•иө„йӣҶеӣў\",\"institutionType\":\"1\",\"institutionTypeText\":\"ж°‘еҠһжңәжһ„\",\"organizer\":\"е•Ҡе•ҠжҳҜзҹӯеҸ‘е•Ҡзҡ„\",\"params\":{},\"recordNumber\":\"234234\",\"registeredAddress\":\"е•Ҡе•Ҡзҡ„\",\"registeredCapital\":500.0,\"responsibleAddress\":\"е•ҠжҳҜзҹӯеҸ‘е•ҠжҳҜзҹӯеҸ‘\",\"responsibleIdCard\":\"412829198902207654\",\"responsibleName\":\"е•ҠжҳҜзҡ„\",\"responsiblePhone\":\"18678987656\",\"status\":\"4\",\"street\":\"иҲӘжө·иҘҝи·ҜиЎ—йҒ“еҠһдәӢеӨ„\",\"superviseAccount\":\"345234\",\"supervisionAgreement\":\"\",\"updateTime\":\"2026-02-01 01:13:52\"}','{\"msg\":\"ж“ҚдҪңжҲҗеҠҹ\",\"code\":200}',0,NULL,'2026-02-01 01:13:52',16),
	(811,'жҸҗдәӨжңәжһ„е…Ҙй©»з”іиҜ·',1,'com.ruoyi.web.controller.PensionInstitutionController.submitApply()','POST',1,'jg909876',NULL,'/pension/institution/apply/submit','127.0.0.1','еҶ…зҪ‘IP','{\"actualAddress\":\"е•ҠжҳҜзҹӯеҸ‘йҳҝйҒ“еӨ«\",\"applyTime\":\"2026-02-01 01:14:15\",\"approvalCertificate\":\"/profile/upload/2026/02/01/5033.jpg_wh300_20260201011409A002.jpg\",\"areaCode\":\"410102\",\"bankAccount\":\"234234234\",\"bedCount\":1000,\"businessLicense\":\"/profile/upload/2026/02/01/4255.jpg_wh860_20260201011406A001.jpg\",\"contactPerson\":\"йҷҲйЈһйЈһ\",\"contactPhone\":\"18678909876\",\"creditCode\":\"914101009876789876\",\"establishedDate\":\"2020-10-13\",\"feeRange\":\"2000-5000е…ғ/жңҲ\",\"fixedAssets\":500.0,\"institutionId\":41,\"institutionName\":\"йғ‘е·һжғ жөҺеҢәе…»иҖҒжҠ•иө„йӣҶеӣў\",\"institutionType\":\"1\",\"institutionTypeText\":\"ж°‘еҠһжңәжһ„\",\"organizer\":\"е•Ҡе•ҠжҳҜзҹӯеҸ‘е•Ҡзҡ„\",\"params\":{},\"recordNumber\":\"234234\",\"registeredAddress\":\"е•Ҡе•Ҡзҡ„\",\"registeredCapital\":500.0,\"responsibleAddress\":\"е•ҠжҳҜзҹӯеҸ‘е•ҠжҳҜзҹӯеҸ‘\",\"responsibleIdCard\":\"412829198902207654\",\"responsibleName\":\"е•ҠжҳҜзҡ„\",\"responsiblePhone\":\"18678987656\",\"status\":\"0\",\"street\":\"иҲӘжө·иҘҝи·ҜиЎ—йҒ“еҠһдәӢеӨ„\",\"superviseAccount\":\"345234\",\"supervisionAgreement\":\"/profile/upload/2026/02/01/0112915ae19d20a80120927b516925 (1)_20260201011413A003.jpg\",\"updateTime\":\"2026-02-01 01:14:15\"}','{\"msg\":\"ж“ҚдҪңжҲҗеҠҹ\",\"code\":200}',0,NULL,'2026-02-01 01:14:15',16),
	(812,'е…»иҖҒжңәжһ„е…Ҙй©»з”іиҜ·',2,'com.ruoyi.web.controller.pension.SupervisionInstitutionController.approve()','PUT',1,'admin','з ”еҸ‘йғЁй—Ё','/pension/supervision/institution/approval/approve/41','127.0.0.1','еҶ…зҪ‘IP','41','{\"msg\":\"ж“ҚдҪңжҲҗеҠҹ\",\"code\":200}',0,NULL,'2026-02-01 01:15:06',21),
	(813,'ж”¶и—Ҹжңәжһ„',1,'com.ruoyi.web.controller.h5.UserFavoriteController.addFavorite()','POST',1,'zhb_1670890634337372',NULL,'/h5/favorite/add/34','192.168.31.67','еҶ…зҪ‘IP','34','{\"msg\":\"ж”¶и—ҸжҲҗеҠҹ\",\"code\":200}',0,NULL,'2026-02-01 01:45:28',62),
	(814,'жҸҗдәӨз»ҙжҠӨз”іиҜ·',2,'com.ruoyi.web.controller.PensionInstitutionController.submitMaintain()','PUT',1,'jg909876',NULL,'/pension/institution/maintain/submit','127.0.0.1','еҶ…зҪ‘IP','{\"actualAddress\":\"е•ҠжҳҜзҹӯеҸ‘йҳҝйҒ“еӨ«\",\"applyTime\":\"2026-02-03 00:56:15\",\"approvalCertificate\":\"/profile/upload/2026/02/01/5033.jpg_wh300_20260201011409A002.jpg\",\"areaCode\":\"410102\",\"bankAccount\":\"234234234\",\"bedCount\":1000,\"businessLicense\":\"/profile/upload/2026/02/01/4255.jpg_wh860_20260201011406A001.jpg\",\"contactPerson\":\"йҷҲйЈһйЈһ\",\"contactPhone\":\"18678909876\",\"creditCode\":\"914101009876789876\",\"establishedDate\":\"2020-10-13\",\"feeRange\":\"2000-5000е…ғ/жңҲ\",\"fixedAssets\":500.0,\"institutionId\":41,\"institutionName\":\"йғ‘е·һжғ жөҺеҢәе…»иҖҒжҠ•иө„йӣҶеӣў\",\"institutionType\":\"1\",\"institutionTypeText\":\"ж°‘еҠһжңәжһ„\",\"organizer\":\"е•Ҡе•ҠжҳҜзҹӯеҸ‘е•Ҡзҡ„\",\"params\":{},\"recordNumber\":\"234234\",\"registeredAddress\":\"е•Ҡе•Ҡзҡ„\",\"registeredCapital\":500.0,\"responsibleAddress\":\"е•ҠжҳҜзҹӯеҸ‘е•ҠжҳҜзҹӯеҸ‘\",\"responsibleIdCard\":\"412829198902207654\",\"responsibleName\":\"е•ҠжҳҜзҡ„\",\"responsiblePhone\":\"18678987656\",\"status\":\"6\",\"street\":\"иҲӘжө·иҘҝи·ҜиЎ—йҒ“еҠһдәӢеӨ„\",\"superviseAccount\":\"345234\",\"supervisionAgreement\":\"/profile/upload/2026/02/01/0112915ae19d20a80120927b516925 (1)_20260201011413A003.jpg\",\"updateTime\":\"2026-02-03 00:56:15\"}','{\"msg\":\"ж“ҚдҪңжҲҗеҠҹ\",\"code\":200}',0,NULL,'2026-02-03 00:56:15',19),
	(815,'жҸҗдәӨжңәжһ„е…Ҙй©»з”іиҜ·',1,'com.ruoyi.web.controller.PensionInstitutionController.submitApply()','POST',1,'jg909876',NULL,'/pension/institution/apply/submit','127.0.0.1','еҶ…зҪ‘IP','{\"actualAddress\":\"жҢүиҜҙ\",\"applyTime\":\"2026-02-03 00:59:33\",\"approvalCertificate\":\"/profile/upload/2026/02/03/ScreenShot_2026-01-08_144242_956_20260203005927A002.png\",\"areaCode\":\"410102\",\"bankAccount\":\"234234\",\"bedCount\":100,\"businessLicense\":\"/profile/upload/2026/02/03/дёӢиҪҪ_20260203005925A001.png\",\"contactPerson\":\"йҷҲзҡ„\",\"contactPhone\":\"18539279011\",\"createTime\":\"2026-02-03 00:59:33\",\"creditCode\":\"999999999999999999\",\"establishedDate\":\"2025-09-01\",\"feeRange\":\"1000-3000\",\"fixedAssets\":50.0,\"institutionId\":42,\"institutionName\":\"жөӢиҜ•жғ жөҺеҢәе…»иҖҒйӣҶеӣў\",\"institutionType\":\"nursing_home\",\"institutionTypeText\":\"жңӘзҹҘзұ»еһӢ(nursing_home)\",\"organizer\":\"йҳҝж–Ҝи’ӮиҠ¬\",\"params\":{},\"recordNumber\":\"87667\",\"registeredAddress\":\"жөӢиҜ•ең°еқҖ\",\"registeredCapital\":400.0,\"responsibleAddress\":\"йқ’иӣҷж“Қеңә\",\"responsibleIdCard\":\"412829198902204567\",\"responsibleName\":\"еҝ«еҝ«еҝ«\",\"responsiblePhone\":\"18647890987\",\"status\":\"0\",\"street\":\"иҲӘжө·иҘҝи·ҜиЎ—йҒ“еҠһдәӢеӨ„\",\"superviseAccount\":\"88787878\",\"supervisionAgreement\":\"/profile/upload/2026/02/03/ScreenShot_2026-01-08_144242_956_20260203005931A003.png\"}','{\"msg\":\"ж“ҚдҪңжҲҗеҠҹ\",\"code\":200}',0,NULL,'2026-02-03 00:59:33',10),
	(816,'е…»иҖҒжңәжһ„дҝЎжҒҜ',2,'com.ruoyi.web.controller.PensionInstitutionController.edit()','PUT',1,'jg909876',NULL,'/pension/institution','127.0.0.1','еҶ…зҪ‘IP','{\"actualAddress\":\"жҢүиҜҙ\",\"applyTime\":\"2026-02-03 00:59:33\",\"approvalCertificate\":\"/profile/upload/2026/02/03/ScreenShot_2026-01-08_144242_956_20260203005927A002.png\",\"areaCode\":\"410102\",\"bankAccount\":\"234234\",\"bedCount\":100,\"blacklistFlag\":\"0\",\"businessLicense\":\"/profile/upload/2026/02/03/дёӢиҪҪ_20260203005925A001.png\",\"contactPerson\":\"йҷҲзҡ„\",\"contactPhone\":\"18539279011\",\"createBy\":\"\",\"createTime\":\"2026-02-03 00:59:33\",\"creditCode\":\"999999999999999999\",\"establishedDate\":\"2025-09-01\",\"feeRange\":\"1000-3000\",\"fixedAssets\":50.0,\"freeTrial\":\"0\",\"institutionId\":42,\"institutionName\":\"жөӢиҜ•жғ жөҺеҢәе…»иҖҒйӣҶеӣў\",\"institutionNature\":\"1\",\"institutionType\":\"nursing_home\",\"institutionTypeText\":\"жңӘзҹҘзұ»еһӢ(nursing_home)\",\"organizer\":\"йҳҝж–Ҝи’ӮиҠ¬\",\"params\":{},\"priceRangeMax\":0,\"priceRangeMin\":0,\"ratingLevel\":3,\"recordNumber\":\"87667\",\"registeredAddress\":\"жөӢиҜ•ең°еқҖ\",\"registeredCapital\":400.0,\"responsibleAddress\":\"йқ’иӣҷж“Қеңә\",\"responsibleIdCard\":\"412829198902204567\",\"responsibleName\":\"еҝ«еҝ«еҝ«\",\"responsiblePhone\":\"18647890987\",\"status\":\"4\",\"street\":\"иҲӘжө·иҘҝи·ҜиЎ—йҒ“еҠһдәӢеӨ„\",\"superviseAccount\":\"88787878\",\"supervisionAgreement\":\"/profile/upload/2026/02/03/ScreenShot_2026-01-08_144242_956_20260203005931A003.png\",\"updateBy\":\"\",\"updateTime\":\"2026-02-03 01:06:20\"}','{\"msg\":\"ж“ҚдҪңжҲҗеҠҹ\",\"code\":200}',0,NULL,'2026-02-03 01:06:20',30),
	(817,'жҸҗдәӨжңәжһ„е…Ҙй©»з”іиҜ·',1,'com.ruoyi.web.controller.PensionInstitutionController.submitApply()','POST',1,'jg909876',NULL,'/pension/institution/apply/submit','127.0.0.1','еҶ…зҪ‘IP','{\"actualAddress\":\"жҢүиҜҙ\",\"applyTime\":\"2026-02-03 01:06:29\",\"approvalCertificate\":\"/profile/upload/2026/02/03/ScreenShot_2026-01-08_144242_956_20260203005927A002.png\",\"areaCode\":\"410102\",\"bankAccount\":\"234234\",\"basicBank\":\"йҳҝж–Ҝи’ӮиҠ¬\",\"bedCount\":100,\"businessLicense\":\"/profile/upload/2026/02/03/дёӢиҪҪ_20260203005925A001.png\",\"contactPerson\":\"йҷҲзҡ„\",\"contactPhone\":\"18539279011\",\"creditCode\":\"999999999999999999\",\"establishedDate\":\"2025-09-01\",\"feeRange\":\"1000-3000\",\"fixedAssets\":50.0,\"institutionId\":42,\"institutionName\":\"жөӢиҜ•жғ жөҺеҢәе…»иҖҒйӣҶеӣў\",\"institutionType\":\"nursing_home\",\"institutionTypeText\":\"жңӘзҹҘзұ»еһӢ(nursing_home)\",\"organizer\":\"йҳҝж–Ҝи’ӮиҠ¬\",\"params\":{},\"recordNumber\":\"87667\",\"registeredAddress\":\"жөӢиҜ•ең°еқҖ\",\"registeredCapital\":400.0,\"responsibleAddress\":\"йқ’иӣҷж“Қеңә\",\"responsibleIdCard\":\"412829198902204567\",\"responsibleName\":\"еҝ«еҝ«еҝ«\",\"responsiblePhone\":\"18647890987\",\"status\":\"0\",\"street\":\"иҲӘжө·иҘҝи·ҜиЎ—йҒ“еҠһдәӢеӨ„\",\"superviseAccount\":\"88787878\",\"superviseBank\":\"йҳҝиҗЁеҫ·\",\"supervisionAgreement\":\"/profile/upload/2026/02/03/ScreenShot_2026-01-08_144242_956_20260203005931A003.png\",\"updateTime\":\"2026-02-03 01:06:29\"}','{\"msg\":\"ж“ҚдҪңжҲҗеҠҹ\",\"code\":200}',0,NULL,'2026-02-03 01:06:29',17),
	(818,'ж–°еўһиҖҒдәәдҝЎжҒҜ',1,'com.ruoyi.web.controller.h5.H5UserController.addElder()','POST',1,'zhb_1670890634337372',NULL,'/h5/user/addElder','192.168.31.67','еҶ…зҪ‘IP','{\"elderName\":\"е“Ҳе“Ҳ\",\"relationType\":\"5\",\"age\":\"86\",\"idCard\":\"412829195002205326\",\"phone\":\"18539265868\",\"emergencyContact\":\"еҘҪеӨҡеҘҪ\",\"emergencyPhone\":\"18539658563\",\"address\":\"\",\"healthStatus\":\"\",\"medicalHistory\":\"\",\"photoPath\":\"/profile/upload/2026/02/03/ScreenShot_2026-01-08_144242_956_20260203020030A001.png\"}','{\"msg\":\"ж–°еўһиҖҒдәәдҝЎжҒҜжҲҗеҠҹ\",\"code\":200}',0,NULL,'2026-02-03 02:00:30',57),
	(819,'е®Ўж ёи®ўеҚ•',2,'com.ruoyi.web.controller.OrderInfoController.approve()','PUT',1,'jg765678',NULL,'/order/info/approve','127.0.0.1','еҶ…зҪ‘IP','{\"monthCount\":12,\"orderAmount\":16500,\"orderId\":97,\"orderStatus\":\"5\",\"params\":{},\"remark\":\"еәҠдҪҚиҙ№пјҡ400е…ғ/жңҲ\\\\nжҠӨзҗҶиҙ№пјҡ100е…ғ/жңҲ\\\\nжҠӨзҗҶзӯүзә§пјҡиҮӘзҗҶ\\\\nжңҚеҠЎиҙ№еҗҲи®Ўпјҡ500.00е…ғ/жңҲ\\\\nзјҙиҙ№жңҲж•°пјҡ12дёӘжңҲ\\\\nжҠјйҮ‘пјҡ10000е…ғ\\\\nдјҡе‘ҳиҙ№пјҡ500е…ғ\\\\nжҖ»и®Ўпјҡ16500.00е…ғ\",\"unpaidAmount\":0,\"updateTime\":\"2026-02-03 02:01:30\"}','{\"msg\":\"ж“ҚдҪңжҲҗеҠҹ\",\"code\":200}',0,NULL,'2026-02-03 02:01:30',20),
	(820,'ж–°еўһиҖҒдәәдҝЎжҒҜ',1,'com.ruoyi.web.controller.h5.H5UserController.addElder()','POST',1,'zhb_1670890634337372',NULL,'/h5/user/addElder','192.168.31.67','еҶ…зҪ‘IP','{\"elderName\":\"еҳҝеҳҝ\",\"relationType\":\"5\",\"age\":\"68\",\"idCard\":\"412829198902205326\",\"phone\":\"18539652365\",\"emergencyContact\":\"е°қе°қ\",\"emergencyPhone\":\"18536256953\",\"address\":\"\",\"healthStatus\":\"\",\"medicalHistory\":\"\",\"photoPath\":\"/profile/upload/2026/02/03/IMG_20260129_142821_20260203024447A001.jpg\"}','{\"msg\":\"ж–°еўһиҖҒдәәдҝЎжҒҜжҲҗеҠҹ\",\"code\":200}',0,NULL,'2026-02-03 02:44:47',53),
	(821,'е®Ўж ёи®ўеҚ•',2,'com.ruoyi.web.controller.OrderInfoController.approve()','PUT',1,'jg765678',NULL,'/order/info/approve','127.0.0.1','еҶ…зҪ‘IP','{\"monthCount\":11,\"orderAmount\":20000,\"orderId\":98,\"orderStatus\":\"5\",\"params\":{},\"remark\":\"еәҠдҪҚиҙ№пјҡ400е…ғ/жңҲ\\\\nжҠӨзҗҶиҙ№пјҡ500е…ғ/жңҲ\\\\nжҠӨзҗҶзӯүзә§пјҡиҮӘзҗҶ\\\\nжңҚеҠЎиҙ№еҗҲи®Ўпјҡ900.00е…ғ/жңҲ\\\\nзјҙиҙ№жңҲж•°пјҡ11дёӘжңҲ\\\\nжҠјйҮ‘пјҡ10000е…ғ\\\\nдјҡе‘ҳиҙ№пјҡ100е…ғ\\\\nжҖ»и®Ўпјҡ20000.00е…ғ\",\"unpaidAmount\":0,\"updateTime\":\"2026-02-03 02:46:37\"}','{\"msg\":\"ж“ҚдҪңжҲҗеҠҹ\",\"code\":200}',0,NULL,'2026-02-03 02:46:37',26),
	(822,'иҸңеҚ•з®ЎзҗҶ',3,'com.ruoyi.web.controller.system.SysMenuController.remove()','DELETE',1,'admin','з ”еҸ‘йғЁй—Ё','/system/menu/3302','127.0.0.1','еҶ…зҪ‘IP','3302','{\"msg\":\"иҸңеҚ•е·ІеҲҶй…Қ,дёҚе…Ғи®ёеҲ йҷӨ\",\"code\":601}',0,NULL,'2026-02-03 03:31:42',9),
	(823,'иҸңеҚ•з®ЎзҗҶ',2,'com.ruoyi.web.controller.system.SysMenuController.edit()','PUT',1,'admin','з ”еҸ‘йғЁй—Ё','/system/menu','127.0.0.1','еҶ…зҪ‘IP','{\"children\":[],\"component\":\"supervision/account/memberFee\",\"createTime\":\"2025-11-03 16:51:30\",\"icon\":\"money\",\"isCache\":\"0\",\"isFrame\":\"1\",\"menuId\":3302,\"menuName\":\"дјҡе‘ҳиҙ№з®ЎзҗҶ\",\"menuType\":\"C\",\"orderNum\":2,\"params\":{},\"parentId\":3300,\"path\":\"memberFee\",\"perms\":\"supervision:account:memberFee\",\"query\":\"\",\"routeName\":\"\",\"status\":\"0\",\"updateBy\":\"admin\",\"visible\":\"1\"}','{\"msg\":\"ж“ҚдҪңжҲҗеҠҹ\",\"code\":200}',0,NULL,'2026-02-03 03:31:52',11),
	(824,'иҸңеҚ•з®ЎзҗҶ',2,'com.ruoyi.web.controller.system.SysMenuController.edit()','PUT',1,'admin','з ”еҸ‘йғЁй—Ё','/system/menu','127.0.0.1','еҶ…зҪ‘IP','{\"children\":[],\"component\":\"supervision/account/orderList\",\"createTime\":\"2025-11-03 16:51:30\",\"icon\":\"list\",\"isCache\":\"0\",\"isFrame\":\"1\",\"menuId\":3304,\"menuName\":\"и®ўеҚ•з®ЎзҗҶ\",\"menuType\":\"C\",\"orderNum\":4,\"params\":{},\"parentId\":3300,\"path\":\"orderList\",\"perms\":\"supervision:account:order\",\"query\":\"\",\"routeName\":\"\",\"status\":\"0\",\"updateBy\":\"admin\",\"visible\":\"1\"}','{\"msg\":\"ж“ҚдҪңжҲҗеҠҹ\",\"code\":200}',0,NULL,'2026-02-03 03:32:02',11),
	(825,'иҸңеҚ•з®ЎзҗҶ',2,'com.ruoyi.web.controller.system.SysMenuController.edit()','PUT',1,'admin','з ”еҸ‘йғЁй—Ё','/system/menu','127.0.0.1','еҶ…зҪ‘IP','{\"children\":[],\"component\":\"supervision/account/balanceList\",\"createTime\":\"2025-11-03 16:51:30\",\"icon\":\"question\",\"isCache\":\"0\",\"isFrame\":\"1\",\"menuId\":3305,\"menuName\":\"иҙҰжҲ·дҪҷйўқ\",\"menuType\":\"C\",\"orderNum\":5,\"params\":{},\"parentId\":3300,\"path\":\"balanceList\",\"perms\":\"supervision:account:balance\",\"query\":\"\",\"routeName\":\"\",\"status\":\"0\",\"updateBy\":\"admin\",\"visible\":\"1\"}','{\"msg\":\"ж“ҚдҪңжҲҗеҠҹ\",\"code\":200}',0,NULL,'2026-02-03 03:32:11',11),
	(826,'иҸңеҚ•з®ЎзҗҶ',2,'com.ruoyi.web.controller.system.SysMenuController.edit()','PUT',1,'admin','з ”еҸ‘йғЁй—Ё','/system/menu','127.0.0.1','еҶ…зҪ‘IP','{\"children\":[],\"component\":\"supervision/account/orderList\",\"createTime\":\"2025-11-03 16:51:30\",\"icon\":\"list\",\"isCache\":\"0\",\"isFrame\":\"1\",\"menuId\":3304,\"menuName\":\"и®ўеҚ•з®ЎзҗҶ\",\"menuType\":\"C\",\"orderNum\":4,\"params\":{},\"parentId\":3400,\"path\":\"orderList\",\"perms\":\"supervision:account:order\",\"query\":\"\",\"routeName\":\"\",\"status\":\"0\",\"updateBy\":\"admin\",\"visible\":\"0\"}','{\"msg\":\"ж“ҚдҪңжҲҗеҠҹ\",\"code\":200}',0,NULL,'2026-02-03 03:33:50',11),
	(827,'иҸңеҚ•з®ЎзҗҶ',3,'com.ruoyi.web.controller.system.SysMenuController.remove()','DELETE',1,'admin','з ”еҸ‘йғЁй—Ё','/system/menu/3401','127.0.0.1','еҶ…зҪ‘IP','3401','{\"msg\":\"иҸңеҚ•е·ІеҲҶй…Қ,дёҚе…Ғи®ёеҲ йҷӨ\",\"code\":601}',0,NULL,'2026-02-03 03:35:21',10),
	(828,'иҸңеҚ•з®ЎзҗҶ',2,'com.ruoyi.web.controller.system.SysMenuController.edit()','PUT',1,'admin','з ”еҸ‘йғЁй—Ё','/system/menu','127.0.0.1','еҶ…зҪ‘IP','{\"children\":[],\"component\":\"supervision/fund/recordList\",\"createTime\":\"2025-11-03 16:51:30\",\"icon\":\"list\",\"isCache\":\"0\",\"isFrame\":\"1\",\"menuId\":3401,\"menuName\":\"иө„йҮ‘и®°еҪ•\",\"menuType\":\"C\",\"orderNum\":1,\"params\":{},\"parentId\":3400,\"path\":\"recordList\",\"perms\":\"supervision:fund:record\",\"query\":\"\",\"routeName\":\"\",\"status\":\"0\",\"updateBy\":\"admin\",\"visible\":\"1\"}','{\"msg\":\"ж“ҚдҪңжҲҗеҠҹ\",\"code\":200}',0,NULL,'2026-02-03 03:35:28',13),
	(829,'иҸңеҚ•з®ЎзҗҶ',2,'com.ruoyi.web.controller.system.SysMenuController.edit()','PUT',1,'admin','з ”еҸ‘йғЁй—Ё','/system/menu','127.0.0.1','еҶ…зҪ‘IP','{\"children\":[],\"component\":\"supervision/fund/flowDetail\",\"createTime\":\"2025-11-03 16:51:30\",\"icon\":\"chart\",\"isCache\":\"0\",\"isFrame\":\"1\",\"menuId\":3402,\"menuName\":\"иө„йҮ‘жөҒеҠЁжҳҺз»Ҷ\",\"menuType\":\"C\",\"orderNum\":2,\"params\":{},\"parentId\":3400,\"path\":\"flowDetail\",\"perms\":\"supervision:fund:flow\",\"query\":\"\",\"routeName\":\"\",\"status\":\"0\",\"updateBy\":\"admin\",\"visible\":\"1\"}','{\"msg\":\"ж“ҚдҪңжҲҗеҠҹ\",\"code\":200}',0,NULL,'2026-02-03 03:35:37',11),
	(830,'иҸңеҚ•з®ЎзҗҶ',2,'com.ruoyi.web.controller.system.SysMenuController.edit()','PUT',1,'admin','з ”еҸ‘йғЁй—Ё','/system/menu','127.0.0.1','еҶ…зҪ‘IP','{\"children\":[],\"component\":\"supervision/fund/allocationRule\",\"createTime\":\"2025-11-03 16:51:30\",\"icon\":\"email\",\"isCache\":\"0\",\"isFrame\":\"1\",\"menuId\":3403,\"menuName\":\"еҲҶй…Қи§„еҲҷ\",\"menuType\":\"C\",\"orderNum\":3,\"params\":{},\"parentId\":3400,\"path\":\"allocationRule\",\"perms\":\"supervision:fund:allocation\",\"query\":\"\",\"routeName\":\"\",\"status\":\"0\",\"updateBy\":\"admin\",\"visible\":\"1\"}','{\"msg\":\"ж“ҚдҪңжҲҗеҠҹ\",\"code\":200}',0,NULL,'2026-02-03 03:35:42',11),
	(831,'иҸңеҚ•з®ЎзҗҶ',2,'com.ruoyi.web.controller.system.SysMenuController.edit()','PUT',1,'admin','з ”еҸ‘йғЁй—Ё','/system/menu','127.0.0.1','еҶ…зҪ‘IP','{\"children\":[],\"component\":\"supervision/fund/statistics\",\"createTime\":\"2025-11-03 16:51:30\",\"icon\":\"chart\",\"isCache\":\"0\",\"isFrame\":\"1\",\"menuId\":3404,\"menuName\":\"иө„йҮ‘з»ҹи®Ў\",\"menuType\":\"C\",\"orderNum\":4,\"params\":{},\"parentId\":3400,\"path\":\"statistics\",\"perms\":\"supervision:fund:statistics\",\"query\":\"\",\"routeName\":\"\",\"status\":\"0\",\"updateBy\":\"admin\",\"visible\":\"1\"}','{\"msg\":\"ж“ҚдҪңжҲҗеҠҹ\",\"code\":200}',0,NULL,'2026-02-03 03:35:59',11),
	(832,'иҸңеҚ•з®ЎзҗҶ',2,'com.ruoyi.web.controller.system.SysMenuController.edit()','PUT',1,'admin','з ”еҸ‘йғЁй—Ё','/system/menu','127.0.0.1','еҶ…зҪ‘IP','{\"children\":[],\"createTime\":\"2025-11-03 16:51:30\",\"icon\":\"message\",\"isCache\":\"0\",\"isFrame\":\"1\",\"menuId\":3500,\"menuName\":\"е…¬е‘Ҡз®ЎзҗҶ\",\"menuType\":\"M\",\"orderNum\":5,\"params\":{},\"parentId\":3000,\"path\":\"announcement\",\"perms\":\"\",\"query\":\"\",\"routeName\":\"\",\"status\":\"0\",\"updateBy\":\"admin\",\"visible\":\"1\"}','{\"msg\":\"ж“ҚдҪңжҲҗеҠҹ\",\"code\":200}',0,NULL,'2026-02-03 03:40:56',12),
	(833,'иҸңеҚ•з®ЎзҗҶ',2,'com.ruoyi.web.controller.system.SysMenuController.edit()','PUT',1,'admin','з ”еҸ‘йғЁй—Ё','/system/menu','127.0.0.1','еҶ…зҪ‘IP','{\"children\":[],\"createTime\":\"2025-10-29 01:35:22\",\"icon\":\"money\",\"isCache\":\"0\",\"isFrame\":\"1\",\"menuId\":2161,\"menuName\":\"иҙҰжҲ·иө„йҮ‘з®ЎзҗҶ\",\"menuType\":\"M\",\"orderNum\":5,\"params\":{},\"parentId\":0,\"path\":\"account\",\"perms\":\"\",\"routeName\":\"\",\"status\":\"0\",\"updateBy\":\"admin\",\"visible\":\"1\"}','{\"msg\":\"ж“ҚдҪңжҲҗеҠҹ\",\"code\":200}',0,NULL,'2026-02-03 04:05:28',14),
	(834,'иҸңеҚ•з®ЎзҗҶ',2,'com.ruoyi.web.controller.system.SysMenuController.edit()','PUT',1,'admin','з ”еҸ‘йғЁй—Ё','/system/menu','127.0.0.1','еҶ…зҪ‘IP','{\"children\":[],\"component\":\"supervision/account/orderList\",\"createTime\":\"2025-11-03 16:51:30\",\"icon\":\"list\",\"isCache\":\"0\",\"isFrame\":\"1\",\"menuId\":3304,\"menuName\":\"и®ўеҚ•з®ЎзҗҶ\",\"menuType\":\"C\",\"orderNum\":4,\"params\":{},\"parentId\":3400,\"path\":\"orderList\",\"perms\":\"supervision:account:order\",\"query\":\"\",\"routeName\":\"\",\"status\":\"0\",\"updateBy\":\"admin\",\"visible\":\"1\"}','{\"msg\":\"ж“ҚдҪңжҲҗеҠҹ\",\"code\":200}',0,NULL,'2026-02-03 04:17:54',13),
	(835,'иҸңеҚ•з®ЎзҗҶ',2,'com.ruoyi.web.controller.system.SysMenuController.edit()','PUT',1,'admin','з ”еҸ‘йғЁй—Ё','/system/menu','127.0.0.1','еҶ…зҪ‘IP','{\"children\":[],\"component\":\"order/orderInfo/index\",\"createTime\":\"2025-10-28 22:20:15\",\"icon\":\"list\",\"isCache\":\"0\",\"isFrame\":\"1\",\"menuId\":2138,\"menuName\":\"и®ўеҚ•еҲ—иЎЁ\",\"menuType\":\"C\",\"orderNum\":1,\"params\":{},\"parentId\":3400,\"path\":\"orderInfo\",\"perms\":\"order:info:list\",\"routeName\":\"\",\"status\":\"0\",\"updateBy\":\"admin\",\"visible\":\"0\"}','{\"msg\":\"ж“ҚдҪңжҲҗеҠҹ\",\"code\":200}',0,NULL,'2026-02-03 04:18:28',9),
	(836,'иҸңеҚ•з®ЎзҗҶ',2,'com.ruoyi.web.controller.system.SysMenuController.edit()','PUT',1,'admin','з ”еҸ‘йғЁй—Ё','/system/menu','127.0.0.1','еҶ…зҪ‘IP','{\"children\":[],\"createTime\":\"2025-10-28 22:20:15\",\"icon\":\"shopping\",\"isCache\":\"0\",\"isFrame\":\"1\",\"menuId\":2137,\"menuName\":\"и®ўеҚ•з®ЎзҗҶ\",\"menuType\":\"M\",\"orderNum\":5,\"params\":{},\"parentId\":0,\"path\":\"order\",\"perms\":\"\",\"routeName\":\"\",\"status\":\"0\",\"updateBy\":\"admin\",\"visible\":\"1\"}','{\"msg\":\"ж“ҚдҪңжҲҗеҠҹ\",\"code\":200}',0,NULL,'2026-02-03 04:19:10',11),
	(837,'иҸңеҚ•з®ЎзҗҶ',2,'com.ruoyi.web.controller.system.SysMenuController.edit()','PUT',1,'admin','з ”еҸ‘йғЁй—Ё','/system/menu','127.0.0.1','еҶ…зҪ‘IP','{\"children\":[],\"createTime\":\"2025-10-28 16:00:00\",\"icon\":\"peoples\",\"isCache\":\"0\",\"isFrame\":\"1\",\"menuId\":2100,\"menuName\":\"иҖҒдәәз®ЎзҗҶ\",\"menuType\":\"M\",\"orderNum\":9,\"params\":{},\"parentId\":0,\"path\":\"elder\",\"perms\":\"\",\"status\":\"0\",\"updateBy\":\"admin\",\"visible\":\"1\"}','{\"msg\":\"ж“ҚдҪңжҲҗеҠҹ\",\"code\":200}',0,NULL,'2026-02-03 04:19:29',10),
	(838,'иҸңеҚ•з®ЎзҗҶ',2,'com.ruoyi.web.controller.system.SysMenuController.edit()','PUT',1,'admin','з ”еҸ‘йғЁй—Ё','/system/menu','127.0.0.1','еҶ…зҪ‘IP','{\"children\":[],\"createTime\":\"2025-10-28 02:47:08\",\"icon\":\"system\",\"isCache\":\"0\",\"isFrame\":\"1\",\"menuId\":1,\"menuName\":\"зі»з»ҹз®ЎзҗҶ\",\"menuType\":\"M\",\"orderNum\":10,\"params\":{},\"parentId\":0,\"path\":\"system\",\"perms\":\"\",\"query\":\"\",\"routeName\":\"\",\"status\":\"0\",\"updateBy\":\"admin\",\"visible\":\"0\"}','{\"msg\":\"ж“ҚдҪңжҲҗеҠҹ\",\"code\":200}',0,NULL,'2026-02-03 04:20:05',3),
	(839,'иҸңеҚ•з®ЎзҗҶ',2,'com.ruoyi.web.controller.system.SysMenuController.edit()','PUT',1,'admin','з ”еҸ‘йғЁй—Ё','/system/menu','127.0.0.1','еҶ…зҪ‘IP','{\"children\":[],\"createTime\":\"2025-10-28 02:47:08\",\"icon\":\"monitor\",\"isCache\":\"0\",\"isFrame\":\"1\",\"menuId\":2,\"menuName\":\"зі»з»ҹзӣ‘жҺ§\",\"menuType\":\"M\",\"orderNum\":20,\"params\":{},\"parentId\":0,\"path\":\"monitor\",\"perms\":\"\",\"query\":\"\",\"routeName\":\"\",\"status\":\"0\",\"updateBy\":\"admin\",\"visible\":\"0\"}','{\"msg\":\"ж“ҚдҪңжҲҗеҠҹ\",\"code\":200}',0,NULL,'2026-02-03 04:20:11',10),
	(840,'иҸңеҚ•з®ЎзҗҶ',2,'com.ruoyi.web.controller.system.SysMenuController.edit()','PUT',1,'admin','з ”еҸ‘йғЁй—Ё','/system/menu','127.0.0.1','еҶ…зҪ‘IP','{\"children\":[],\"createTime\":\"2025-11-03 16:51:30\",\"icon\":\"monitor\",\"isCache\":\"0\",\"isFrame\":\"1\",\"menuId\":3000,\"menuName\":\"ж°‘ж”ҝзӣ‘з®Ў\",\"menuType\":\"M\",\"orderNum\":1,\"params\":{},\"parentId\":0,\"path\":\"supervision\",\"perms\":\"\",\"query\":\"\",\"routeName\":\"\",\"status\":\"0\",\"updateBy\":\"admin\",\"visible\":\"0\"}','{\"msg\":\"ж“ҚдҪңжҲҗеҠҹ\",\"code\":200}',0,NULL,'2026-02-03 04:21:00',12),
	(841,'иҸңеҚ•з®ЎзҗҶ',2,'com.ruoyi.web.controller.system.SysMenuController.edit()','PUT',1,'admin','з ”еҸ‘йғЁй—Ё','/system/menu','127.0.0.1','еҶ…зҪ‘IP','{\"children\":[],\"createTime\":\"2025-10-28 02:47:08\",\"icon\":\"tool\",\"isCache\":\"0\",\"isFrame\":\"1\",\"menuId\":3,\"menuName\":\"зі»з»ҹе·Ҙе…·\",\"menuType\":\"M\",\"orderNum\":3,\"params\":{},\"parentId\":0,\"path\":\"tool\",\"perms\":\"\",\"query\":\"\",\"routeName\":\"\",\"status\":\"0\",\"updateBy\":\"admin\",\"visible\":\"1\"}','{\"msg\":\"ж“ҚдҪңжҲҗеҠҹ\",\"code\":200}',0,NULL,'2026-02-03 04:21:51',13),
	(842,'иҸңеҚ•з®ЎзҗҶ',2,'com.ruoyi.web.controller.system.SysMenuController.edit()','PUT',1,'admin','з ”еҸ‘йғЁй—Ё','/system/menu','127.0.0.1','еҶ…зҪ‘IP','{\"children\":[],\"component\":\"pension/facility/icon/index\",\"createTime\":\"2025-12-07 20:02:06\",\"icon\":\"tree\",\"isCache\":\"0\",\"isFrame\":\"1\",\"menuId\":4051,\"menuName\":\"и®ҫж–Ҫеӣҫж Үй…ҚзҪ®\",\"menuType\":\"C\",\"orderNum\":3,\"params\":{},\"parentId\":3000,\"path\":\"icon\",\"perms\":\"pension:facility:icon\",\"query\":\"\",\"routeName\":\"\",\"status\":\"0\",\"updateBy\":\"admin\",\"visible\":\"0\"}','{\"msg\":\"ж“ҚдҪңжҲҗеҠҹ\",\"code\":200}',0,NULL,'2026-02-03 04:22:37',9),
	(843,'иҸңеҚ•з®ЎзҗҶ',2,'com.ruoyi.web.controller.system.SysMenuController.edit()','PUT',1,'admin','з ”еҸ‘йғЁй—Ё','/system/menu','127.0.0.1','еҶ…зҪ‘IP','{\"children\":[],\"component\":\"monitor/job/index\",\"createTime\":\"2025-10-28 02:47:08\",\"icon\":\"job\",\"isCache\":\"0\",\"isFrame\":\"1\",\"menuId\":110,\"menuName\":\"е®ҡж—¶д»»еҠЎ\",\"menuType\":\"C\",\"orderNum\":2,\"params\":{},\"parentId\":3000,\"path\":\"job\",\"perms\":\"monitor:job:list\",\"query\":\"\",\"routeName\":\"\",\"status\":\"0\",\"updateBy\":\"admin\",\"visible\":\"0\"}','{\"msg\":\"ж“ҚдҪңжҲҗеҠҹ\",\"code\":200}',0,NULL,'2026-02-03 04:23:29',9),
	(844,'иҸңеҚ•з®ЎзҗҶ',2,'com.ruoyi.web.controller.system.SysMenuController.edit()','PUT',1,'admin','з ”еҸ‘йғЁй—Ё','/system/menu','127.0.0.1','еҶ…зҪ‘IP','{\"children\":[],\"createTime\":\"2025-10-28 02:47:08\",\"icon\":\"monitor\",\"isCache\":\"0\",\"isFrame\":\"1\",\"menuId\":2,\"menuName\":\"зі»з»ҹзӣ‘жҺ§\",\"menuType\":\"M\",\"orderNum\":20,\"params\":{},\"parentId\":0,\"path\":\"monitor\",\"perms\":\"\",\"query\":\"\",\"routeName\":\"\",\"status\":\"0\",\"updateBy\":\"admin\",\"visible\":\"1\"}','{\"msg\":\"ж“ҚдҪңжҲҗеҠҹ\",\"code\":200}',0,NULL,'2026-02-03 04:23:36',8),
	(845,'иҸңеҚ•з®ЎзҗҶ',2,'com.ruoyi.web.controller.system.SysMenuController.edit()','PUT',1,'admin','з ”еҸ‘йғЁй—Ё','/system/menu','127.0.0.1','еҶ…зҪ‘IP','{\"children\":[],\"createTime\":\"2026-01-25 03:42:08\",\"icon\":\"peoples\",\"isCache\":\"0\",\"isFrame\":\"1\",\"menuId\":5000,\"menuName\":\"H5з”ЁжҲ·з®ЎзҗҶ\",\"menuType\":\"M\",\"orderNum\":11,\"params\":{},\"parentId\":3000,\"path\":\"h5user\",\"perms\":\"\",\"routeName\":\"\",\"status\":\"0\",\"updateBy\":\"admin\",\"visible\":\"0\"}','{\"msg\":\"ж“ҚдҪңжҲҗеҠҹ\",\"code\":200}',0,NULL,'2026-02-03 04:23:44',9),
	(846,'иҸңеҚ•з®ЎзҗҶ',2,'com.ruoyi.web.controller.system.SysMenuController.edit()','PUT',1,'admin','з ”еҸ‘йғЁй—Ё','/system/menu','127.0.0.1','еҶ…зҪ‘IP','{\"children\":[],\"createTime\":\"2025-10-29 22:21:46\",\"icon\":\"chart\",\"isCache\":\"0\",\"isFrame\":\"1\",\"menuId\":4000,\"menuName\":\"ж•°жҚ®з»ҹи®Ў\",\"menuType\":\"M\",\"orderNum\":8,\"params\":{},\"parentId\":3000,\"path\":\"bigscreen\",\"perms\":\"\",\"routeName\":\"\",\"status\":\"0\",\"updateBy\":\"admin\",\"visible\":\"0\"}','{\"msg\":\"ж“ҚдҪңжҲҗеҠҹ\",\"code\":200}',0,NULL,'2026-02-03 04:23:59',8),
	(847,'иҸңеҚ•з®ЎзҗҶ',2,'com.ruoyi.web.controller.system.SysMenuController.edit()','PUT',1,'admin','з ”еҸ‘йғЁй—Ё','/system/menu','127.0.0.1','еҶ…зҪ‘IP','{\"children\":[],\"component\":\"supervision/warning/feeExcess\",\"createTime\":\"2025-11-03 16:51:30\",\"icon\":\"money\",\"isCache\":\"0\",\"isFrame\":\"1\",\"menuId\":3202,\"menuName\":\"иҙ№з”Ёи¶…йўқйў„иӯҰ\",\"menuType\":\"C\",\"orderNum\":2,\"params\":{},\"parentId\":3200,\"path\":\"feeExcess\",\"perms\":\"supervision:warning:feeExcess\",\"query\":\"\",\"routeName\":\"\",\"status\":\"0\",\"updateBy\":\"admin\",\"visible\":\"1\"}','{\"msg\":\"ж“ҚдҪңжҲҗеҠҹ\",\"code\":200}',0,NULL,'2026-02-03 14:41:33',20),
	(848,'иҸңеҚ•з®ЎзҗҶ',2,'com.ruoyi.web.controller.system.SysMenuController.edit()','PUT',1,'admin','з ”еҸ‘йғЁй—Ё','/system/menu','127.0.0.1','еҶ…зҪ‘IP','{\"children\":[],\"component\":\"supervision/warning/depositExcess\",\"createTime\":\"2025-11-03 16:51:30\",\"icon\":\"drag\",\"isCache\":\"0\",\"isFrame\":\"1\",\"menuId\":3203,\"menuName\":\"жҠјйҮ‘и¶…йўқйў„иӯҰ\",\"menuType\":\"C\",\"orderNum\":3,\"params\":{},\"parentId\":3200,\"path\":\"depositExcess\",\"perms\":\"supervision:warning:depositExcess\",\"query\":\"\",\"routeName\":\"\",\"status\":\"0\",\"updateBy\":\"admin\",\"visible\":\"1\"}','{\"msg\":\"ж“ҚдҪңжҲҗеҠҹ\",\"code\":200}',0,NULL,'2026-02-03 14:41:38',14),
	(849,'иҸңеҚ•з®ЎзҗҶ',2,'com.ruoyi.web.controller.system.SysMenuController.edit()','PUT',1,'admin','з ”еҸ‘йғЁй—Ё','/system/menu','127.0.0.1','еҶ…зҪ‘IP','{\"children\":[],\"component\":\"supervision/warning/checkinExcess\",\"createTime\":\"2025-11-03 16:51:30\",\"icon\":\"peoples\",\"isCache\":\"0\",\"isFrame\":\"1\",\"menuId\":3204,\"menuName\":\"е…Ҙй©»и¶…йўқйў„иӯҰ\",\"menuType\":\"C\",\"orderNum\":4,\"params\":{},\"parentId\":3200,\"path\":\"checkinExcess\",\"perms\":\"supervision:warning:checkinExcess\",\"query\":\"\",\"routeName\":\"\",\"status\":\"0\",\"updateBy\":\"admin\",\"visible\":\"1\"}','{\"msg\":\"ж“ҚдҪңжҲҗеҠҹ\",\"code\":200}',0,NULL,'2026-02-03 14:41:42',12),
	(850,'иҸңеҚ•з®ЎзҗҶ',2,'com.ruoyi.web.controller.system.SysMenuController.edit()','PUT',1,'admin','з ”еҸ‘йғЁй—Ё','/system/menu','127.0.0.1','еҶ…зҪ‘IP','{\"children\":[],\"component\":\"supervision/warning/riskDepositExcess\",\"createTime\":\"2025-11-03 16:51:30\",\"icon\":\"date\",\"isCache\":\"0\",\"isFrame\":\"1\",\"menuId\":3206,\"menuName\":\"йЈҺйҷ©дҝқиҜҒйҮ‘йў„иӯҰ\",\"menuType\":\"C\",\"orderNum\":6,\"params\":{},\"parentId\":3200,\"path\":\"riskDepositExcess\",\"perms\":\"supervision:warning:riskDepositExcess\",\"query\":\"\",\"routeName\":\"\",\"status\":\"0\",\"updateBy\":\"admin\",\"visible\":\"1\"}','{\"msg\":\"ж“ҚдҪңжҲҗеҠҹ\",\"code\":200}',0,NULL,'2026-02-03 14:42:48',11),
	(851,'иҸңеҚ•з®ЎзҗҶ',2,'com.ruoyi.web.controller.system.SysMenuController.edit()','PUT',1,'admin','з ”еҸ‘йғЁй—Ё','/system/menu','127.0.0.1','еҶ…зҪ‘IP','{\"children\":[],\"component\":\"supervision/warning/largePayment\",\"createTime\":\"2025-11-03 16:51:30\",\"icon\":\"download\",\"isCache\":\"0\",\"isFrame\":\"1\",\"menuId\":3207,\"menuName\":\"еӨ§йўқж”Ҝд»ҳйў„иӯҰ\",\"menuType\":\"C\",\"orderNum\":7,\"params\":{},\"parentId\":3200,\"path\":\"largePayment\",\"perms\":\"supervision:warning:largePayment\",\"query\":\"\",\"routeName\":\"\",\"status\":\"0\",\"updateBy\":\"admin\",\"visible\":\"1\"}','{\"msg\":\"ж“ҚдҪңжҲҗеҠҹ\",\"code\":200}',0,NULL,'2026-02-03 14:42:54',12),
	(852,'иҸңеҚ•з®ЎзҗҶ',2,'com.ruoyi.web.controller.system.SysMenuController.edit()','PUT',1,'admin','з ”еҸ‘йғЁй—Ё','/system/menu','127.0.0.1','еҶ…зҪ‘IP','{\"children\":[],\"component\":\"supervision/warning/emergencyRisk\",\"createTime\":\"2025-11-03 16:51:30\",\"icon\":\"bug\",\"isCache\":\"0\",\"isFrame\":\"1\",\"menuId\":3208,\"menuName\":\"зӘҒеҸ‘йЈҺйҷ©йў„иӯҰ\",\"menuType\":\"C\",\"orderNum\":8,\"params\":{},\"parentId\":3200,\"path\":\"emergencyRisk\",\"perms\":\"supervision:warning:emergencyRisk\",\"query\":\"\",\"routeName\":\"\",\"status\":\"0\",\"updateBy\":\"admin\",\"visible\":\"1\"}','{\"msg\":\"ж“ҚдҪңжҲҗеҠҹ\",\"code\":200}',0,NULL,'2026-02-03 14:42:58',13),
	(853,'иҸңеҚ•з®ЎзҗҶ',2,'com.ruoyi.web.controller.system.SysMenuController.edit()','PUT',1,'admin','з ”еҸ‘йғЁй—Ё','/system/menu','127.0.0.1','еҶ…зҪ‘IP','{\"children\":[],\"component\":\"supervision/warning/supervisionExcess\",\"createTime\":\"2025-11-03 16:51:30\",\"icon\":\"druid\",\"isCache\":\"0\",\"isFrame\":\"1\",\"menuId\":3205,\"menuName\":\"зӣ‘з®Ўи¶…йўқйў„иӯҰ\",\"menuType\":\"C\",\"orderNum\":5,\"params\":{},\"parentId\":3200,\"path\":\"supervisionExcess\",\"perms\":\"supervision:warning:supervisionExcess\",\"query\":\"\",\"routeName\":\"\",\"status\":\"0\",\"updateBy\":\"admin\",\"visible\":\"1\"}','{\"msg\":\"ж“ҚдҪңжҲҗеҠҹ\",\"code\":200}',0,NULL,'2026-02-03 14:43:25',10),
	(854,'е®ҡж—¶д»»еҠЎ',2,'com.ruoyi.quartz.controller.SysJobController.changeStatus()','PUT',1,'admin','з ”еҸ‘йғЁй—Ё','/monitor/job/changeStatus','127.0.0.1','еҶ…зҪ‘IP','{\"jobId\":101,\"misfirePolicy\":\"0\",\"params\":{},\"status\":\"0\"}','{\"msg\":\"ж“ҚдҪңжҲҗеҠҹ\",\"code\":200}',0,NULL,'2026-02-03 15:33:31',18),
	(855,'е®ҡж—¶д»»еҠЎ',2,'com.ruoyi.quartz.controller.SysJobController.run()','PUT',1,'admin','з ”еҸ‘йғЁй—Ё','/monitor/job/run','127.0.0.1','еҶ…зҪ‘IP','{\"jobGroup\":\"DEFAULT\",\"jobId\":101,\"misfirePolicy\":\"0\",\"params\":{}}','{\"msg\":\"д»»еҠЎдёҚеӯҳеңЁжҲ–е·ІиҝҮжңҹпјҒ\",\"code\":500}',0,NULL,'2026-02-03 15:42:58',7),
	(856,'е®ҡж—¶д»»еҠЎ',2,'com.ruoyi.quartz.controller.SysJobController.run()','PUT',1,'admin','з ”еҸ‘йғЁй—Ё','/monitor/job/run','127.0.0.1','еҶ…зҪ‘IP','{\"jobGroup\":\"DEFAULT\",\"jobId\":101,\"misfirePolicy\":\"0\",\"params\":{}}','{\"msg\":\"д»»еҠЎдёҚеӯҳеңЁжҲ–е·ІиҝҮжңҹпјҒ\",\"code\":500}',0,NULL,'2026-02-03 15:44:11',9),
	(857,'е®ҡж—¶д»»еҠЎ',2,'com.ruoyi.quartz.controller.SysJobController.run()','PUT',1,'admin','з ”еҸ‘йғЁй—Ё','/monitor/job/run','127.0.0.1','еҶ…зҪ‘IP','{\"jobGroup\":\"DEFAULT\",\"jobId\":101,\"misfirePolicy\":\"0\",\"params\":{}}','{\"msg\":\"ж“ҚдҪңжҲҗеҠҹ\",\"code\":200}',0,NULL,'2026-02-03 15:48:58',10),
	(858,'е®ҡж—¶д»»еҠЎ',2,'com.ruoyi.quartz.controller.SysJobController.run()','PUT',1,'admin','з ”еҸ‘йғЁй—Ё','/monitor/job/run','127.0.0.1','еҶ…зҪ‘IP','{\"jobGroup\":\"DEFAULT\",\"jobId\":101,\"misfirePolicy\":\"0\",\"params\":{}}','{\"msg\":\"ж“ҚдҪңжҲҗеҠҹ\",\"code\":200}',0,NULL,'2026-02-03 16:11:08',7),
	(859,'е®ҡж—¶д»»еҠЎ',2,'com.ruoyi.quartz.controller.SysJobController.run()','PUT',1,'admin','з ”еҸ‘йғЁй—Ё','/monitor/job/run','127.0.0.1','еҶ…зҪ‘IP','{\"jobGroup\":\"DEFAULT\",\"jobId\":101,\"misfirePolicy\":\"0\",\"params\":{}}','{\"msg\":\"ж“ҚдҪңжҲҗеҠҹ\",\"code\":200}',0,NULL,'2026-02-03 16:25:59',12),
	(860,'е®ҡж—¶д»»еҠЎ',2,'com.ruoyi.quartz.controller.SysJobController.run()','PUT',1,'admin','з ”еҸ‘йғЁй—Ё','/monitor/job/run','127.0.0.1','еҶ…зҪ‘IP','{\"jobGroup\":\"DEFAULT\",\"jobId\":101,\"misfirePolicy\":\"0\",\"params\":{}}','{\"msg\":\"ж“ҚдҪңжҲҗеҠҹ\",\"code\":200}',0,NULL,'2026-02-03 16:28:28',7),
	(861,'жҸҗдәӨз»ҙжҠӨз”іиҜ·',2,'com.ruoyi.web.controller.PensionInstitutionController.submitMaintain()','PUT',1,'jg765678',NULL,'/pension/institution/maintain/submit','127.0.0.1','еҶ…зҪ‘IP','{\"actualAddress\":\"йғ‘е·һеёӮз‘һиҫҫи·Ҝ98еҸ·a\",\"applyTime\":\"2026-02-03 21:27:44\",\"approvalCertificate\":\"/profile/upload/2026/01/27/yingyezhizhao1_20260127095752A014.jpg\",\"areaCode\":\"410171\",\"bankAccount\":\"61897876544\",\"basicBank\":\"йғ‘е·һй“¶иЎҢй«ҳж–°еҢәж”ҜиЎҢ\",\"bedCount\":33,\"businessLicense\":\"/profile/upload/2026/01/27/yingyezhizhai2_20260127095747A013.jpg\",\"contactPerson\":\"йҷҲжҷЁ\",\"contactPhone\":\"18767898765\",\"creditCode\":\"91410100MA45TE2X81\",\"establishedDate\":\"2021-02-03\",\"feeRange\":\"500-2000е…ғ/жңҲ\",\"fixedAssets\":500.0,\"institutionId\":36,\"institutionName\":\"йғ‘е·һй«ҳж–°е…»иҖҒйӣҶеӣўз‘һиҫҫи·ҜеӣӯеҢә\",\"institutionType\":\"nursing_home\",\"institutionTypeText\":\"жңӘзҹҘзұ»еһӢ(nursing_home)\",\"organizer\":\"й«ҳж–°е…»иҖҒйӣҶеӣў\",\"params\":{},\"recordNumber\":\"89877899\",\"registeredAddress\":\"йғ‘е·һеёӮз‘һиҫҫи·Ҝ97еҸ·\",\"registeredCapital\":500.0,\"responsibleAddress\":\"йғ‘е·һеёӮй«ҳж–°еҢәз‘һиҫҫи·Ҝ98еҸ·\",\"responsibleIdCard\":\"412829199008080098\",\"responsibleName\":\"йҷҲжҷЁ\",\"responsiblePhone\":\"18767898765\",\"status\":\"6\",\"street\":\"зҹідҪӣеҠһдәӢеӨ„\",\"superviseAccount\":\"619898889976\",\"superviseBank\":\"йғ‘е·һй“¶иЎҢй«ҳж–°еҢәж”ҜиЎҢ\",\"supervisionAgreement\":\"/profile/upload/2026/01/27/wKhkGWWrYIqAOv-sAAJVxyM3R8k145_20260127095758A015.jpg\",\"updateTime\":\"2026-02-03 21:27:44\"}','{\"msg\":\"ж“ҚдҪңжҲҗеҠҹ\",\"code\":200}',0,NULL,'2026-02-03 21:27:44',33),
	(862,'е…»иҖҒжңәжһ„е…Ҙй©»з”іиҜ·',2,'com.ruoyi.web.controller.pension.SupervisionInstitutionController.approve()','PUT',1,'admin','з ”еҸ‘йғЁй—Ё','/pension/supervision/institution/approval/approve/36','127.0.0.1','еҶ…зҪ‘IP','36','{\"msg\":\"ж“ҚдҪңжҲҗеҠҹ\",\"code\":200}',0,NULL,'2026-02-03 21:28:18',14),
	(863,'жҸҗдәӨи§ЈйҷӨзӣ‘з®Ўз”іиҜ·',1,'com.ruoyi.web.controller.PensionInstitutionController.submitReleaseApply()','POST',1,'jg765678',NULL,'/pension/institution/release/apply','127.0.0.1','еҶ…зҪ‘IP','{\"institutionId\":36,\"params\":{},\"releaseReason\":\"е“Ҳе“ҲдәӨжҚўжңә\"}','{\"msg\":\"еҸӘжңүе·Іе…Ҙй©»зҡ„жңәжһ„жүҚиғҪз”іиҜ·и§ЈйҷӨзӣ‘з®Ў\",\"code\":500}',0,NULL,'2026-02-03 22:13:22',29),
	(864,'жҸҗдәӨи§ЈйҷӨзӣ‘з®Ўз”іиҜ·',1,'com.ruoyi.web.controller.PensionInstitutionController.submitReleaseApply()','POST',1,'jg765678',NULL,'/pension/institution/release/apply','127.0.0.1','еҶ…зҪ‘IP','{\"institutionId\":36,\"params\":{},\"releaseReason\":\"еҘҪд№…еҘҪд№…\"}','{\"msg\":\"еҸӘжңүе·Іе…Ҙй©»зҡ„жңәжһ„жүҚиғҪз”іиҜ·и§ЈйҷӨзӣ‘з®Ў\",\"code\":500}',0,NULL,'2026-02-03 22:13:33',9),
	(865,'жҸҗдәӨи§ЈйҷӨзӣ‘з®Ўз”іиҜ·',1,'com.ruoyi.web.controller.PensionInstitutionController.submitReleaseApply()','POST',1,'jg765678',NULL,'/pension/institution/release/apply','127.0.0.1','еҶ…зҪ‘IP','{\"institutionId\":36,\"params\":{},\"releaseReason\":\"жҳҜ\"}','{\"msg\":\"еҸӘжңүе·Іе…Ҙй©»зҡ„жңәжһ„жүҚиғҪз”іиҜ·и§ЈйҷӨзӣ‘з®Ў\",\"code\":500}',0,NULL,'2026-02-03 22:14:53',10),
	(866,'жҸҗдәӨи§ЈйҷӨзӣ‘з®Ўз”іиҜ·',1,'com.ruoyi.web.controller.PensionInstitutionController.submitReleaseApply()','POST',1,'jg765678',NULL,'/pension/institution/release/apply','127.0.0.1','еҶ…зҪ‘IP','{\"applyNo\":\"REL1770128762888\",\"applyStatus\":\"0\",\"applyTime\":\"2026-02-03 22:26:02\",\"basicAccount\":\"61897876544\",\"basicBank\":\"йғ‘е·һй“¶иЎҢй«ҳж–°еҢәж”ҜиЎҢ\",\"contactPerson\":\"йҷҲжҷЁ\",\"contactPhone\":\"18767898765\",\"createTime\":\"2026-02-03 22:26:02\",\"creditCode\":\"91410100MA45TE2X81\",\"institutionId\":36,\"institutionName\":\"йғ‘е·һй«ҳж–°е…»иҖҒйӣҶеӣўз‘һиҫҫи·ҜеӣӯеҢә\",\"params\":{},\"releaseId\":6,\"releaseReason\":\"еҘҪд№…еҘҪд№…\",\"supervisionAccount\":\"619898889976\",\"supervisionBank\":\"йғ‘е·һй“¶иЎҢй«ҳж–°еҢәж”ҜиЎҢ\"}','{\"msg\":\"ж“ҚдҪңжҲҗеҠҹ\",\"code\":200}',0,NULL,'2026-02-03 22:26:02',73),
	(867,'жҸҗдәӨи§ЈйҷӨзӣ‘з®Ўз”іиҜ·',1,'com.ruoyi.web.controller.PensionInstitutionController.submitReleaseApply()','POST',1,'jg765678',NULL,'/pension/institution/release/apply','127.0.0.1','еҶ…зҪ‘IP','{\"institutionId\":36,\"params\":{},\"releaseReason\":\"87878\"}','{\"msg\":\"жӮЁжңүеҫ…е®Ўжү№зҡ„и§ЈйҷӨзӣ‘з®Ўз”іиҜ·пјҢиҜ·зӯүеҫ…е®Ўжү№з»“жһң\",\"code\":500}',0,NULL,'2026-02-03 22:29:28',19),
	(868,'жҸҗдәӨи§ЈйҷӨзӣ‘з®Ўз”іиҜ·',1,'com.ruoyi.web.controller.PensionInstitutionController.submitReleaseApply()','POST',1,'jg765678',NULL,'/pension/institution/release/apply','127.0.0.1','еҶ…зҪ‘IP','{\"institutionId\":36,\"params\":{},\"releaseReason\":\"йҳҝж–Ҝи’ӮиҠ¬\"}','{\"msg\":\"жӮЁжңүеҫ…е®Ўжү№зҡ„и§ЈйҷӨзӣ‘з®Ўз”іиҜ·пјҢиҜ·зӯүеҫ…е®Ўжү№з»“жһң\",\"code\":500}',0,NULL,'2026-02-03 22:30:43',37),
	(869,'жҸҗдәӨи§ЈйҷӨзӣ‘з®Ўз”іиҜ·',1,'com.ruoyi.web.controller.PensionInstitutionController.submitReleaseApply()','POST',1,'jg765678',NULL,'/pension/institution/release/apply','127.0.0.1','еҶ…зҪ‘IP','{\"applyNo\":\"REL1770129098523\",\"applyStatus\":\"0\",\"applyTime\":\"2026-02-03 22:31:38\",\"basicAccount\":\"61897876544\",\"basicBank\":\"йғ‘е·һй“¶иЎҢй«ҳж–°еҢәж”ҜиЎҢ\",\"contactPerson\":\"йҷҲжҷЁ\",\"contactPhone\":\"18767898765\",\"createTime\":\"2026-02-03 22:31:38\",\"creditCode\":\"91410100MA45TE2X81\",\"institutionId\":36,\"institutionName\":\"йғ‘е·һй«ҳж–°е…»иҖҒйӣҶеӣўз‘һиҫҫи·ҜеӣӯеҢә\",\"params\":{},\"releaseId\":7,\"releaseReason\":\"еҸҜжҙҒеҸҜеҮҖ\",\"supervisionAccount\":\"619898889976\",\"supervisionBank\":\"йғ‘е·һй“¶иЎҢй«ҳж–°еҢәж”ҜиЎҢ\"}','{\"msg\":\"ж“ҚдҪңжҲҗеҠҹ\",\"code\":200}',0,NULL,'2026-02-03 22:31:38',39),
	(870,'й©іеӣһи§ЈйҷӨзӣ‘з®Ўз”іиҜ·',2,'com.ruoyi.web.controller.supervision.ReleaseSupervisionController.reject()','POST',1,'admin','з ”еҸ‘йғЁй—Ё','/supervision/institution/release/reject/7','127.0.0.1','еҶ…зҪ‘IP','7 {\"params\":{},\"rejectReason\":\"е°Ҫеҝ«е°Ҫеҝ«\",\"releaseId\":7}','{\"msg\":\"й©іеӣһжҲҗеҠҹпјҢе·ІйҖҡзҹҘжңәжһ„\",\"code\":200}',0,NULL,'2026-02-03 22:40:32',25),
	(871,'жҸҗдәӨи§ЈйҷӨзӣ‘з®Ўз”іиҜ·',1,'com.ruoyi.web.controller.PensionInstitutionController.submitReleaseApply()','POST',1,'jg765678',NULL,'/pension/institution/release/apply','127.0.0.1','еҶ…зҪ‘IP','{\"applyNo\":\"REL1770129671437\",\"applyStatus\":\"0\",\"applyTime\":\"2026-02-03 22:41:11\",\"attachments\":[{\"fileName\":\"дёӢиҪҪ.png\",\"filePath\":\"/profile/upload/2026/02/03/дёӢиҪҪ_20260203224101A001.png\"}],\"basicAccount\":\"61897876544\",\"basicBank\":\"йғ‘е·һй“¶иЎҢй«ҳж–°еҢәж”ҜиЎҢ\",\"contactPerson\":\"йҷҲжҷЁ\",\"contactPhone\":\"18767898765\",\"createTime\":\"2026-02-03 22:41:11\",\"creditCode\":\"91410100MA45TE2X81\",\"institutionId\":36,\"institutionName\":\"йғ‘е·һй«ҳж–°е…»иҖҒйӣҶеӣўз‘һиҫҫи·ҜеӣӯеҢә\",\"params\":{},\"releaseId\":8,\"releaseReason\":\"UIUI\",\"supervisionAccount\":\"619898889976\",\"supervisionBank\":\"йғ‘е·һй“¶иЎҢй«ҳж–°еҢәж”ҜиЎҢ\"}','{\"msg\":\"ж“ҚдҪңжҲҗеҠҹ\",\"code\":200}',0,NULL,'2026-02-03 22:41:11',31),
	(872,'й©іеӣһи§ЈйҷӨзӣ‘з®Ўз”іиҜ·',2,'com.ruoyi.web.controller.supervision.ReleaseSupervisionController.reject()','POST',1,'admin','з ”еҸ‘йғЁй—Ё','/supervision/institution/release/reject/8','127.0.0.1','еҶ…зҪ‘IP','8 {\"params\":{},\"rejectReason\":\"йҹ©зәўеҹәйҮ‘дјҡ\",\"releaseId\":8}','{\"msg\":\"й©іеӣһжҲҗеҠҹпјҢе·ІйҖҡзҹҘжңәжһ„\",\"code\":200}',0,NULL,'2026-02-03 22:50:10',25),
	(873,'жҸҗдәӨи§ЈйҷӨзӣ‘з®Ўз”іиҜ·',1,'com.ruoyi.web.controller.PensionInstitutionController.submitReleaseApply()','POST',1,'jg765678',NULL,'/pension/institution/release/apply','127.0.0.1','еҶ…зҪ‘IP','{\"applyNo\":\"REL1770130230306\",\"applyStatus\":\"0\",\"applyTime\":\"2026-02-03 22:50:30\",\"attachments\":[],\"basicAccount\":\"61897876544\",\"basicBank\":\"йғ‘е·һй“¶иЎҢй«ҳж–°еҢәж”ҜиЎҢ\",\"contactPerson\":\"йҷҲжҷЁ\",\"contactPhone\":\"18767898765\",\"createTime\":\"2026-02-03 22:50:30\",\"creditCode\":\"91410100MA45TE2X81\",\"institutionId\":36,\"institutionName\":\"йғ‘е·һй«ҳж–°е…»иҖҒйӣҶеӣўз‘һиҫҫи·ҜеӣӯеҢә\",\"params\":{},\"releaseId\":9,\"releaseReason\":\"iеҮ UI\",\"supervisionAccount\":\"619898889976\",\"supervisionBank\":\"йғ‘е·һй“¶иЎҢй«ҳж–°еҢәж”ҜиЎҢ\"}','{\"msg\":\"ж“ҚдҪңжҲҗеҠҹ\",\"code\":200}',0,NULL,'2026-02-03 22:50:30',22),
	(874,'й©іеӣһи§ЈйҷӨзӣ‘з®Ўз”іиҜ·',2,'com.ruoyi.web.controller.supervision.ReleaseSupervisionController.reject()','POST',1,'admin','з ”еҸ‘йғЁй—Ё','/supervision/institution/release/reject/9','127.0.0.1','еҶ…зҪ‘IP','9 {\"params\":{},\"rejectReason\":\" жҳҜеҗҰ\",\"releaseId\":9}','{\"msg\":\"й©іеӣһжҲҗеҠҹпјҢе·ІйҖҡзҹҘжңәжһ„\",\"code\":200}',0,NULL,'2026-02-03 22:52:35',28),
	(875,'жҸҗдәӨи§ЈйҷӨзӣ‘з®Ўз”іиҜ·',1,'com.ruoyi.web.controller.PensionInstitutionController.submitReleaseApply()','POST',1,'jg765678',NULL,'/pension/institution/release/apply','127.0.0.1','еҶ…зҪ‘IP','{\"applyNo\":\"REL1770130505337\",\"applyStatus\":\"0\",\"applyTime\":\"2026-02-03 22:55:05\",\"attachments\":[{\"fileName\":\"дёӢиҪҪ.png\",\"filePath\":\"/profile/upload/2026/02/03/дёӢиҪҪ_20260203225504A001.png\"}],\"basicAccount\":\"61897876544\",\"basicBank\":\"йғ‘е·һй“¶иЎҢй«ҳж–°еҢәж”ҜиЎҢ\",\"contactPerson\":\"йҷҲжҷЁ\",\"contactPhone\":\"18767898765\",\"createTime\":\"2026-02-03 22:55:05\",\"creditCode\":\"91410100MA45TE2X81\",\"institutionId\":36,\"institutionName\":\"йғ‘е·һй«ҳж–°е…»иҖҒйӣҶеӣўз‘һиҫҫи·ҜеӣӯеҢә\",\"params\":{},\"releaseId\":10,\"releaseReason\":\"AS \",\"supervisionAccount\":\"619898889976\",\"supervisionBank\":\"йғ‘е·һй“¶иЎҢй«ҳж–°еҢәж”ҜиЎҢ\"}','{\"msg\":\"ж“ҚдҪңжҲҗеҠҹ\",\"code\":200}',0,NULL,'2026-02-03 22:55:05',31),
	(876,'й©іеӣһи§ЈйҷӨзӣ‘з®Ўз”іиҜ·',2,'com.ruoyi.web.controller.supervision.ReleaseSupervisionController.reject()','POST',1,'admin','з ”еҸ‘йғЁй—Ё','/supervision/institution/release/reject/10','127.0.0.1','еҶ…зҪ‘IP','10 {\"params\":{},\"rejectReason\":\"JHJ\",\"releaseId\":10}','{\"msg\":\"й©іеӣһжҲҗеҠҹпјҢе·ІйҖҡзҹҘжңәжһ„\",\"code\":200}',0,NULL,'2026-02-03 23:01:36',23),
	(877,'жҸҗдәӨи§ЈйҷӨзӣ‘з®Ўз”іиҜ·',1,'com.ruoyi.web.controller.PensionInstitutionController.submitReleaseApply()','POST',1,'jg765678',NULL,'/pension/institution/release/apply','127.0.0.1','еҶ…зҪ‘IP','{\"applyNo\":\"REL1770130922890\",\"applyStatus\":\"0\",\"applyTime\":\"2026-02-03 23:02:02\",\"attachments\":[{\"fileName\":\"дёӢиҪҪ.png\",\"filePath\":\"/profile/upload/2026/02/03/дёӢиҪҪ_20260203230201A001.png\"}],\"basicAccount\":\"61897876544\",\"basicBank\":\"йғ‘е·һй“¶иЎҢй«ҳж–°еҢәж”ҜиЎҢ\",\"contactPerson\":\"йҷҲжҷЁ\",\"contactPhone\":\"18767898765\",\"createTime\":\"2026-02-03 23:02:02\",\"creditCode\":\"91410100MA45TE2X81\",\"institutionId\":36,\"institutionName\":\"йғ‘е·һй«ҳж–°е…»иҖҒйӣҶеӣўз‘һиҫҫи·ҜеӣӯеҢә\",\"params\":{},\"releaseId\":11,\"releaseReason\":\"JJKHK\",\"supervisionAccount\":\"619898889976\",\"supervisionBank\":\"йғ‘е·һй“¶иЎҢй«ҳж–°еҢәж”ҜиЎҢ\"}','{\"msg\":\"ж“ҚдҪңжҲҗеҠҹ\",\"code\":200}',0,NULL,'2026-02-03 23:02:02',31),
	(878,'жү№еҮҶи§ЈйҷӨзӣ‘з®Ў',2,'com.ruoyi.web.controller.supervision.ReleaseSupervisionController.approve()','POST',1,'admin','з ”еҸ‘йғЁй—Ё','/supervision/institution/release/approve/11','127.0.0.1','еҶ…зҪ‘IP','11 {\"approveRemark\":\"tg\",\"basicAccount\":\"61897876544\",\"institutionName\":\"йғ‘е·һй«ҳж–°е…»иҖҒйӣҶеӣўз‘һиҫҫи·ҜеӣӯеҢә\",\"params\":{},\"releaseId\":11,\"supervisionBalance\":35100}','{\"msg\":\"жү№еҮҶжҲҗеҠҹпјҢзі»з»ҹе·ІйҖҡзҹҘй“¶иЎҢеҲ’жӢЁзӣ‘з®Ўиө„йҮ‘иҮіжңәжһ„еҹәжң¬иҙҰжҲ·\",\"code\":200}',0,NULL,'2026-02-04 00:04:52',36),
	(879,'и§’иүІз®ЎзҗҶ',2,'com.ruoyi.web.controller.system.SysRoleController.edit()','PUT',1,'admin','з ”еҸ‘йғЁй—Ё','/system/role','127.0.0.1','еҶ…зҪ‘IP','{\"admin\":false,\"createTime\":\"2025-11-10 02:20:16\",\"dataScope\":\"1\",\"delFlag\":\"0\",\"deptCheckStrictly\":true,\"flag\":false,\"menuCheckStrictly\":true,\"menuIds\":[2000,2010,2011,2012,2014,2015,2016,2017,2018,2013,4009,4010,4012,4013,4014,4015,4016,2020,2021,2121,2122,2123,2124,2125,4017,2030,2031,4048,4035,4036,4037,4038,4039,5041,4040,4041,2032,4049,4042,4043,4044,4045,4046,4047,5008,5009,5010,5011,5012,5013,2040,2041,4050,4027,4028,4029,4030,4031,4032,5007,4033,4034,4057,4058,4076,4077,4078,5017,5018,5019,5020,2050,2051,4018,4019,4020,4021,4022,4023,4024,2052,4025,4026,2060,5029,5040,2061,5031,5032,5033,5034,5035,2062,2070,2071,2072,2080,2090,5014,5015,5016,4071,4072,4073,4074],\"params\":{},\"roleId\":100,\"roleKey\":\"jigoumanage\",\"roleName\":\"жңәжһ„з®ЎзҗҶе‘ҳ\",\"roleSort\":3,\"status\":\"0\",\"updateBy\":\"admin\"}','{\"msg\":\"ж“ҚдҪңжҲҗеҠҹ\",\"code\":200}',0,NULL,'2026-02-04 00:09:49',18),
	(880,'и§’иүІз®ЎзҗҶ',2,'com.ruoyi.web.controller.system.SysRoleController.edit()','PUT',1,'admin','з ”еҸ‘йғЁй—Ё','/system/role','127.0.0.1','еҶ…зҪ‘IP','{\"admin\":false,\"createTime\":\"2025-11-10 02:20:16\",\"dataScope\":\"1\",\"delFlag\":\"0\",\"deptCheckStrictly\":true,\"flag\":false,\"menuCheckStrictly\":true,\"menuIds\":[2000,2010,2011,2012,2014,2015,2016,2017,2018,2013,4009,4010,4012,4013,4014,4015,4016,2020,2021,2121,2122,2123,2124,2125,4017,2030,2031,4048,4035,4036,4037,4038,4039,5041,4040,4041,2032,4049,4042,4043,4044,4045,4046,4047,5008,5009,5010,5011,5012,5013,2040,2041,4050,4027,4028,4029,4030,4031,4032,5007,4033,4034,4057,4058,4076,4077,4078,5017,5018,5019,5020,2050,2051,4018,4019,4020,4021,4022,4023,4024,2052,4025,4026,2060,5029,5040,2061,5031,5032,5033,5034,5035,2062,2070,2071,2072,2080,2090,5014,5015,5016,4071,4072,4073,4074],\"params\":{},\"roleId\":100,\"roleKey\":\"jigoumanage\",\"roleName\":\"жңәжһ„з®ЎзҗҶе‘ҳ\",\"roleSort\":3,\"status\":\"0\",\"updateBy\":\"admin\"}','{\"msg\":\"ж“ҚдҪңжҲҗеҠҹ\",\"code\":200}',0,NULL,'2026-02-04 00:10:04',16),
	(881,'и§’иүІз®ЎзҗҶ',2,'com.ruoyi.web.controller.system.SysRoleController.edit()','PUT',1,'admin','з ”еҸ‘йғЁй—Ё','/system/role','127.0.0.1','еҶ…зҪ‘IP','{\"admin\":false,\"createTime\":\"2025-11-10 02:20:16\",\"dataScope\":\"1\",\"delFlag\":\"0\",\"deptCheckStrictly\":true,\"flag\":false,\"menuCheckStrictly\":true,\"menuIds\":[2000,2001,2010,2011,2012,2014,2015,2016,2017,2018,2013,4009,4010,4012,4013,4014,4015,4016,2020,2021,2121,2122,2123,2124,2125,4017,2030,2031,4048,4035,4036,4037,4038,4039,5041,4040,4041,2032,4049,4042,4043,4044,4045,4046,4047,5008,5009,5010,5011,5012,5013,2040,2041,4050,4027,4028,4029,4030,4031,4032,5007,4033,4034,4057,4058,4076,4077,4078,5017,5018,5019,5020,2050,2051,4018,4019,4020,4021,4022,4023,4024,2052,4025,4026,2060,5029,5040,2061,5031,5032,5033,5034,5035,2062,2070,2071,2072,2080,2090,5014,5015,5016,4071,4072,4073,4074],\"params\":{},\"roleId\":100,\"roleKey\":\"jigoumanage\",\"roleName\":\"жңәжһ„з®ЎзҗҶе‘ҳ\",\"roleSort\":3,\"status\":\"0\",\"updateBy\":\"admin\"}','{\"msg\":\"ж“ҚдҪңжҲҗеҠҹ\",\"code\":200}',0,NULL,'2026-02-04 00:10:44',27),
	(882,'иҸңеҚ•з®ЎзҗҶ',2,'com.ruoyi.web.controller.system.SysMenuController.edit()','PUT',1,'admin','з ”еҸ‘йғЁй—Ё','/system/menu','127.0.0.1','еҶ…зҪ‘IP','{\"children\":[],\"createTime\":\"2025-10-29 22:21:46\",\"icon\":\"chart\",\"isCache\":\"0\",\"isFrame\":\"1\",\"menuId\":4000,\"menuName\":\"ж•°жҚ®з»ҹи®Ў\",\"menuType\":\"C\",\"orderNum\":8,\"params\":{},\"parentId\":0,\"path\":\"bigscreen\",\"perms\":\"\",\"routeName\":\"\",\"status\":\"0\",\"updateBy\":\"admin\",\"visible\":\"0\"}','{\"msg\":\"ж“ҚдҪңжҲҗеҠҹ\",\"code\":200}',0,NULL,'2026-02-04 01:22:58',12),
	(883,'иҸңеҚ•з®ЎзҗҶ',2,'com.ruoyi.web.controller.system.SysMenuController.edit()','PUT',1,'admin','з ”еҸ‘йғЁй—Ё','/system/menu','127.0.0.1','еҶ…зҪ‘IP','{\"children\":[],\"createTime\":\"2025-10-29 22:21:46\",\"icon\":\"chart\",\"isCache\":\"0\",\"isFrame\":\"1\",\"menuId\":4000,\"menuName\":\"ж•°жҚ®з»ҹи®Ў\",\"menuType\":\"M\",\"orderNum\":8,\"params\":{},\"parentId\":0,\"path\":\"bigscreen\",\"perms\":\"\",\"routeName\":\"\",\"status\":\"0\",\"updateBy\":\"admin\",\"visible\":\"0\"}','{\"msg\":\"ж“ҚдҪңжҲҗеҠҹ\",\"code\":200}',0,NULL,'2026-02-04 01:23:49',11),
	(884,'ж–°еўһжңәжһ„иҙҰеҸ·',1,'com.ruoyi.web.controller.supervision.InstitutionManageController.addInstitutionAccount()','POST',1,'admin','з ”еҸ‘йғЁй—Ё','/supervision/institution/account/add','127.0.0.1','еҶ…зҪ‘IP','{\"contactPerson\":\"wenwang\",\"contactPhone\":\"18539279012\",\"createBy\":\"admin\",\"createTime\":\"2026-02-04 01:34:25\",\"creditCode\":\"914101000989098987\",\"fixedAssets\":null,\"institutionId\":43,\"institutionName\":\"жөӢиҜ•й•ҝжҳҘ\",\"institutionTypeText\":\"\",\"params\":{},\"registeredAddress\":\"жөӢиҜ•ең°еқҖ\",\"registeredCapital\":null}','{\"msg\":\"ж“ҚдҪңжҲҗеҠҹ\",\"code\":200,\"data\":{\"password\":\"279012\",\"institutionId\":43,\"institutionName\":\"жөӢиҜ•й•ҝжҳҘ\",\"userName\":\"jg279012\",\"message\":\"жңәжһ„иҙҰеҸ·еҲӣе»әжҲҗеҠҹ\"}}',0,NULL,'2026-02-04 01:34:25',106),
	(885,'дҝқеӯҳжңәжһ„з”іиҜ·иҚүзЁҝ',1,'com.ruoyi.web.controller.PensionInstitutionController.saveDraft()','POST',1,'jg279012',NULL,'/pension/institution/apply/draft','127.0.0.1','еҶ…зҪ‘IP','{\"actualAddress\":\"йҳҝжҳҜеҸҜжҠөжүЈ\",\"approvalCertificate\":\"/profile/upload/2026/02/04/дёӢиҪҪ_20260204013920A002.png\",\"areaCode\":\"410103\",\"bankAccount\":\"23423423423234234\",\"basicBank\":\"йҳҝж–Ҝи’ӮиҠ¬йҳҝж–Ҝи’ӮиҠ¬\",\"bedCount\":100,\"businessLicense\":\"/profile/upload/2026/02/04/ScreenShot_2026-01-08_144242_956_20260204013917A001.png\",\"contactPerson\":\"wenwang\",\"contactPhone\":\"18539279012\",\"creditCode\":\"914101000989098987\",\"establishedDate\":\"2026-02-12\",\"feeRange\":\"2000-5000е…ғ\",\"fixedAssets\":50.0,\"institutionId\":43,\"institutionName\":\"жөӢиҜ•й•ҝжҳҘ\",\"institutionType\":\"nursing_home\",\"institutionTypeText\":\"жңӘзҹҘзұ»еһӢ(nursing_home)\",\"organizer\":\"йҳҝиҗЁеҫ·ж”ҫ\",\"params\":{},\"recordNumber\":\"8790\",\"registeredAddress\":\"жөӢиҜ•ең°еқҖ\",\"registeredCapital\":0.0,\"responsibleAddress\":\"йҳҝж–Ҝи’ӮиҠ¬\",\"responsibleIdCard\":\"412829199002207654\",\"responsibleName\":\"й•ҝжҳҘ\",\"responsiblePhone\":\"18789098765\",\"status\":\"4\",\"street\":\"зҰҸеҚҺиЎ—еҠһдәӢеӨ„\",\"superviseAccount\":\"4234234234234234\",\"superviseBank\":\"йҳҝиҗЁеҫ·\",\"supervisionAgreement\":\"/profile/upload/2026/02/04/дёӢиҪҪ_20260204013924A003.png\",\"updateTime\":\"2026-02-04 01:39:27\"}','{\"msg\":\"ж“ҚдҪңжҲҗеҠҹ\",\"code\":200}',0,NULL,'2026-02-04 01:39:28',19),
	(886,'жҸҗдәӨжңәжһ„е…Ҙй©»з”іиҜ·',1,'com.ruoyi.web.controller.PensionInstitutionController.submitApply()','POST',1,'jg279012',NULL,'/pension/institution/apply/submit','127.0.0.1','еҶ…зҪ‘IP','{\"actualAddress\":\"йҳҝжҳҜеҸҜжҠөжүЈ\",\"applyTime\":\"2026-02-04 01:39:58\",\"approvalCertificate\":\"/profile/upload/2026/02/04/дёӢиҪҪ_20260204013920A002.png\",\"areaCode\":\"410103\",\"bankAccount\":\"23423423423234234\",\"basicBank\":\"йҳҝж–Ҝи’ӮиҠ¬йҳҝж–Ҝи’ӮиҠ¬\",\"bedCount\":100,\"businessLicense\":\"/profile/upload/2026/02/04/ScreenShot_2026-01-08_144242_956_20260204013917A001.png\",\"contactPerson\":\"wenwang\",\"contactPhone\":\"18539279012\",\"creditCode\":\"914101000989098987\",\"establishedDate\":\"2026-02-12\",\"feeRange\":\"2000-5000е…ғ\",\"fixedAssets\":50.0,\"institutionId\":43,\"institutionName\":\"жөӢиҜ•й•ҝжҳҘ\",\"institutionType\":\"nursing_home\",\"institutionTypeText\":\"жңӘзҹҘзұ»еһӢ(nursing_home)\",\"organizer\":\"йҳҝиҗЁеҫ·ж”ҫ\",\"params\":{},\"recordNumber\":\"8790\",\"registeredAddress\":\"жөӢиҜ•ең°еқҖ\",\"registeredCapital\":0.0,\"responsibleAddress\":\"йҳҝж–Ҝи’ӮиҠ¬\",\"responsibleIdCard\":\"412829199002207654\",\"responsibleName\":\"й•ҝжҳҘ\",\"responsiblePhone\":\"18789098765\",\"status\":\"0\",\"street\":\"зҰҸеҚҺиЎ—еҠһдәӢеӨ„\",\"superviseAccount\":\"4234234234234234\",\"superviseBank\":\"йҳҝиҗЁеҫ·\",\"supervisionAgreement\":\"/profile/upload/2026/02/04/дёӢиҪҪ_20260204013924A003.png\",\"updateTime\":\"2026-02-04 01:39:58\"}','{\"msg\":\"ж“ҚдҪңжҲҗеҠҹ\",\"code\":200}',0,NULL,'2026-02-04 01:39:58',15),
	(887,'ж•°жҚ®з»ҹи®Ў-иө„йҮ‘жғ…еҶө',5,'com.ruoyi.web.controller.pension.DataStatisticsController.exportFund()','POST',1,'admin','з ”еҸ‘йғЁй—Ё','/pension/dataStatistics/fund/export','127.0.0.1','еҶ…зҪ‘IP','{\"districtCode\":\"410105\",\"pageSize\":\"10\",\"pageNum\":\"1\"}',NULL,0,NULL,'2026-02-04 03:10:47',10);

/*!40000 ALTER TABLE `sys_oper_log` ENABLE KEYS */;
UNLOCK TABLES;


# иҪ¬еӮЁиЎЁ sys_post
# ------------------------------------------------------------

DROP TABLE IF EXISTS `sys_post`;

CREATE TABLE `sys_post` (
  `post_id` bigint NOT NULL AUTO_INCREMENT COMMENT 'еІ—дҪҚID',
  `post_code` varchar(64) CHARACTER SET utf8mb4 COLLATE utf8mb4_general_ci NOT NULL COMMENT 'еІ—дҪҚзј–з Ғ',
  `post_name` varchar(50) CHARACTER SET utf8mb4 COLLATE utf8mb4_general_ci NOT NULL COMMENT 'еІ—дҪҚеҗҚз§°',
  `post_sort` int NOT NULL COMMENT 'жҳҫзӨәйЎәеәҸ',
  `status` char(1) CHARACTER SET utf8mb4 COLLATE utf8mb4_general_ci NOT NULL COMMENT 'зҠ¶жҖҒпјҲ0жӯЈеёё 1еҒңз”Ёпјү',
  `create_by` varchar(64) CHARACTER SET utf8mb4 COLLATE utf8mb4_general_ci DEFAULT '' COMMENT 'еҲӣе»әиҖ…',
  `create_time` datetime DEFAULT NULL COMMENT 'еҲӣе»әж—¶й—ҙ',
  `update_by` varchar(64) CHARACTER SET utf8mb4 COLLATE utf8mb4_general_ci DEFAULT '' COMMENT 'жӣҙж–°иҖ…',
  `update_time` datetime DEFAULT NULL COMMENT 'жӣҙж–°ж—¶й—ҙ',
  `remark` varchar(500) CHARACTER SET utf8mb4 COLLATE utf8mb4_general_ci DEFAULT NULL COMMENT 'еӨҮжіЁ',
  PRIMARY KEY (`post_id`)
) ENGINE=InnoDB AUTO_INCREMENT=6 DEFAULT CHARSET=utf8mb4 COLLATE=utf8mb4_general_ci COMMENT='еІ—дҪҚдҝЎжҒҜиЎЁ';

LOCK TABLES `sys_post` WRITE;
/*!40000 ALTER TABLE `sys_post` DISABLE KEYS */;

INSERT INTO `sys_post` (`post_id`, `post_code`, `post_name`, `post_sort`, `status`, `create_by`, `create_time`, `update_by`, `update_time`, `remark`)
VALUES
	(1,'ceo','и‘ЈдәӢй•ҝ',1,'0','admin','2025-10-28 02:47:08','',NULL,''),
	(2,'se','йЎ№зӣ®з»ҸзҗҶ',2,'0','admin','2025-10-28 02:47:08','',NULL,''),
	(3,'hr','дәәеҠӣиө„жәҗ',3,'0','admin','2025-10-28 02:47:08','',NULL,''),
	(4,'user','жҷ®йҖҡе‘ҳе·Ҙ',4,'0','admin','2025-10-28 02:47:08','',NULL,''),
	(5,'jgglgw','жңәжһ„з®ЎзҗҶеІ—дҪҚ',0,'0','admin','2025-11-10 02:23:51','',NULL,NULL);

/*!40000 ALTER TABLE `sys_post` ENABLE KEYS */;
UNLOCK TABLES;


# иҪ¬еӮЁиЎЁ sys_role
# ------------------------------------------------------------

DROP TABLE IF EXISTS `sys_role`;

CREATE TABLE `sys_role` (
  `role_id` bigint NOT NULL AUTO_INCREMENT COMMENT 'и§’иүІID',
  `role_name` varchar(30) CHARACTER SET utf8mb4 COLLATE utf8mb4_general_ci NOT NULL COMMENT 'и§’иүІеҗҚз§°',
  `role_key` varchar(100) CHARACTER SET utf8mb4 COLLATE utf8mb4_general_ci NOT NULL COMMENT 'и§’иүІжқғйҷҗеӯ—з¬ҰдёІ',
  `role_sort` int NOT NULL COMMENT 'жҳҫзӨәйЎәеәҸ',
  `data_scope` char(1) CHARACTER SET utf8mb4 COLLATE utf8mb4_general_ci DEFAULT '1' COMMENT 'ж•°жҚ®иҢғеӣҙпјҲ1пјҡе…ЁйғЁж•°жҚ®жқғйҷҗ 2пјҡиҮӘе®ҡж•°жҚ®жқғйҷҗ 3пјҡжң¬йғЁй—Ёж•°жҚ®жқғйҷҗ 4пјҡжң¬йғЁй—ЁеҸҠд»ҘдёӢж•°жҚ®жқғйҷҗпјү',
  `menu_check_strictly` tinyint(1) DEFAULT '1' COMMENT 'иҸңеҚ•ж ‘йҖүжӢ©йЎ№жҳҜеҗҰе…іиҒ”жҳҫзӨә',
  `dept_check_strictly` tinyint(1) DEFAULT '1' COMMENT 'йғЁй—Ёж ‘йҖүжӢ©йЎ№жҳҜеҗҰе…іиҒ”жҳҫзӨә',
  `status` char(1) CHARACTER SET utf8mb4 COLLATE utf8mb4_general_ci NOT NULL COMMENT 'и§’иүІзҠ¶жҖҒпјҲ0жӯЈеёё 1еҒңз”Ёпјү',
  `del_flag` char(1) CHARACTER SET utf8mb4 COLLATE utf8mb4_general_ci DEFAULT '0' COMMENT 'еҲ йҷӨж Үеҝ—пјҲ0д»ЈиЎЁеӯҳеңЁ 2д»ЈиЎЁеҲ йҷӨпјү',
  `create_by` varchar(64) CHARACTER SET utf8mb4 COLLATE utf8mb4_general_ci DEFAULT '' COMMENT 'еҲӣе»әиҖ…',
  `create_time` datetime DEFAULT NULL COMMENT 'еҲӣе»әж—¶й—ҙ',
  `update_by` varchar(64) CHARACTER SET utf8mb4 COLLATE utf8mb4_general_ci DEFAULT '' COMMENT 'жӣҙж–°иҖ…',
  `update_time` datetime DEFAULT NULL COMMENT 'жӣҙж–°ж—¶й—ҙ',
  `remark` varchar(500) CHARACTER SET utf8mb4 COLLATE utf8mb4_general_ci DEFAULT NULL COMMENT 'еӨҮжіЁ',
  PRIMARY KEY (`role_id`)
) ENGINE=InnoDB AUTO_INCREMENT=101 DEFAULT CHARSET=utf8mb4 COLLATE=utf8mb4_general_ci COMMENT='и§’иүІдҝЎжҒҜиЎЁ';

LOCK TABLES `sys_role` WRITE;
/*!40000 ALTER TABLE `sys_role` DISABLE KEYS */;

INSERT INTO `sys_role` (`role_id`, `role_name`, `role_key`, `role_sort`, `data_scope`, `menu_check_strictly`, `dept_check_strictly`, `status`, `del_flag`, `create_by`, `create_time`, `update_by`, `update_time`, `remark`)
VALUES
	(1,'и¶…зә§з®ЎзҗҶе‘ҳ','admin',1,'1',1,1,'0','0','admin','2025-10-28 02:47:08','',NULL,'и¶…зә§з®ЎзҗҶе‘ҳ'),
	(2,'жҷ®йҖҡи§’иүІ','common',2,'2',1,1,'0','0','admin','2025-10-28 02:47:08','',NULL,'жҷ®йҖҡи§’иүІ'),
	(3,'ж°‘ж”ҝзӣ‘з®Ўе‘ҳ','supervision',3,'1',1,1,'0','0','admin','2025-10-29 04:49:09','admin','2026-01-29 11:10:59','ж°‘ж”ҝзӣ‘з®ЎйғЁй—Ёи§’иүІ'),
	(100,'жңәжһ„з®ЎзҗҶе‘ҳ','jigoumanage',3,'1',1,1,'0','0','admin','2025-11-10 02:20:16','admin','2026-02-04 00:10:44',NULL);

/*!40000 ALTER TABLE `sys_role` ENABLE KEYS */;
UNLOCK TABLES;


# иҪ¬еӮЁиЎЁ sys_role_dept
# ------------------------------------------------------------

DROP TABLE IF EXISTS `sys_role_dept`;

CREATE TABLE `sys_role_dept` (
  `role_id` bigint NOT NULL COMMENT 'и§’иүІID',
  `dept_id` bigint NOT NULL COMMENT 'йғЁй—ЁID',
  PRIMARY KEY (`role_id`,`dept_id`)
) ENGINE=InnoDB DEFAULT CHARSET=utf8mb4 COLLATE=utf8mb4_general_ci COMMENT='и§’иүІе’ҢйғЁй—Ёе…іиҒ”иЎЁ';

LOCK TABLES `sys_role_dept` WRITE;
/*!40000 ALTER TABLE `sys_role_dept` DISABLE KEYS */;

INSERT INTO `sys_role_dept` (`role_id`, `dept_id`)
VALUES
	(2,100),
	(2,101),
	(2,105);

/*!40000 ALTER TABLE `sys_role_dept` ENABLE KEYS */;
UNLOCK TABLES;


# иҪ¬еӮЁиЎЁ sys_role_menu
# ------------------------------------------------------------

DROP TABLE IF EXISTS `sys_role_menu`;

CREATE TABLE `sys_role_menu` (
  `role_id` bigint NOT NULL COMMENT 'и§’иүІID',
  `menu_id` bigint NOT NULL COMMENT 'иҸңеҚ•ID',
  PRIMARY KEY (`role_id`,`menu_id`)
) ENGINE=InnoDB DEFAULT CHARSET=utf8mb4 COLLATE=utf8mb4_general_ci COMMENT='и§’иүІе’ҢиҸңеҚ•е…іиҒ”иЎЁ';

LOCK TABLES `sys_role_menu` WRITE;
/*!40000 ALTER TABLE `sys_role_menu` DISABLE KEYS */;

INSERT INTO `sys_role_menu` (`role_id`, `menu_id`)
VALUES
	(1,2000),
	(1,2001),
	(1,2002),
	(1,2003),
	(1,2004),
	(1,2005),
	(1,2006),
	(1,2100),
	(1,2101),
	(1,2102),
	(1,2103),
	(1,2111),
	(1,2112),
	(1,2113),
	(1,2114),
	(1,2115),
	(1,2121),
	(1,2122),
	(1,2123),
	(1,2124),
	(1,2125),
	(1,2131),
	(1,2132),
	(1,2133),
	(1,2134),
	(1,2135),
	(1,2136),
	(1,2137),
	(1,2138),
	(1,2139),
	(1,2140),
	(1,2141),
	(1,2142),
	(1,2143),
	(1,2144),
	(1,2145),
	(1,2146),
	(1,2147),
	(1,2148),
	(1,2149),
	(1,2150),
	(1,2151),
	(1,2152),
	(1,2153),
	(1,2154),
	(1,2155),
	(1,2156),
	(1,2157),
	(1,2158),
	(1,2159),
	(1,2200),
	(1,2201),
	(1,2202),
	(1,2203),
	(1,2204),
	(1,2205),
	(1,2206),
	(1,3000),
	(1,3200),
	(1,3201),
	(1,3202),
	(1,3203),
	(1,3204),
	(1,3205),
	(1,3206),
	(1,3207),
	(1,3208),
	(1,3209),
	(1,3210),
	(1,3211),
	(1,3212),
	(1,3213),
	(1,3214),
	(1,3600),
	(1,3601),
	(1,3602),
	(1,3603),
	(1,3604),
	(1,4051),
	(1,4052),
	(1,4053),
	(1,4054),
	(1,4055),
	(1,4056),
	(1,4064),
	(1,4065),
	(1,4066),
	(1,4067),
	(1,4068),
	(1,4069),
	(1,4070),
	(1,4075),
	(1,4076),
	(1,5000),
	(1,5001),
	(1,5002),
	(1,5003),
	(1,5004),
	(1,5005),
	(1,5006),
	(1,5021),
	(1,5022),
	(1,5023),
	(1,5024),
	(1,5025),
	(1,5026),
	(1,5027),
	(1,5028),
	(1,5042),
	(1,5043),
	(1,5044),
	(1,5045),
	(1,5046),
	(1,5047),
	(1,5048),
	(2,1),
	(2,2),
	(2,3),
	(2,4),
	(2,100),
	(2,101),
	(2,102),
	(2,103),
	(2,104),
	(2,105),
	(2,106),
	(2,107),
	(2,108),
	(2,109),
	(2,110),
	(2,111),
	(2,112),
	(2,113),
	(2,114),
	(2,115),
	(2,116),
	(2,117),
	(2,500),
	(2,501),
	(2,1000),
	(2,1001),
	(2,1002),
	(2,1003),
	(2,1004),
	(2,1005),
	(2,1006),
	(2,1007),
	(2,1008),
	(2,1009),
	(2,1010),
	(2,1011),
	(2,1012),
	(2,1013),
	(2,1014),
	(2,1015),
	(2,1016),
	(2,1017),
	(2,1018),
	(2,1019),
	(2,1020),
	(2,1021),
	(2,1022),
	(2,1023),
	(2,1024),
	(2,1025),
	(2,1026),
	(2,1027),
	(2,1028),
	(2,1029),
	(2,1030),
	(2,1031),
	(2,1032),
	(2,1033),
	(2,1034),
	(2,1035),
	(2,1036),
	(2,1037),
	(2,1038),
	(2,1039),
	(2,1040),
	(2,1041),
	(2,1042),
	(2,1043),
	(2,1044),
	(2,1045),
	(2,1046),
	(2,1047),
	(2,1048),
	(2,1049),
	(2,1050),
	(2,1051),
	(2,1052),
	(2,1053),
	(2,1054),
	(2,1055),
	(2,1056),
	(2,1057),
	(2,1058),
	(2,1059),
	(2,1060),
	(3,1),
	(3,100),
	(3,101),
	(3,102),
	(3,103),
	(3,104),
	(3,105),
	(3,106),
	(3,107),
	(3,108),
	(3,500),
	(3,501),
	(3,1000),
	(3,1001),
	(3,1002),
	(3,1003),
	(3,1004),
	(3,1005),
	(3,1006),
	(3,1007),
	(3,1008),
	(3,1009),
	(3,1010),
	(3,1011),
	(3,1012),
	(3,1013),
	(3,1014),
	(3,1015),
	(3,1016),
	(3,1017),
	(3,1018),
	(3,1019),
	(3,1020),
	(3,1021),
	(3,1022),
	(3,1023),
	(3,1024),
	(3,1025),
	(3,1026),
	(3,1027),
	(3,1028),
	(3,1029),
	(3,1030),
	(3,1031),
	(3,1032),
	(3,1033),
	(3,1034),
	(3,1035),
	(3,1036),
	(3,1037),
	(3,1038),
	(3,1039),
	(3,1040),
	(3,1041),
	(3,1042),
	(3,1043),
	(3,1044),
	(3,1045),
	(3,3000),
	(3,3100),
	(3,3101),
	(3,3102),
	(3,3103),
	(3,3104),
	(3,3105),
	(3,3106),
	(3,3107),
	(3,3200),
	(3,3201),
	(3,3202),
	(3,3203),
	(3,3204),
	(3,3205),
	(3,3206),
	(3,3207),
	(3,3208),
	(3,3209),
	(3,3210),
	(3,3211),
	(3,3212),
	(3,3213),
	(3,3214),
	(3,3300),
	(3,3301),
	(3,3302),
	(3,3303),
	(3,3304),
	(3,3305),
	(3,3400),
	(3,3401),
	(3,3402),
	(3,3403),
	(3,3404),
	(3,3500),
	(3,3501),
	(3,3502),
	(3,3503),
	(3,3504),
	(3,3600),
	(3,3601),
	(3,3602),
	(3,3603),
	(3,3604),
	(3,4004),
	(3,4005),
	(3,4006),
	(3,4007),
	(3,4008),
	(3,4051),
	(3,4052),
	(3,4053),
	(3,4054),
	(3,4055),
	(3,4056),
	(3,4059),
	(3,4060),
	(3,4061),
	(3,4062),
	(3,4063),
	(3,5021),
	(3,5022),
	(3,5023),
	(3,5024),
	(3,5025),
	(3,5026),
	(3,5027),
	(3,5028),
	(3,5030),
	(3,5036),
	(3,5037),
	(3,5038),
	(3,5039),
	(100,2000),
	(100,2001),
	(100,2010),
	(100,2011),
	(100,2012),
	(100,2013),
	(100,2014),
	(100,2015),
	(100,2016),
	(100,2017),
	(100,2018),
	(100,2020),
	(100,2021),
	(100,2030),
	(100,2031),
	(100,2032),
	(100,2040),
	(100,2041),
	(100,2050),
	(100,2051),
	(100,2052),
	(100,2060),
	(100,2061),
	(100,2062),
	(100,2070),
	(100,2071),
	(100,2072),
	(100,2080),
	(100,2090),
	(100,2121),
	(100,2122),
	(100,2123),
	(100,2124),
	(100,2125),
	(100,4009),
	(100,4010),
	(100,4012),
	(100,4013),
	(100,4014),
	(100,4015),
	(100,4016),
	(100,4017),
	(100,4018),
	(100,4019),
	(100,4020),
	(100,4021),
	(100,4022),
	(100,4023),
	(100,4024),
	(100,4025),
	(100,4026),
	(100,4027),
	(100,4028),
	(100,4029),
	(100,4030),
	(100,4031),
	(100,4032),
	(100,4033),
	(100,4034),
	(100,4035),
	(100,4036),
	(100,4037),
	(100,4038),
	(100,4039),
	(100,4040),
	(100,4041),
	(100,4042),
	(100,4043),
	(100,4044),
	(100,4045),
	(100,4046),
	(100,4047),
	(100,4048),
	(100,4049),
	(100,4050),
	(100,4057),
	(100,4058),
	(100,4071),
	(100,4072),
	(100,4073),
	(100,4074),
	(100,4076),
	(100,4077),
	(100,4078),
	(100,5007),
	(100,5008),
	(100,5009),
	(100,5010),
	(100,5011),
	(100,5012),
	(100,5013),
	(100,5014),
	(100,5015),
	(100,5016),
	(100,5017),
	(100,5018),
	(100,5019),
	(100,5020),
	(100,5029),
	(100,5031),
	(100,5032),
	(100,5033),
	(100,5034),
	(100,5035),
	(100,5040),
	(100,5041);

/*!40000 ALTER TABLE `sys_role_menu` ENABLE KEYS */;
UNLOCK TABLES;


# иҪ¬еӮЁиЎЁ sys_user
# ------------------------------------------------------------

DROP TABLE IF EXISTS `sys_user`;

CREATE TABLE `sys_user` (
  `user_id` bigint NOT NULL AUTO_INCREMENT COMMENT 'з”ЁжҲ·ID',
  `dept_id` bigint DEFAULT NULL COMMENT 'йғЁй—ЁID',
  `user_name` varchar(30) CHARACTER SET utf8mb4 COLLATE utf8mb4_general_ci NOT NULL COMMENT 'з”ЁжҲ·иҙҰеҸ·',
  `nick_name` varchar(30) CHARACTER SET utf8mb4 COLLATE utf8mb4_general_ci NOT NULL COMMENT 'з”ЁжҲ·жҳөз§°',
  `real_name` varchar(50) CHARACTER SET utf8mb4 COLLATE utf8mb4_general_ci DEFAULT NULL COMMENT 'зңҹе®һе§“еҗҚ',
  `user_type` varchar(2) CHARACTER SET utf8mb4 COLLATE utf8mb4_general_ci DEFAULT '00' COMMENT 'з”ЁжҲ·зұ»еһӢпјҲ00зі»з»ҹз”ЁжҲ·пјү',
  `user_category` char(1) CHARACTER SET utf8mb4 COLLATE utf8mb4_general_ci DEFAULT '1' COMMENT 'з”ЁжҲ·зұ»еҲ«(1з®ЎзҗҶз”ЁжҲ· 2H5з”ЁжҲ·)',
  `email` varchar(50) CHARACTER SET utf8mb4 COLLATE utf8mb4_general_ci DEFAULT '' COMMENT 'з”ЁжҲ·йӮ®з®ұ',
  `phonenumber` varchar(11) CHARACTER SET utf8mb4 COLLATE utf8mb4_general_ci DEFAULT '' COMMENT 'жүӢжңәеҸ·з Ғ',
  `id_card` varchar(18) COLLATE utf8mb4_general_ci DEFAULT NULL COMMENT 'иә«д»ҪиҜҒеҸ·',
  `sex` char(1) CHARACTER SET utf8mb4 COLLATE utf8mb4_general_ci DEFAULT '0' COMMENT 'з”ЁжҲ·жҖ§еҲ«пјҲ0з”· 1еҘі 2жңӘзҹҘпјү',
  `avatar` varchar(100) CHARACTER SET utf8mb4 COLLATE utf8mb4_general_ci DEFAULT '' COMMENT 'еӨҙеғҸең°еқҖ',
  `password` varchar(100) CHARACTER SET utf8mb4 COLLATE utf8mb4_general_ci DEFAULT '' COMMENT 'еҜҶз Ғ',
  `status` char(1) CHARACTER SET utf8mb4 COLLATE utf8mb4_general_ci DEFAULT '0' COMMENT 'иҙҰеҸ·зҠ¶жҖҒпјҲ0жӯЈеёё 1еҒңз”Ёпјү',
  `del_flag` char(1) CHARACTER SET utf8mb4 COLLATE utf8mb4_general_ci DEFAULT '0' COMMENT 'еҲ йҷӨж Үеҝ—пјҲ0д»ЈиЎЁеӯҳеңЁ 2д»ЈиЎЁеҲ йҷӨпјү',
  `login_ip` varchar(128) CHARACTER SET utf8mb4 COLLATE utf8mb4_general_ci DEFAULT '' COMMENT 'жңҖеҗҺзҷ»еҪ•IP',
  `login_date` datetime DEFAULT NULL COMMENT 'жңҖеҗҺзҷ»еҪ•ж—¶й—ҙ',
  `pwd_update_date` datetime DEFAULT NULL COMMENT 'еҜҶз ҒжңҖеҗҺжӣҙж–°ж—¶й—ҙ',
  `create_by` varchar(64) CHARACTER SET utf8mb4 COLLATE utf8mb4_general_ci DEFAULT '' COMMENT 'еҲӣе»әиҖ…',
  `create_time` datetime DEFAULT NULL COMMENT 'еҲӣе»әж—¶й—ҙ',
  `update_by` varchar(64) CHARACTER SET utf8mb4 COLLATE utf8mb4_general_ci DEFAULT '' COMMENT 'жӣҙж–°иҖ…',
  `update_time` datetime DEFAULT NULL COMMENT 'жӣҙж–°ж—¶й—ҙ',
  `remark` varchar(500) CHARACTER SET utf8mb4 COLLATE utf8mb4_general_ci DEFAULT NULL COMMENT 'еӨҮжіЁ',
  `zid` varchar(100) COLLATE utf8mb4_general_ci DEFAULT NULL COMMENT 'йғ‘еҘҪеҠһз”ЁжҲ·ID',
  PRIMARY KEY (`user_id`),
  KEY `idx_zid` (`zid`),
  KEY `idx_id_card` (`id_card`)
) ENGINE=InnoDB AUTO_INCREMENT=134 DEFAULT CHARSET=utf8mb4 COLLATE=utf8mb4_general_ci COMMENT='з”ЁжҲ·дҝЎжҒҜиЎЁ';

LOCK TABLES `sys_user` WRITE;
/*!40000 ALTER TABLE `sys_user` DISABLE KEYS */;

INSERT INTO `sys_user` (`user_id`, `dept_id`, `user_name`, `nick_name`, `real_name`, `user_type`, `user_category`, `email`, `phonenumber`, `id_card`, `sex`, `avatar`, `password`, `status`, `del_flag`, `login_ip`, `login_date`, `pwd_update_date`, `create_by`, `create_time`, `update_by`, `update_time`, `remark`, `zid`)
VALUES
	(1,103,'admin','и¶…з®Ў',NULL,'00','1','chaoguan@163.com','15888888888',NULL,'1','/profile/avatar/2026/01/27/a55f1dff5be14d4eb72de40e277d375f.png','$2a$10$7JB720yubVSZvUI0rEqK/.VqGOZTH.ulu33dHOiBE8ByOhJIrdAu2','0','0','127.0.0.1','2026-02-04 03:19:57','2025-10-28 02:47:08','admin','2025-10-28 02:47:08','admin','2026-01-27 02:20:30','з®ЎзҗҶе‘ҳ',NULL),
	(2,105,'ry','иӢҘдҫқ',NULL,'00','1','ry@qq.com','15666666666',NULL,'1','','$2a$10$7JB720yubVSZvUI0rEqK/.VqGOZTH.ulu33dHOiBE8ByOhJIrdAu2','0','2','127.0.0.1','2025-10-28 02:47:08','2025-10-28 02:47:08','admin','2025-10-28 02:47:08','',NULL,'жөӢиҜ•е‘ҳ',NULL),
	(100,103,'supervision','ж°‘ж”ҝзӣ‘з®Ўе‘ҳ',NULL,'00','1','supervision@qq.com','13800138001',NULL,'1','','$2a$10$7JB720yubVSZvUI0rEqK/.VqGOZTH.ulu33dHOiBE/TP57rDdaTpe','0','2','127.0.0.1','2025-10-29 04:49:09',NULL,'admin','2025-10-29 04:49:09','',NULL,'ж°‘ж”ҝзӣ‘з®ЎжөӢиҜ•иҙҰеҸ·пјҢеҜҶз Ғпјҡadmin123',NULL),
	(101,NULL,'jigouuser','жңәжһ„жөӢиҜ•е‘ҳ',NULL,'00','1','','',NULL,'0','','$2a$10$xNzJB66SbFN9kTTqpZgkb..0Z.8Ex3TmjC1Yszvr5TtrDoCxL7YH6','0','2','127.0.0.1','2025-12-29 16:02:42',NULL,'admin','2025-11-10 02:23:12','',NULL,NULL,NULL),
	(102,103,'jguser','ж°‘ж”ҝзӣ‘з®Ў-жқҺе®қ',NULL,'00','1','','',NULL,'0','','$2a$10$j4gOwdktTbOgFk6pPRj/oOOPE6FxyrdmAQSm4K1oMcJprwuwkD6Dy','0','2','127.0.0.1','2026-01-19 03:35:46',NULL,'admin','2025-11-10 11:25:55','',NULL,NULL,NULL),
	(103,NULL,'jg279011','жөӢиҜ•-wenwang',NULL,'00','1','','18539279011',NULL,'0','','$2a$10$26IUVNUlbedBRKvGV45OxOH89q9ugWMq.1/KhCIg/hMvTsM49Mrh.','0','2','127.0.0.1','2025-11-11 02:49:23',NULL,'admin','2025-11-10 22:36:18','',NULL,NULL,NULL),
	(104,NULL,'jg555555','жёҜж№ҫе…»иҖҒ-йҷҲйЈһ',NULL,'00','1','','13855555555',NULL,'0','','$2a$10$MXsmOj2bu6R8ysPuZkqxJO3ueJjK4jzHbADxRH92u06eeks5KaS6a','0','2','127.0.0.1','2025-11-10 23:10:31',NULL,'admin','2025-11-10 23:10:06','',NULL,NULL,NULL),
	(105,NULL,'jg656565','жөҸи§Ҳ-жһ—з§’',NULL,'00','1','','18565656565',NULL,'0','','$2a$10$Jj0hgFvVPD4Xdz.bbcKWOOpQSoGZ0bKfRsO7.arfP.4IbzcCZTGiW','0','2','127.0.0.1','2025-11-10 23:23:33',NULL,'admin','2025-11-10 23:23:09','',NULL,NULL,NULL),
	(106,NULL,'15981934928','123','789','00','1','','15981934928',NULL,'1','/profile/avatar/2026/01/25/5c487d1f978842488863248fd2b81e2e.png','e10adc3949ba59abbe56e057f20f883e','0','2','',NULL,NULL,'','2025-11-14 16:44:55','','2026-01-25 18:07:07',NULL,NULL),
	(107,NULL,'jg666666','е№ёзҰҸе…»иҖҒ-йҷҲе№ёзҰҸ',NULL,'00','1','','13666666666',NULL,'0','','$2a$10$6Yt7WIoGEfKJEFxqXO8fm.F5od86Nu6xIf3dfwk7oXX6f0NRLD3EW','0','2','192.168.31.217','2025-11-16 01:42:07',NULL,'admin','2025-11-16 00:50:24','',NULL,NULL,NULL),
	(108,NULL,'15600000000','жңӢ',NULL,'00','1','','15600000000',NULL,'0','','e10adc3949ba59abbe56e057f20f883e','0','2','',NULL,NULL,'','2025-12-03 00:25:19','',NULL,NULL,NULL),
	(109,NULL,'elder_412829198908160052','жөӢиҜ•2',NULL,'00','1','','18539279011',NULL,'0','','e10adc3949ba59abbe56e057f20f883e','0','2','',NULL,NULL,'system','2025-12-03 20:18:47','',NULL,NULL,NULL),
	(110,NULL,'elder_412829198908160056','йҷҲйЈһе®Ү',NULL,'00','1','','18539279011',NULL,'0','','96e79218965eb72c92a549dd5a330112','0','2','',NULL,NULL,'system','2025-12-12 12:06:42','',NULL,NULL,NULL),
	(111,NULL,'15611111111','zik',NULL,'00','1','','15611111111',NULL,'0','','e10adc3949ba59abbe56e057f20f883e','0','2','',NULL,NULL,'','2025-12-12 12:34:18','',NULL,NULL,NULL),
	(112,NULL,'jg6565651','йғ‘е·һеҘҪеҰҲеҰҲе…»иҖҒ-йҷҲдјҹ',NULL,'00','1','','18565656565',NULL,'0','','$2a$10$AVYzKBNU9f77yjMSWT/JQublmob2IxrAedwyOuAYdA/0pp2diounS','0','2','',NULL,NULL,'admin','2026-01-19 03:41:36','',NULL,NULL,NULL),
	(113,NULL,'jg564512','йғ‘е·һй»‘зҢ©зҢ©е…»иҖҒ-й»‘зҢ©зҢ©',NULL,'00','1','','18539564512',NULL,'0','','$2a$10$mBST9FYk0UEWogVcPrQ3W.BpEVJ7Eh34o1rv9Q3Lqo9u3ojXP4yeO','0','2','127.0.0.1','2026-01-19 03:55:55',NULL,'admin','2026-01-19 03:55:36','',NULL,NULL,NULL),
	(114,NULL,'jg655625','йғ‘е·һеӨ§йЈһе…»иҖҒйӣҶеӣў-еӨ§йЈһ',NULL,'00','1','','18562655625',NULL,'0','','$2a$10$GHRgG2EJ7o8P9BxBwzhT6Ot1Q2wcF9XNFOzsEXWj44OMaG25dB1VC','0','2','127.0.0.1','2026-01-19 04:13:12',NULL,'admin','2026-01-19 03:59:58','',NULL,NULL,NULL),
	(115,NULL,'jg626566','йғ‘е·һеёӮе№ёзҰҸе…»иҖҒйҷў-йҷҲйЈһйЈһ',NULL,'00','1','','15693626566',NULL,'0','','$2a$10$4E/NUoihS5j18r8rk3fmouYRoJDUzlTFJbhCOZ.19xfrbQxB8qDgC','0','2','127.0.0.1','2026-01-25 19:13:29',NULL,'admin','2026-01-19 15:40:04','',NULL,NULL,NULL),
	(116,NULL,'18612341234','еҘіе„ҝ',NULL,'00','1','','18612341234',NULL,'0','','e10adc3949ba59abbe56e057f20f883e','0','2','',NULL,NULL,'','2026-01-19 16:02:06','',NULL,NULL,NULL),
	(117,NULL,'elder_412829198008161123','еӨ§и„ёзҢ«',NULL,'00','1','','18539256444',NULL,'0','','e10adc3949ba59abbe56e057f20f883e','0','2','',NULL,NULL,'system','2026-01-20 01:25:59','',NULL,NULL,NULL),
	(118,NULL,'18945645624','еӯҗеҘі',NULL,'00','1','','18945645624',NULL,'0','','e10adc3949ba59abbe56e057f20f883e','0','2','',NULL,NULL,'','2026-01-20 01:33:00','',NULL,NULL,NULL),
	(119,NULL,'jg696562','йғ‘е·һе…ҙзҰҸе…»иҖҒйӣҶеӣў-зЁӢжҳҹ',NULL,'00','1','','15623696562',NULL,'0','','$2a$10$LdL9BDVJJHuMUol4oiy2qu3JCXtyrZ4hY9CI66PFz9OwzVjnR6LK2','0','0','127.0.0.1','2026-02-04 03:18:56',NULL,'admin','2026-01-25 19:16:59','',NULL,NULL,NULL),
	(120,NULL,'15981934928','еј еҸҜ','д»ҳжҷ“е®Ғ','00','1','','15981934928','41132219890220532X','0','/profile/avatar/2026/01/26/872f7c6d980e475fb3521e437315b3a2.png','e10adc3949ba59abbe56e057f20f883e','0','0','',NULL,NULL,'','2026-01-25 23:01:00','zhb_system','2026-01-31 11:43:27',NULL,'1669450068350146'),
	(121,NULL,'jg963477','йғ‘е·һеӨ•йҳізәўе…»иҖҒе…¬еҸё-жқЁдҝҠ',NULL,'00','1','','13663963477',NULL,'0','','$2a$10$c.q.JKPj6PTiXoAMocxnHOZxtecCfYyA2F9xroF/SyBvAqXzJe1uS','0','0','127.0.0.1','2026-01-31 16:21:50',NULL,'admin','2026-01-26 18:20:03','',NULL,NULL,NULL),
	(122,NULL,'jg893456','йғ‘е·һеёӮжёҜеҢәе…»иҖҒйӣҶеӣўжңүйҷҗе…¬еҸё-жұӘжӯЈ',NULL,'00','1','','18767893456',NULL,'0','','$2a$10$D1WnbIjA5H8ndRJvSmaJ5uxV5addoS5Gjw8K.bK9EuanF7A0/V0ui','0','0','127.0.0.1','2026-01-30 00:43:05',NULL,'admin','2026-01-27 02:19:43','',NULL,NULL,NULL),
	(123,NULL,'jg765678','йғ‘е·һй«ҳж–°е…»иҖҒйӣҶеӣў-жөӢиҜ•',NULL,'00','1','','18908765678',NULL,'0','','$2a$10$LiKbuhYitm2T8jf8FBl.4O6Jr0DD6DoW5zFup9RjITxprbPRoCt8C','0','0','127.0.0.1','2026-02-04 03:19:37',NULL,'admin','2026-01-27 09:52:11','',NULL,NULL,NULL),
	(124,NULL,'elder_412829198908170098','зҫҺзҫҺ',NULL,'00','1','','17890987654',NULL,'0','','e10adc3949ba59abbe56e057f20f883e','0','0','',NULL,NULL,'system','2026-01-27 23:29:14','',NULL,NULL,NULL),
	(125,NULL,'elder_412829195002208765','е•ҠжҳҜ',NULL,'00','1','','13667898765',NULL,'0','','e10adc3949ba59abbe56e057f20f883e','0','0','',NULL,NULL,'system','2026-01-28 01:37:43','',NULL,NULL,NULL),
	(126,NULL,'elder_412829195602207654','е“Ҳе“Ҳе“Ҳ',NULL,'00','1','','18547892888',NULL,'0','','e10adc3949ba59abbe56e057f20f883e','0','0','',NULL,NULL,'system','2026-01-28 03:21:09','',NULL,NULL,NULL),
	(129,NULL,'zhb_null','йғ‘еҘҪеҠһз”ЁжҲ·',NULL,'00','1','','',NULL,'2','','$2a$10$PQElr1ydlpMKUQ2hCWT7pOL2HcJha2HSmmP6vq5zdTJWT25gs6lK6','0','0','',NULL,NULL,'zhb_system','2026-01-28 13:08:11','',NULL,NULL,NULL),
	(130,NULL,'zhb_1670890634337372','зҺӢиҝһиғң','зҺӢиҝһиғң','00','1','','18539279011','412829198908160073','0','/profile/avatar/2026/01/31/17310c1154e74710a024bcb77638431b.png','$2a$10$y8LQph4UujFd4IWc51t9i.hAPGqMaiHF7QzY9VjbX7c/8balCToUe','0','0','',NULL,NULL,'zhb_system','2026-01-28 13:11:15','zhb_system','2026-01-31 18:16:43',NULL,'1670890634337372'),
	(131,NULL,'elder_410102194705225189','еҲҳеҫ·еҸ‘',NULL,'00','1','','13800138004',NULL,'0','','e10adc3949ba59abbe56e057f20f883e','0','0','',NULL,NULL,'system','2026-01-30 01:00:10','',NULL,NULL,NULL),
	(132,NULL,'jg909876','йғ‘е·һжғ жөҺеҢәе…»иҖҒжҠ•иө„йӣҶеӣў-йҷҲйЈһйЈһ',NULL,'00','1','','18678909876',NULL,'0','','$2a$10$t1r97gO0u9Sdhjlvnr2E9ec77DAPG3maPtILm4Onl/5xkCnY1qwKK','0','0','127.0.0.1','2026-02-03 01:20:20',NULL,'admin','2026-02-01 01:12:10','',NULL,NULL,NULL),
	(133,NULL,'jg279012','жөӢиҜ•й•ҝжҳҘ-wenwang',NULL,'00','1','','18539279012',NULL,'0','','$2a$10$rZcB0xbrnbPpFELT8Q/D4.J03LMLP3J6aQoGfOnUK6pXV5kOhMQC2','0','0','127.0.0.1','2026-02-04 03:17:51',NULL,'admin','2026-02-04 01:34:25','',NULL,NULL,NULL);

/*!40000 ALTER TABLE `sys_user` ENABLE KEYS */;
UNLOCK TABLES;


# иҪ¬еӮЁиЎЁ sys_user_institution
# ------------------------------------------------------------

DROP TABLE IF EXISTS `sys_user_institution`;

CREATE TABLE `sys_user_institution` (
  `user_id` bigint NOT NULL COMMENT 'йҗўг„ҰеҹӣID',
  `institution_id` bigint NOT NULL COMMENT 'йҸҲзғҳзҖҜID',
  `create_time` datetime DEFAULT CURRENT_TIMESTAMP COMMENT 'йҚ’ж¶ҳзј“йҸғе •жЈҝ',
  PRIMARY KEY (`user_id`,`institution_id`),
  KEY `idx_user_id` (`user_id`),
  KEY `idx_institution_id` (`institution_id`),
  CONSTRAINT `fk_user_inst_institution` FOREIGN KEY (`institution_id`) REFERENCES `pension_institution` (`institution_id`) ON DELETE CASCADE,
  CONSTRAINT `fk_user_inst_user` FOREIGN KEY (`user_id`) REFERENCES `sys_user` (`user_id`) ON DELETE CASCADE
) ENGINE=InnoDB DEFAULT CHARSET=utf8mb4 COLLATE=utf8mb4_0900_ai_ci COMMENT='йҗўг„Ұеҹӣ-йҸҲзғҳзҖҜйҚҸе® д»Ҳзҗӣ';

LOCK TABLES `sys_user_institution` WRITE;
/*!40000 ALTER TABLE `sys_user_institution` DISABLE KEYS */;

INSERT INTO `sys_user_institution` (`user_id`, `institution_id`, `create_time`)
VALUES
	(119,29,'2026-01-25 19:16:59'),
	(119,30,'2026-01-25 19:25:44'),
	(121,31,'2026-01-26 18:20:03'),
	(121,32,'2026-01-26 18:26:26'),
	(122,33,'2026-01-27 02:19:43'),
	(122,34,'2026-01-27 02:25:25'),
	(123,36,'2026-01-27 09:58:01'),
	(123,39,'2026-01-31 22:49:06'),
	(132,41,'2026-02-01 01:12:10'),
	(132,42,'2026-02-03 00:59:33'),
	(133,43,'2026-02-04 01:34:25');

/*!40000 ALTER TABLE `sys_user_institution` ENABLE KEYS */;
UNLOCK TABLES;


# иҪ¬еӮЁиЎЁ sys_user_post
# ------------------------------------------------------------

DROP TABLE IF EXISTS `sys_user_post`;

CREATE TABLE `sys_user_post` (
  `user_id` bigint NOT NULL COMMENT 'з”ЁжҲ·ID',
  `post_id` bigint NOT NULL COMMENT 'еІ—дҪҚID',
  PRIMARY KEY (`user_id`,`post_id`)
) ENGINE=InnoDB DEFAULT CHARSET=utf8mb4 COLLATE=utf8mb4_general_ci COMMENT='з”ЁжҲ·дёҺеІ—дҪҚе…іиҒ”иЎЁ';

LOCK TABLES `sys_user_post` WRITE;
/*!40000 ALTER TABLE `sys_user_post` DISABLE KEYS */;

INSERT INTO `sys_user_post` (`user_id`, `post_id`)
VALUES
	(1,1);

/*!40000 ALTER TABLE `sys_user_post` ENABLE KEYS */;
UNLOCK TABLES;


# иҪ¬еӮЁиЎЁ sys_user_role
# ------------------------------------------------------------

DROP TABLE IF EXISTS `sys_user_role`;

CREATE TABLE `sys_user_role` (
  `user_id` bigint NOT NULL COMMENT 'з”ЁжҲ·ID',
  `role_id` bigint NOT NULL COMMENT 'и§’иүІID',
  PRIMARY KEY (`user_id`,`role_id`)
) ENGINE=InnoDB DEFAULT CHARSET=utf8mb4 COLLATE=utf8mb4_general_ci COMMENT='з”ЁжҲ·е’Ңи§’иүІе…іиҒ”иЎЁ';

LOCK TABLES `sys_user_role` WRITE;
/*!40000 ALTER TABLE `sys_user_role` DISABLE KEYS */;

INSERT INTO `sys_user_role` (`user_id`, `role_id`)
VALUES
	(1,1),
	(119,100),
	(121,100),
	(122,100),
	(123,100),
	(132,100),
	(133,100);

/*!40000 ALTER TABLE `sys_user_role` ENABLE KEYS */;
UNLOCK TABLES;


# иҪ¬еӮЁиЎЁ transaction_record
# ------------------------------------------------------------

DROP TABLE IF EXISTS `transaction_record`;

CREATE TABLE `transaction_record` (
  `transaction_id` bigint NOT NULL AUTO_INCREMENT COMMENT 'жөңгӮҶж§—ID',
  `account_id` bigint NOT NULL COMMENT 'з’җпёҪеҹӣID',
  `elder_id` bigint NOT NULL COMMENT 'й‘°дҪ·жұүID',
  `institution_id` bigint NOT NULL COMMENT 'йҸҲзғҳзҖҜID',
  `transaction_no` varchar(50) NOT NULL COMMENT 'жөңгӮҶж§—еЁҙдҪ№жҢүйҚҷ',
  `transaction_type` char(1) NOT NULL COMMENT 'жөңгӮҶж§—з»«иҜІзҖ·(1йҚҸгғЁеӨ„ 2йҚ‘йёҝеӨ„)',
  `business_type` char(1) NOT NULL COMMENT 'ж¶“ж°¬е§ҹз»«иҜІзҖ·(1зјӮзЈӢеһӮ 2йҸҲе қе®ійҺөпҪҲеһӮ 3йҺ¶еҘёеҷҫжөЈи·Ёж•Ө 4й–«?еһӮ)',
  `amount` decimal(12,2) NOT NULL COMMENT 'жөңгӮҶж§—й–ІжҲҰ?',
  `balance_before` decimal(12,2) NOT NULL COMMENT 'жөңгӮҶж§—йҚ“е¶„з¶‘жЈ°',
  `balance_after` decimal(12,2) NOT NULL COMMENT 'жөңгӮҶж§—йҚҡеәқз¶‘жЈ°',
  `service_balance` decimal(12,2) DEFAULT '0.00' COMMENT 'йҸҲе¶…е§ҹз’җйҖӣз¶‘жЈ°',
  `deposit_balance` decimal(12,2) DEFAULT '0.00' COMMENT 'йҺ¶еҘёеҷҫжөЈж¬“?',
  `member_balance` decimal(12,2) DEFAULT '0.00' COMMENT 'жөјж°¬жҶіз’җйҖӣз¶‘жЈ°',
  `transaction_date` datetime NOT NULL COMMENT 'жөңгӮҶж§—йҸғе •жЈҝ',
  `related_order_id` bigint DEFAULT NULL COMMENT 'йҚҸе® д»Ҳз’ҒгҲ еҙҹID',
  `related_transfer_id` bigint DEFAULT NULL COMMENT 'йҚҸе® д»ҲйҚ’жҺ“е«§ID',
  `counterparty` varchar(100) DEFAULT NULL COMMENT 'жөңгӮҶж§—зҖөи§„еўң',
  `business_desc` varchar(500) NOT NULL COMMENT 'ж¶“ж°¬е§ҹйҺ»еҝҡе Ә',
  `operator` varchar(64) DEFAULT NULL COMMENT 'йҺҝе¶„з¶”жөң',
  `create_time` datetime DEFAULT NULL COMMENT 'йҚ’ж¶ҳзј“йҸғе •жЈҝ',
  `remark` varchar(500) DEFAULT NULL COMMENT 'жҫ¶еӣЁж•һ',
  PRIMARY KEY (`transaction_id`),
  UNIQUE KEY `uk_transaction_no` (`transaction_no`),
  KEY `idx_account_id` (`account_id`),
  KEY `idx_elder_id` (`elder_id`),
  KEY `idx_transaction_date` (`transaction_date`),
  KEY `idx_business_type` (`business_type`)
) ENGINE=InnoDB AUTO_INCREMENT=4 DEFAULT CHARSET=utf8mb4 COLLATE=utf8mb4_0900_ai_ci COMMENT='жөңгӮҶж§—еЁҙдҪ№жҢүз’Ғжқҝз¶Қзҗӣ';



# иҪ¬еӮЁиЎЁ transfer_rule_config
# ------------------------------------------------------------

DROP TABLE IF EXISTS `transfer_rule_config`;

CREATE TABLE `transfer_rule_config` (
  `rule_id` bigint NOT NULL AUTO_INCREMENT COMMENT 'и§„еҲҷID',
  `rule_name` varchar(100) NOT NULL COMMENT 'и§„еҲҷеҗҚз§°',
  `transfer_cycle` varchar(20) NOT NULL COMMENT 'еҲ’д»ҳе‘Ёжңҹ(monthly-жҢүжңҲ,quarterly-жҢүеӯЈеәҰ,yearly-жҢүе№ҙ)',
  `transfer_day` int NOT NULL COMMENT 'еҲ’д»ҳж—Ҙжңҹ(1-31)',
  `transfer_time` varchar(5) DEFAULT '09:00' COMMENT 'еҲ’д»ҳж—¶й—ҙ(HH:mmж јејҸ)',
  `status` char(1) DEFAULT '0' COMMENT 'зҠ¶жҖҒ(0-жӯЈеёё 1-еҒңз”Ё)',
  `remark` varchar(500) DEFAULT NULL COMMENT 'еӨҮжіЁ',
  `create_by` varchar(64) DEFAULT '' COMMENT 'еҲӣе»әиҖ…',
  `create_time` datetime DEFAULT CURRENT_TIMESTAMP COMMENT 'еҲӣе»әж—¶й—ҙ',
  `update_by` varchar(64) DEFAULT '' COMMENT 'жӣҙж–°иҖ…',
  `update_time` datetime DEFAULT CURRENT_TIMESTAMP ON UPDATE CURRENT_TIMESTAMP COMMENT 'жӣҙж–°ж—¶й—ҙ',
  PRIMARY KEY (`rule_id`),
  UNIQUE KEY `uk_rule_name` (`rule_name`)
) ENGINE=InnoDB AUTO_INCREMENT=2 DEFAULT CHARSET=utf8mb4 COLLATE=utf8mb4_0900_ai_ci COMMENT='еҲ’д»ҳи§„еҲҷй…ҚзҪ®иЎЁ';

LOCK TABLES `transfer_rule_config` WRITE;
/*!40000 ALTER TABLE `transfer_rule_config` DISABLE KEYS */;

INSERT INTO `transfer_rule_config` (`rule_id`, `rule_name`, `transfer_cycle`, `transfer_day`, `transfer_time`, `status`, `remark`, `create_by`, `create_time`, `update_by`, `update_time`)
VALUES
	(1,'й»ҳи®ӨжңҲеәҰеҲ’д»ҳи§„еҲҷ','monthly',1,'00:35','0',NULL,'admin','2026-01-28 00:13:04','admin','2026-01-30 00:34:34');

/*!40000 ALTER TABLE `transfer_rule_config` ENABLE KEYS */;
UNLOCK TABLES;


# иҪ¬еӮЁиЎЁ user_favorite
# ------------------------------------------------------------

DROP TABLE IF EXISTS `user_favorite`;

CREATE TABLE `user_favorite` (
  `favorite_id` bigint NOT NULL AUTO_INCREMENT COMMENT 'ж”¶и—ҸID',
  `user_id` bigint NOT NULL COMMENT 'з”ЁжҲ·ID',
  `institution_id` bigint NOT NULL COMMENT 'жңәжһ„ID',
  `create_time` datetime DEFAULT CURRENT_TIMESTAMP COMMENT 'ж”¶и—Ҹж—¶й—ҙ',
  PRIMARY KEY (`favorite_id`),
  UNIQUE KEY `uk_user_institution` (`user_id`,`institution_id`) COMMENT 'з”ЁжҲ·жңәжһ„ж”¶и—Ҹе”ҜдёҖзәҰжқҹ',
  KEY `idx_user_id` (`user_id`) COMMENT 'з”ЁжҲ·IDзҙўеј•',
  KEY `idx_institution_id` (`institution_id`) COMMENT 'жңәжһ„IDзҙўеј•'
) ENGINE=InnoDB AUTO_INCREMENT=12 DEFAULT CHARSET=utf8mb4 COLLATE=utf8mb4_0900_ai_ci COMMENT='з”ЁжҲ·жңәжһ„ж”¶и—ҸиЎЁ';

LOCK TABLES `user_favorite` WRITE;
/*!40000 ALTER TABLE `user_favorite` DISABLE KEYS */;

INSERT INTO `user_favorite` (`favorite_id`, `user_id`, `institution_id`, `create_time`)
VALUES
	(11,130,34,'2026-02-01 01:45:29');

/*!40000 ALTER TABLE `user_favorite` ENABLE KEYS */;
UNLOCK TABLES;


# иҪ¬еӮЁиЎЁ warning_rule_config
# ------------------------------------------------------------

DROP TABLE IF EXISTS `warning_rule_config`;

CREATE TABLE `warning_rule_config` (
  `rule_id` bigint NOT NULL AUTO_INCREMENT COMMENT 'и§„еҲҷID',
  `rule_code` varchar(50) NOT NULL COMMENT 'и§„еҲҷзј–з Ғ',
  `rule_name` varchar(100) NOT NULL COMMENT 'и§„еҲҷеҗҚз§°',
  `warning_type` varchar(50) NOT NULL COMMENT 'йў„иӯҰзұ»еһӢ(1-7)',
  `threshold_value` decimal(10,2) DEFAULT NULL COMMENT 'йҳҲеҖјеҸӮж•°',
  `threshold_unit` varchar(20) DEFAULT NULL COMMENT 'йҳҲеҖјеҚ•дҪҚ(еҖҚ/е…ғ/зҷҫеҲҶжҜ”/ејҖе…і)',
  `min_value` decimal(10,2) DEFAULT NULL COMMENT 'жңҖе°ҸеҖјйҷҗеҲ¶',
  `max_value` decimal(10,2) DEFAULT NULL COMMENT 'жңҖеӨ§еҖјйҷҗеҲ¶',
  `enabled` char(1) DEFAULT '1' COMMENT 'еҗҜз”ЁзҠ¶жҖҒ(0-зҰҒз”Ё 1-еҗҜз”Ё)',
  `sort_order` int DEFAULT '0' COMMENT 'жҺ’еәҸеҸ·',
  `remark` varchar(500) DEFAULT NULL COMMENT 'еӨҮжіЁиҜҙжҳҺ',
  `create_by` varchar(64) DEFAULT '' COMMENT 'еҲӣе»әиҖ…',
  `create_time` datetime DEFAULT CURRENT_TIMESTAMP COMMENT 'еҲӣе»әж—¶й—ҙ',
  `update_by` varchar(64) DEFAULT '' COMMENT 'жӣҙж–°иҖ…',
  `update_time` datetime DEFAULT CURRENT_TIMESTAMP ON UPDATE CURRENT_TIMESTAMP COMMENT 'жӣҙж–°ж—¶й—ҙ',
  PRIMARY KEY (`rule_id`),
  UNIQUE KEY `uk_rule_code` (`rule_code`)
) ENGINE=InnoDB AUTO_INCREMENT=8 DEFAULT CHARSET=utf8mb4 COLLATE=utf8mb4_0900_ai_ci COMMENT='йў„иӯҰи§„еҲҷй…ҚзҪ®иЎЁ';

LOCK TABLES `warning_rule_config` WRITE;
/*!40000 ALTER TABLE `warning_rule_config` DISABLE KEYS */;

INSERT INTO `warning_rule_config` (`rule_id`, `rule_code`, `rule_name`, `warning_type`, `threshold_value`, `threshold_unit`, `min_value`, `max_value`, `enabled`, `sort_order`, `remark`, `create_by`, `create_time`, `update_by`, `update_time`)
VALUES
	(1,'PREPAID_FEE_EXCESS','йў„ж”¶иҙ№з”Ёи¶…йўқйў„иӯҰ','1',15.00,'еҖҚ',1.00,24.00,'1',1,'йў„ж”¶иҙ№з”Ёй«ҳдәҺжңҲиҙ№з”Ёзҡ„еҖҚж•°йў„иӯҰйҳҲеҖј','admin','2026-01-29 10:53:52','','2026-01-29 19:29:06'),
	(2,'DEPOSIT_EXCESS','жҠјйҮ‘и¶…йўқйў„иӯҰ','2',12.00,'еҖҚ',1.00,24.00,'1',2,'жҠјйҮ‘й«ҳдәҺеәҠдҪҚиҙ№з”Ёзҡ„еҖҚж•°йў„иӯҰйҳҲеҖј','admin','2026-01-29 10:53:52','','2026-01-29 10:53:52'),
	(3,'CHECKIN_EXCESS','е…ҘдҪҸдәәж•°и¶…йўқйў„иӯҰ','3',1.00,'еҖҚ',0.50,2.00,'1',3,'и¶…иҝҮеӨҮжЎҲеәҠдҪҚжҖ»ж•°зҡ„еҖҚж•°йў„иӯҰйҳҲеҖј','admin','2026-01-29 10:53:52','','2026-01-29 10:53:52'),
	(4,'SUPERVISION_EXCESS','йў„ж”¶жҖ»йўқи¶…йўқйў„иӯҰ','4',1.00,'еҖҚ',0.50,3.00,'1',4,'зӣ‘з®ЎиҙҰжҲ·дҪҷйўқи¶…еҮәеӣәе®ҡиө„дә§еҮҖйўқзҡ„еҖҚж•°йҳҲеҖј','admin','2026-01-29 10:53:52','','2026-01-29 10:53:52'),
	(5,'RISK_DEPOSIT_LOW','йЈҺйҷ©дҝқиҜҒйҮ‘и¶…дҪҺйў„иӯҰ','5',80.00,'зҷҫеҲҶжҜ”',50.00,95.00,'1',5,'иҙҰжҲ·дҪҷйўқжҺҘиҝ‘йЈҺйҷ©дҝқиҜҒйҮ‘жңҖдҪҺжҜ”дҫӢйҳҲеҖј','admin','2026-01-29 10:53:52','','2026-01-29 10:53:52'),
	(6,'LARGE_PAYMENT','еӨ§йўқж”ҜеҮәйў„иӯҰ','6',50000.00,'е…ғ',10000.00,500000.00,'1',6,'еӨ§йўқж”Ҝд»ҳйў„иӯҰйҮ‘йўқйҳҲеҖј','admin','2026-01-29 10:53:52','','2026-01-29 10:53:52'),
	(7,'COUNTERPARTY_RISK','дәӨжҳ“еҜ№ж–№й«ҳйЈҺйҷ©йў„иӯҰ','7',1.00,'ејҖе…і',NULL,NULL,'1',7,'еҗҜз”Ё/зҰҒз”ЁдәӨжҳ“еҜ№ж–№йЈҺйҷ©йў„иӯҰ','admin','2026-01-29 10:53:52','','2026-01-29 19:38:12');

/*!40000 ALTER TABLE `warning_rule_config` ENABLE KEYS */;
UNLOCK TABLES;



/*!40111 SET SQL_NOTES=@OLD_SQL_NOTES */;
/*!40101 SET SQL_MODE=@OLD_SQL_MODE */;
/*!40014 SET FOREIGN_KEY_CHECKS=@OLD_FOREIGN_KEY_CHECKS */;
/*!40101 SET CHARACTER_SET_CLIENT=@OLD_CHARACTER_SET_CLIENT */;
/*!40101 SET CHARACTER_SET_RESULTS=@OLD_CHARACTER_SET_RESULTS */;
/*!40101 SET COLLATION_CONNECTION=@OLD_COLLATION_CONNECTION */;
